C:\Program Files\dotnet\sdk\10.0.400\Sdks\Microsoft.NET.Sdk\targets\Microsoft.PackageDependencyResolution.targets(266,5): error NETSDK1005: 资产文件“C:\Users\Administrator\RiderProjects\AdvancedTimeIsland\obj\project.assets.json”没有“net8.0”的目标。确保已运行还原，且“net8.0”已包含在项目的 TargetFrameworks 中。 [C:\Users\Administrator\RiderProjects\AdvancedTimeIsland\AdvancedTimeIsland.csproj::TargetFramework=net8.0]
C:\Users\Administrator\RiderProjects\AdvancedTimeIsland\ViewModels\Main\AdvancedDateViewModel.cs(25,46): warning CS8625: 无法将 null 字面量转换为非 null 的引用类型。 [C:\Users\Administrator\RiderProjects\AdvancedTimeIsland\AdvancedTimeIsland.csproj::TargetFramework=net10.0]
C:\Users\Administrator\RiderProjects\AdvancedTimeIsland\ViewModels\Main\AdvancedDateViewModel.cs(25,88): warning CS8625: 无法将 null 字面量转换为非 null 的引用类型。 [C:\Users\Administrator\RiderProjects\AdvancedTimeIsland\AdvancedTimeIsland.csproj::TargetFramework=net10.0]
C:\Users\Administrator\RiderProjects\AdvancedTimeIsland\ViewModels\Main\AdvancedDateViewModel.cs(26,49): warning CS8625: 无法将 null 字面量转换为非 null 的引用类型。 [C:\Users\Administrator\RiderProjects\AdvancedTimeIsland\AdvancedTimeIsland.csproj::TargetFramework=net10.0]
C:\Users\Administrator\RiderProjects\AdvancedTimeIsland\ViewModels\Main\AdvancedDateViewModel.cs(26,94): warning CS8625: 无法将 null 字面量转换为非 null 的引用类型。 [C:\Users\Administrator\RiderProjects\AdvancedTimeIsland\AdvancedTimeIsland.csproj::TargetFramework=net10.0]
C:\Users\Administrator\RiderProjects\AdvancedTimeIsland\ViewModels\Main\CountdownViewModel.cs(157,51): warning CS8625: 无法将 null 字面量转换为非 null 的引用类型。 [C:\Users\Administrator\RiderProjects\AdvancedTimeIsland\AdvancedTimeIsland.csproj::TargetFramework=net10.0]
C:\Users\Administrator\RiderProjects\AdvancedTimeIsland\ViewModels\Main\CountdownViewModel.cs(158,51): warning CS8625: 无法将 null 字面量转换为非 null 的引用类型。 [C:\Users\Administrator\RiderProjects\AdvancedTimeIsland\AdvancedTimeIsland.csproj::TargetFramework=net10.0]
C:\Users\Administrator\RiderProjects\AdvancedTimeIsland\ViewModels\Main\CountdownViewModel.cs(159,51): warning CS8625: 无法将 null 字面量转换为非 null 的引用类型。 [C:\Users\Administrator\RiderProjects\AdvancedTimeIsland\AdvancedTimeIsland.csproj::TargetFramework=net10.0]
C:\Users\Administrator\RiderProjects\AdvancedTimeIsland\ViewModels\Main\CountdownViewModel.cs(160,50): warning CS8625: 无法将 null 字面量转换为非 null 的引用类型。 [C:\Users\Administrator\RiderProjects\AdvancedTimeIsland\AdvancedTimeIsland.csproj::TargetFramework=net10.0]
C:\Users\Administrator\RiderProjects\AdvancedTimeIsland\ViewModels\Main\CountdownViewModel.cs(161,51): warning CS8625: 无法将 null 字面量转换为非 null 的引用类型。 [C:\Users\Administrator\RiderProjects\AdvancedTimeIsland\AdvancedTimeIsland.csproj::TargetFramework=net10.0]
C:\Users\Administrator\RiderProjects\AdvancedTimeIsland\ViewModels\Main\DayYiJiViewModel.cs(30,49): warning CS8625: 无法将 null 字面量转换为非 null 的引用类型。 [C:\Users\Administrator\RiderProjects\AdvancedTimeIsland\AdvancedTimeIsland.csproj::TargetFramework=net10.0]
C:\Users\Administrator\RiderProjects\AdvancedTimeIsland\ViewModels\Main\DayYiJiViewModel.cs(30,95): warning CS8625: 无法将 null 字面量转换为非 null 的引用类型。 [C:\Users\Administrator\RiderProjects\AdvancedTimeIsland\AdvancedTimeIsland.csproj::TargetFramework=net10.0]
C:\Users\Administrator\RiderProjects\AdvancedTimeIsland\ViewModels\Main\DayYiJiViewModel.cs(31,48): warning CS8625: 无法将 null 字面量转换为非 null 的引用类型。 [C:\Users\Administrator\RiderProjects\AdvancedTimeIsland\AdvancedTimeIsland.csproj::TargetFramework=net10.0]
C:\Users\Administrator\RiderProjects\AdvancedTimeIsland\ViewModels\Main\DayYiJiViewModel.cs(31,93): warning CS8625: 无法将 null 字面量转换为非 null 的引用类型。 [C:\Users\Administrator\RiderProjects\AdvancedTimeIsland\AdvancedTimeIsland.csproj::TargetFramework=net10.0]
C:\Users\Administrator\RiderProjects\AdvancedTimeIsland\ViewModels\Main\DayYiJiViewModel.cs(32,48): warning CS8625: 无法将 null 字面量转换为非 null 的引用类型。 [C:\Users\Administrator\RiderProjects\AdvancedTimeIsland\AdvancedTimeIsland.csproj::TargetFramework=net10.0]
C:\Users\Administrator\RiderProjects\AdvancedTimeIsland\ViewModels\Main\DayYiJiViewModel.cs(32,93): warning CS8625: 无法将 null 字面量转换为非 null 的引用类型。 [C:\Users\Administrator\RiderProjects\AdvancedTimeIsland\AdvancedTimeIsland.csproj::TargetFramework=net10.0]
C:\Users\Administrator\RiderProjects\AdvancedTimeIsland\ViewModels\Main\FestivalViewModel.cs(28,47): warning CS8625: 无法将 null 字面量转换为非 null 的引用类型。 [C:\Users\Administrator\RiderProjects\AdvancedTimeIsland\AdvancedTimeIsland.csproj::TargetFramework=net10.0]
C:\Users\Administrator\RiderProjects\AdvancedTimeIsland\ViewModels\Main\FestivalViewModel.cs(28,90): warning CS8625: 无法将 null 字面量转换为非 null 的引用类型。 [C:\Users\Administrator\RiderProjects\AdvancedTimeIsland\AdvancedTimeIsland.csproj::TargetFramework=net10.0]
C:\Users\Administrator\RiderProjects\AdvancedTimeIsland\ViewModels\Main\FestivalViewModel.cs(29,47): warning CS8625: 无法将 null 字面量转换为非 null 的引用类型。 [C:\Users\Administrator\RiderProjects\AdvancedTimeIsland\AdvancedTimeIsland.csproj::TargetFramework=net10.0]
C:\Users\Administrator\RiderProjects\AdvancedTimeIsland\ViewModels\Main\FestivalViewModel.cs(29,90): warning CS8625: 无法将 null 字面量转换为非 null 的引用类型。 [C:\Users\Administrator\RiderProjects\AdvancedTimeIsland\AdvancedTimeIsland.csproj::TargetFramework=net10.0]
C:\Users\Administrator\RiderProjects\AdvancedTimeIsland\ViewModels\Main\ForwardTimerViewModel.cs(110,51): warning CS8625: 无法将 null 字面量转换为非 null 的引用类型。 [C:\Users\Administrator\RiderProjects\AdvancedTimeIsland\AdvancedTimeIsland.csproj::TargetFramework=net10.0]
C:\Users\Administrator\RiderProjects\AdvancedTimeIsland\ViewModels\Main\ForwardTimerViewModel.cs(111,50): warning CS8625: 无法将 null 字面量转换为非 null 的引用类型。 [C:\Users\Administrator\RiderProjects\AdvancedTimeIsland\AdvancedTimeIsland.csproj::TargetFramework=net10.0]
C:\Users\Administrator\RiderProjects\AdvancedTimeIsland\ViewModels\Main\ForwardTimerViewModel.cs(112,51): warning CS8625: 无法将 null 字面量转换为非 null 的引用类型。 [C:\Users\Administrator\RiderProjects\AdvancedTimeIsland\AdvancedTimeIsland.csproj::TargetFramework=net10.0]
C:\Users\Administrator\RiderProjects\AdvancedTimeIsland\ViewModels\Main\ForwardTimerViewModel.cs(113,50): warning CS8625: 无法将 null 字面量转换为非 null 的引用类型。 [C:\Users\Administrator\RiderProjects\AdvancedTimeIsland\AdvancedTimeIsland.csproj::TargetFramework=net10.0]
C:\Users\Administrator\RiderProjects\AdvancedTimeIsland\ViewModels\Main\ForwardTimerViewModel.cs(114,51): warning CS8625: 无法将 null 字面量转换为非 null 的引用类型。 [C:\Users\Administrator\RiderProjects\AdvancedTimeIsland\AdvancedTimeIsland.csproj::TargetFramework=net10.0]
C:\Users\Administrator\RiderProjects\AdvancedTimeIsland\ViewModels\Main\JieQiViewModel.cs(29,47): warning CS8625: 无法将 null 字面量转换为非 null 的引用类型。 [C:\Users\Administrator\RiderProjects\AdvancedTimeIsland\AdvancedTimeIsland.csproj::TargetFramework=net10.0]
C:\Users\Administrator\RiderProjects\AdvancedTimeIsland\ViewModels\Main\JieQiViewModel.cs(29,90): warning CS8625: 无法将 null 字面量转换为非 null 的引用类型。 [C:\Users\Administrator\RiderProjects\AdvancedTimeIsland\AdvancedTimeIsland.csproj::TargetFramework=net10.0]
C:\Users\Administrator\RiderProjects\AdvancedTimeIsland\ViewModels\Main\JieQiViewModel.cs(30,47): warning CS8625: 无法将 null 字面量转换为非 null 的引用类型。 [C:\Users\Administrator\RiderProjects\AdvancedTimeIsland\AdvancedTimeIsland.csproj::TargetFramework=net10.0]
C:\Users\Administrator\RiderProjects\AdvancedTimeIsland\ViewModels\Main\JieQiViewModel.cs(30,90): warning CS8625: 无法将 null 字面量转换为非 null 的引用类型。 [C:\Users\Administrator\RiderProjects\AdvancedTimeIsland\AdvancedTimeIsland.csproj::TargetFramework=net10.0]
C:\Users\Administrator\RiderProjects\AdvancedTimeIsland\ViewModels\Main\LocalSolarTimeViewModel.cs(21,135): warning CS8625: 无法将 null 字面量转换为非 null 的引用类型。 [C:\Users\Administrator\RiderProjects\AdvancedTimeIsland\AdvancedTimeIsland.csproj::TargetFramework=net10.0]
C:\Users\Administrator\RiderProjects\AdvancedTimeIsland\ViewModels\Main\LocalSolarTimeViewModel.cs(21,173): warning CS8625: 无法将 null 字面量转换为非 null 的引用类型。 [C:\Users\Administrator\RiderProjects\AdvancedTimeIsland\AdvancedTimeIsland.csproj::TargetFramework=net10.0]
C:\Users\Administrator\RiderProjects\AdvancedTimeIsland\ViewModels\Main\LunarCountdownViewModel.cs(156,51): warning CS8625: 无法将 null 字面量转换为非 null 的引用类型。 [C:\Users\Administrator\RiderProjects\AdvancedTimeIsland\AdvancedTimeIsland.csproj::TargetFramework=net10.0]
C:\Users\Administrator\RiderProjects\AdvancedTimeIsland\ViewModels\Main\LunarCountdownViewModel.cs(157,50): warning CS8625: 无法将 null 字面量转换为非 null 的引用类型。 [C:\Users\Administrator\RiderProjects\AdvancedTimeIsland\AdvancedTimeIsland.csproj::TargetFramework=net10.0]
C:\Users\Administrator\RiderProjects\AdvancedTimeIsland\ViewModels\Main\LunarCountdownViewModel.cs(158,51): warning CS8625: 无法将 null 字面量转换为非 null 的引用类型。 [C:\Users\Administrator\RiderProjects\AdvancedTimeIsland\AdvancedTimeIsland.csproj::TargetFramework=net10.0]
C:\Users\Administrator\RiderProjects\AdvancedTimeIsland\ViewModels\Main\LunarCountdownViewModel.cs(159,50): warning CS8625: 无法将 null 字面量转换为非 null 的引用类型。 [C:\Users\Administrator\RiderProjects\AdvancedTimeIsland\AdvancedTimeIsland.csproj::TargetFramework=net10.0]
C:\Users\Administrator\RiderProjects\AdvancedTimeIsland\ViewModels\Main\LunarCountdownViewModel.cs(160,51): warning CS8625: 无法将 null 字面量转换为非 null 的引用类型。 [C:\Users\Administrator\RiderProjects\AdvancedTimeIsland\AdvancedTimeIsland.csproj::TargetFramework=net10.0]
C:\Users\Administrator\RiderProjects\AdvancedTimeIsland\ViewModels\Main\NextFestivalCountdownViewModel.cs(38,47): warning CS8625: 无法将 null 字面量转换为非 null 的引用类型。 [C:\Users\Administrator\RiderProjects\AdvancedTimeIsland\AdvancedTimeIsland.csproj::TargetFramework=net10.0]
C:\Users\Administrator\RiderProjects\AdvancedTimeIsland\ViewModels\Main\NextFestivalCountdownViewModel.cs(38,90): warning CS8625: 无法将 null 字面量转换为非 null 的引用类型。 [C:\Users\Administrator\RiderProjects\AdvancedTimeIsland\AdvancedTimeIsland.csproj::TargetFramework=net10.0]
C:\Users\Administrator\RiderProjects\AdvancedTimeIsland\ViewModels\Main\NextFestivalCountdownViewModel.cs(39,46): warning CS8625: 无法将 null 字面量转换为非 null 的引用类型。 [C:\Users\Administrator\RiderProjects\AdvancedTimeIsland\AdvancedTimeIsland.csproj::TargetFramework=net10.0]
C:\Users\Administrator\RiderProjects\AdvancedTimeIsland\ViewModels\Main\NextFestivalCountdownViewModel.cs(39,88): warning CS8625: 无法将 null 字面量转换为非 null 的引用类型。 [C:\Users\Administrator\RiderProjects\AdvancedTimeIsland\AdvancedTimeIsland.csproj::TargetFramework=net10.0]
C:\Users\Administrator\RiderProjects\AdvancedTimeIsland\ViewModels\Main\NextFestivalCountdownViewModel.cs(40,47): warning CS8625: 无法将 null 字面量转换为非 null 的引用类型。 [C:\Users\Administrator\RiderProjects\AdvancedTimeIsland\AdvancedTimeIsland.csproj::TargetFramework=net10.0]
C:\Users\Administrator\RiderProjects\AdvancedTimeIsland\ViewModels\Main\NextFestivalCountdownViewModel.cs(40,90): warning CS8625: 无法将 null 字面量转换为非 null 的引用类型。 [C:\Users\Administrator\RiderProjects\AdvancedTimeIsland\AdvancedTimeIsland.csproj::TargetFramework=net10.0]
C:\Users\Administrator\RiderProjects\AdvancedTimeIsland\ViewModels\Main\NextFestivalCountdownViewModel.cs(41,46): warning CS8625: 无法将 null 字面量转换为非 null 的引用类型。 [C:\Users\Administrator\RiderProjects\AdvancedTimeIsland\AdvancedTimeIsland.csproj::TargetFramework=net10.0]
C:\Users\Administrator\RiderProjects\AdvancedTimeIsland\ViewModels\Main\NextFestivalCountdownViewModel.cs(41,88): warning CS8625: 无法将 null 字面量转换为非 null 的引用类型。 [C:\Users\Administrator\RiderProjects\AdvancedTimeIsland\AdvancedTimeIsland.csproj::TargetFramework=net10.0]
C:\Users\Administrator\RiderProjects\AdvancedTimeIsland\ViewModels\Main\NextXingZuoCountdownViewModel.cs(37,47): warning CS8625: 无法将 null 字面量转换为非 null 的引用类型。 [C:\Users\Administrator\RiderProjects\AdvancedTimeIsland\AdvancedTimeIsland.csproj::TargetFramework=net10.0]
C:\Users\Administrator\RiderProjects\AdvancedTimeIsland\ViewModels\Main\NextXingZuoCountdownViewModel.cs(37,90): warning CS8625: 无法将 null 字面量转换为非 null 的引用类型。 [C:\Users\Administrator\RiderProjects\AdvancedTimeIsland\AdvancedTimeIsland.csproj::TargetFramework=net10.0]
C:\Users\Administrator\RiderProjects\AdvancedTimeIsland\ViewModels\Main\NextXingZuoCountdownViewModel.cs(38,46): warning CS8625: 无法将 null 字面量转换为非 null 的引用类型。 [C:\Users\Administrator\RiderProjects\AdvancedTimeIsland\AdvancedTimeIsland.csproj::TargetFramework=net10.0]
C:\Users\Administrator\RiderProjects\AdvancedTimeIsland\ViewModels\Main\NextXingZuoCountdownViewModel.cs(38,88): warning CS8625: 无法将 null 字面量转换为非 null 的引用类型。 [C:\Users\Administrator\RiderProjects\AdvancedTimeIsland\AdvancedTimeIsland.csproj::TargetFramework=net10.0]
C:\Users\Administrator\RiderProjects\AdvancedTimeIsland\ViewModels\Main\NextXingZuoCountdownViewModel.cs(39,47): warning CS8625: 无法将 null 字面量转换为非 null 的引用类型。 [C:\Users\Administrator\RiderProjects\AdvancedTimeIsland\AdvancedTimeIsland.csproj::TargetFramework=net10.0]
C:\Users\Administrator\RiderProjects\AdvancedTimeIsland\ViewModels\Main\NextXingZuoCountdownViewModel.cs(39,90): warning CS8625: 无法将 null 字面量转换为非 null 的引用类型。 [C:\Users\Administrator\RiderProjects\AdvancedTimeIsland\AdvancedTimeIsland.csproj::TargetFramework=net10.0]
C:\Users\Administrator\RiderProjects\AdvancedTimeIsland\ViewModels\Main\NextXingZuoCountdownViewModel.cs(40,46): warning CS8625: 无法将 null 字面量转换为非 null 的引用类型。 [C:\Users\Administrator\RiderProjects\AdvancedTimeIsland\AdvancedTimeIsland.csproj::TargetFramework=net10.0]
C:\Users\Administrator\RiderProjects\AdvancedTimeIsland\ViewModels\Main\NextXingZuoCountdownViewModel.cs(40,88): warning CS8625: 无法将 null 字面量转换为非 null 的引用类型。 [C:\Users\Administrator\RiderProjects\AdvancedTimeIsland\AdvancedTimeIsland.csproj::TargetFramework=net10.0]
C:\Users\Administrator\RiderProjects\AdvancedTimeIsland\ViewModels\Main\NextJieQiCountdownViewModel.cs(38,47): warning CS8625: 无法将 null 字面量转换为非 null 的引用类型。 [C:\Users\Administrator\RiderProjects\AdvancedTimeIsland\AdvancedTimeIsland.csproj::TargetFramework=net10.0]
C:\Users\Administrator\RiderProjects\AdvancedTimeIsland\ViewModels\Main\NextJieQiCountdownViewModel.cs(38,90): warning CS8625: 无法将 null 字面量转换为非 null 的引用类型。 [C:\Users\Administrator\RiderProjects\AdvancedTimeIsland\AdvancedTimeIsland.csproj::TargetFramework=net10.0]
C:\Users\Administrator\RiderProjects\AdvancedTimeIsland\ViewModels\Main\NextJieQiCountdownViewModel.cs(39,46): warning CS8625: 无法将 null 字面量转换为非 null 的引用类型。 [C:\Users\Administrator\RiderProjects\AdvancedTimeIsland\AdvancedTimeIsland.csproj::TargetFramework=net10.0]
C:\Users\Administrator\RiderProjects\AdvancedTimeIsland\ViewModels\Main\NextJieQiCountdownViewModel.cs(39,88): warning CS8625: 无法将 null 字面量转换为非 null 的引用类型。 [C:\Users\Administrator\RiderProjects\AdvancedTimeIsland\AdvancedTimeIsland.csproj::TargetFramework=net10.0]
C:\Users\Administrator\RiderProjects\AdvancedTimeIsland\ViewModels\Main\NextJieQiCountdownViewModel.cs(40,47): warning CS8625: 无法将 null 字面量转换为非 null 的引用类型。 [C:\Users\Administrator\RiderProjects\AdvancedTimeIsland\AdvancedTimeIsland.csproj::TargetFramework=net10.0]
C:\Users\Administrator\RiderProjects\AdvancedTimeIsland\ViewModels\Main\NextJieQiCountdownViewModel.cs(40,90): warning CS8625: 无法将 null 字面量转换为非 null 的引用类型。 [C:\Users\Administrator\RiderProjects\AdvancedTimeIsland\AdvancedTimeIsland.csproj::TargetFramework=net10.0]
C:\Users\Administrator\RiderProjects\AdvancedTimeIsland\ViewModels\Main\NextJieQiCountdownViewModel.cs(41,46): warning CS8625: 无法将 null 字面量转换为非 null 的引用类型。 [C:\Users\Administrator\RiderProjects\AdvancedTimeIsland\AdvancedTimeIsland.csproj::TargetFramework=net10.0]
C:\Users\Administrator\RiderProjects\AdvancedTimeIsland\ViewModels\Main\NextJieQiCountdownViewModel.cs(41,88): warning CS8625: 无法将 null 字面量转换为非 null 的引用类型。 [C:\Users\Administrator\RiderProjects\AdvancedTimeIsland\AdvancedTimeIsland.csproj::TargetFramework=net10.0]
C:\Users\Administrator\RiderProjects\AdvancedTimeIsland\ViewModels\Main\PeriodicCountdownViewModel.cs(156,51): warning CS8625: 无法将 null 字面量转换为非 null 的引用类型。 [C:\Users\Administrator\RiderProjects\AdvancedTimeIsland\AdvancedTimeIsland.csproj::TargetFramework=net10.0]
C:\Users\Administrator\RiderProjects\AdvancedTimeIsland\ViewModels\Main\PeriodicCountdownViewModel.cs(157,51): warning CS8625: 无法将 null 字面量转换为非 null 的引用类型。 [C:\Users\Administrator\RiderProjects\AdvancedTimeIsland\AdvancedTimeIsland.csproj::TargetFramework=net10.0]
C:\Users\Administrator\RiderProjects\AdvancedTimeIsland\ViewModels\Main\PeriodicCountdownViewModel.cs(158,51): warning CS8625: 无法将 null 字面量转换为非 null 的引用类型。 [C:\Users\Administrator\RiderProjects\AdvancedTimeIsland\AdvancedTimeIsland.csproj::TargetFramework=net10.0]
C:\Users\Administrator\RiderProjects\AdvancedTimeIsland\ViewModels\Main\PeriodicCountdownViewModel.cs(159,50): warning CS8625: 无法将 null 字面量转换为非 null 的引用类型。 [C:\Users\Administrator\RiderProjects\AdvancedTimeIsland\AdvancedTimeIsland.csproj::TargetFramework=net10.0]
C:\Users\Administrator\RiderProjects\AdvancedTimeIsland\ViewModels\Main\PeriodicCountdownViewModel.cs(160,51): warning CS8625: 无法将 null 字面量转换为非 null 的引用类型。 [C:\Users\Administrator\RiderProjects\AdvancedTimeIsland\AdvancedTimeIsland.csproj::TargetFramework=net10.0]
C:\Users\Administrator\RiderProjects\AdvancedTimeIsland\ViewModels\Main\ShengXiaoViewModel.cs(27,47): warning CS8625: 无法将 null 字面量转换为非 null 的引用类型。 [C:\Users\Administrator\RiderProjects\AdvancedTimeIsland\AdvancedTimeIsland.csproj::TargetFramework=net10.0]
C:\Users\Administrator\RiderProjects\AdvancedTimeIsland\ViewModels\Main\ShengXiaoViewModel.cs(27,90): warning CS8625: 无法将 null 字面量转换为非 null 的引用类型。 [C:\Users\Administrator\RiderProjects\AdvancedTimeIsland\AdvancedTimeIsland.csproj::TargetFramework=net10.0]
C:\Users\Administrator\RiderProjects\AdvancedTimeIsland\ViewModels\Main\ShengXiaoViewModel.cs(28,47): warning CS8625: 无法将 null 字面量转换为非 null 的引用类型。 [C:\Users\Administrator\RiderProjects\AdvancedTimeIsland\AdvancedTimeIsland.csproj::TargetFramework=net10.0]
C:\Users\Administrator\RiderProjects\AdvancedTimeIsland\ViewModels\Main\ShengXiaoViewModel.cs(28,90): warning CS8625: 无法将 null 字面量转换为非 null 的引用类型。 [C:\Users\Administrator\RiderProjects\AdvancedTimeIsland\AdvancedTimeIsland.csproj::TargetFramework=net10.0]
C:\Users\Administrator\RiderProjects\AdvancedTimeIsland\ViewModels\Main\SunriseSunsetViewModel.cs(32,58): warning CS8625: 无法将 null 字面量转换为非 null 的引用类型。 [C:\Users\Administrator\RiderProjects\AdvancedTimeIsland\AdvancedTimeIsland.csproj::TargetFramework=net10.0]
C:\Users\Administrator\RiderProjects\AdvancedTimeIsland\ViewModels\Main\SunriseSunsetViewModel.cs(33,57): warning CS8625: 无法将 null 字面量转换为非 null 的引用类型。 [C:\Users\Administrator\RiderProjects\AdvancedTimeIsland\AdvancedTimeIsland.csproj::TargetFramework=net10.0]
C:\Users\Administrator\RiderProjects\AdvancedTimeIsland\ViewModels\Main\SunriseSunsetViewModel.cs(34,57): warning CS8625: 无法将 null 字面量转换为非 null 的引用类型。 [C:\Users\Administrator\RiderProjects\AdvancedTimeIsland\AdvancedTimeIsland.csproj::TargetFramework=net10.0]
C:\Users\Administrator\RiderProjects\AdvancedTimeIsland\ViewModels\Main\SunriseSunsetViewModel.cs(35,56): warning CS8625: 无法将 null 字面量转换为非 null 的引用类型。 [C:\Users\Administrator\RiderProjects\AdvancedTimeIsland\AdvancedTimeIsland.csproj::TargetFramework=net10.0]
C:\Users\Administrator\RiderProjects\AdvancedTimeIsland\ViewModels\Main\SunriseSunsetViewModel.cs(36,57): warning CS8625: 无法将 null 字面量转换为非 null 的引用类型。 [C:\Users\Administrator\RiderProjects\AdvancedTimeIsland\AdvancedTimeIsland.csproj::TargetFramework=net10.0]
C:\Users\Administrator\RiderProjects\AdvancedTimeIsland\ViewModels\Main\SunriseSunsetViewModel.cs(37,56): warning CS8625: 无法将 null 字面量转换为非 null 的引用类型。 [C:\Users\Administrator\RiderProjects\AdvancedTimeIsland\AdvancedTimeIsland.csproj::TargetFramework=net10.0]
C:\Users\Administrator\RiderProjects\AdvancedTimeIsland\ViewModels\Main\SunriseSunsetViewModel.cs(38,56): warning CS8625: 无法将 null 字面量转换为非 null 的引用类型。 [C:\Users\Administrator\RiderProjects\AdvancedTimeIsland\AdvancedTimeIsland.csproj::TargetFramework=net10.0]
C:\Users\Administrator\RiderProjects\AdvancedTimeIsland\ViewModels\Main\SunriseSunsetViewModel.cs(39,55): warning CS8625: 无法将 null 字面量转换为非 null 的引用类型。 [C:\Users\Administrator\RiderProjects\AdvancedTimeIsland\AdvancedTimeIsland.csproj::TargetFramework=net10.0]
C:\Users\Administrator\RiderProjects\AdvancedTimeIsland\ViewModels\Main\TimeZoneTimeViewModel.cs(21,131): warning CS8625: 无法将 null 字面量转换为非 null 的引用类型。 [C:\Users\Administrator\RiderProjects\AdvancedTimeIsland\AdvancedTimeIsland.csproj::TargetFramework=net10.0]
C:\Users\Administrator\RiderProjects\AdvancedTimeIsland\ViewModels\Main\TimeZoneTimeViewModel.cs(21,169): warning CS8625: 无法将 null 字面量转换为非 null 的引用类型。 [C:\Users\Administrator\RiderProjects\AdvancedTimeIsland\AdvancedTimeIsland.csproj::TargetFramework=net10.0]
C:\Users\Administrator\RiderProjects\AdvancedTimeIsland\ViewModels\Main\TomorrowYiJiViewModel.cs(35,49): warning CS8625: 无法将 null 字面量转换为非 null 的引用类型。 [C:\Users\Administrator\RiderProjects\AdvancedTimeIsland\AdvancedTimeIsland.csproj::TargetFramework=net10.0]
C:\Users\Administrator\RiderProjects\AdvancedTimeIsland\ViewModels\Main\TomorrowYiJiViewModel.cs(35,94): warning CS8625: 无法将 null 字面量转换为非 null 的引用类型。 [C:\Users\Administrator\RiderProjects\AdvancedTimeIsland\AdvancedTimeIsland.csproj::TargetFramework=net10.0]
C:\Users\Administrator\RiderProjects\AdvancedTimeIsland\ViewModels\Main\TomorrowYiJiViewModel.cs(36,48): warning CS8625: 无法将 null 字面量转换为非 null 的引用类型。 [C:\Users\Administrator\RiderProjects\AdvancedTimeIsland\AdvancedTimeIsland.csproj::TargetFramework=net10.0]
C:\Users\Administrator\RiderProjects\AdvancedTimeIsland\ViewModels\Main\TomorrowYiJiViewModel.cs(36,94): warning CS8625: 无法将 null 字面量转换为非 null 的引用类型。 [C:\Users\Administrator\RiderProjects\AdvancedTimeIsland\AdvancedTimeIsland.csproj::TargetFramework=net10.0]
C:\Users\Administrator\RiderProjects\AdvancedTimeIsland\ViewModels\Main\TomorrowYiJiViewModel.cs(37,48): warning CS8625: 无法将 null 字面量转换为非 null 的引用类型。 [C:\Users\Administrator\RiderProjects\AdvancedTimeIsland\AdvancedTimeIsland.csproj::TargetFramework=net10.0]
C:\Users\Administrator\RiderProjects\AdvancedTimeIsland\ViewModels\Main\TomorrowYiJiViewModel.cs(37,93): warning CS8625: 无法将 null 字面量转换为非 null 的引用类型。 [C:\Users\Administrator\RiderProjects\AdvancedTimeIsland\AdvancedTimeIsland.csproj::TargetFramework=net10.0]
C:\Users\Administrator\RiderProjects\AdvancedTimeIsland\ViewModels\Main\XingZuoViewModel.cs(26,47): warning CS8625: 无法将 null 字面量转换为非 null 的引用类型。 [C:\Users\Administrator\RiderProjects\AdvancedTimeIsland\AdvancedTimeIsland.csproj::TargetFramework=net10.0]
C:\Users\Administrator\RiderProjects\AdvancedTimeIsland\ViewModels\Main\XingZuoViewModel.cs(26,90): warning CS8625: 无法将 null 字面量转换为非 null 的引用类型。 [C:\Users\Administrator\RiderProjects\AdvancedTimeIsland\AdvancedTimeIsland.csproj::TargetFramework=net10.0]
C:\Users\Administrator\RiderProjects\AdvancedTimeIsland\ViewModels\Main\XingZuoViewModel.cs(27,47): warning CS8625: 无法将 null 字面量转换为非 null 的引用类型。 [C:\Users\Administrator\RiderProjects\AdvancedTimeIsland\AdvancedTimeIsland.csproj::TargetFramework=net10.0]
C:\Users\Administrator\RiderProjects\AdvancedTimeIsland\ViewModels\Main\XingZuoViewModel.cs(27,90): warning CS8625: 无法将 null 字面量转换为非 null 的引用类型。 [C:\Users\Administrator\RiderProjects\AdvancedTimeIsland\AdvancedTimeIsland.csproj::TargetFramework=net10.0]
C:\Users\Administrator\RiderProjects\AdvancedTimeIsland\Automation\Actions\SyncTimeAction.cs(30,9): warning CS4014: 由于此调用不会等待，因此在此调用完成之前将会继续执行当前方法。请考虑将 "await" 运算符应用于调用结果。 [C:\Users\Administrator\RiderProjects\AdvancedTimeIsland\AdvancedTimeIsland.csproj::TargetFramework=net10.0]
C:\Users\Administrator\RiderProjects\AdvancedTimeIsland\Automation\Actions\SyncTimeAction.cs(15,9): warning CS4014: 由于此调用不会等待，因此在此调用完成之前将会继续执行当前方法。请考虑将 "await" 运算符应用于调用结果。 [C:\Users\Administrator\RiderProjects\AdvancedTimeIsland\AdvancedTimeIsland.csproj::TargetFramework=net10.0]
C:\Users\Administrator\RiderProjects\AdvancedTimeIsland\Views\Settings\TimeConverterPage.cs(319,9): warning CS8602: 解引用可能出现空引用。 [C:\Users\Administrator\RiderProjects\AdvancedTimeIsland\AdvancedTimeIsland.csproj::TargetFramework=net10.0]
C:\Users\Administrator\RiderProjects\AdvancedTimeIsland\Views\Settings\TimeConverterPage.cs(393,9): warning CS8602: 解引用可能出现空引用。 [C:\Users\Administrator\RiderProjects\AdvancedTimeIsland\AdvancedTimeIsland.csproj::TargetFramework=net10.0]
C:\Users\Administrator\RiderProjects\AdvancedTimeIsland\Views\Settings\TimeConverterPage.cs(546,9): warning CS8602: 解引用可能出现空引用。 [C:\Users\Administrator\RiderProjects\AdvancedTimeIsland\AdvancedTimeIsland.csproj::TargetFramework=net10.0]
C:\Users\Administrator\RiderProjects\AdvancedTimeIsland\Automation\Rules\XingZuoRuleSettingsControl.cs(12,12): warning CS8618: 在退出构造函数时，不可为 null 的 字段 "_xingZuoComboBox" 必须包含非 null 值。请考虑添加 "required" 修饰符或将该 字段 声明为可为 null。 [C:\Users\Administrator\RiderProjects\AdvancedTimeIsland\AdvancedTimeIsland.csproj::TargetFramework=net10.0]
C:\Users\Administrator\RiderProjects\AdvancedTimeIsland\Views\Settings\TimeConverterPage.cs(625,9): warning CS8602: 解引用可能出现空引用。 [C:\Users\Administrator\RiderProjects\AdvancedTimeIsland\AdvancedTimeIsland.csproj::TargetFramework=net10.0]
C:\Users\Administrator\RiderProjects\AdvancedTimeIsland\Views\Settings\TimeConverterPage.cs(734,9): warning CS8602: 解引用可能出现空引用。 [C:\Users\Administrator\RiderProjects\AdvancedTimeIsland\AdvancedTimeIsland.csproj::TargetFramework=net10.0]
C:\Users\Administrator\RiderProjects\AdvancedTimeIsland\Views\Settings\TimeConverterPage.cs(764,9): warning CS8602: 解引用可能出现空引用。 [C:\Users\Administrator\RiderProjects\AdvancedTimeIsland\AdvancedTimeIsland.csproj::TargetFramework=net10.0]
C:\Users\Administrator\RiderProjects\AdvancedTimeIsland\Views\Settings\TimeConverterPage.cs(800,13): warning CS0618: “TextBox.Watermark”已过时:“Use PlaceholderText instead.” [C:\Users\Administrator\RiderProjects\AdvancedTimeIsland\AdvancedTimeIsland.csproj::TargetFramework=net10.0]
C:\Users\Administrator\RiderProjects\AdvancedTimeIsland\Views\Settings\TimeConverterPage.cs(794,9): warning CS8602: 解引用可能出现空引用。 [C:\Users\Administrator\RiderProjects\AdvancedTimeIsland\AdvancedTimeIsland.csproj::TargetFramework=net10.0]
C:\Users\Administrator\RiderProjects\AdvancedTimeIsland\Views\Settings\TimeConverterPage.cs(824,9): warning CS8602: 解引用可能出现空引用。 [C:\Users\Administrator\RiderProjects\AdvancedTimeIsland\AdvancedTimeIsland.csproj::TargetFramework=net10.0]
C:\Users\Administrator\RiderProjects\AdvancedTimeIsland\Views\Settings\TimeConverterPage.cs(896,9): warning CS8602: 解引用可能出现空引用。 [C:\Users\Administrator\RiderProjects\AdvancedTimeIsland\AdvancedTimeIsland.csproj::TargetFramework=net10.0]
C:\Users\Administrator\RiderProjects\AdvancedTimeIsland\Automation\Triggers\UnixTimestampIntervalTriggerSettingsControl.cs(90,13): warning CS0618: “TextBox.Watermark”已过时:“Use PlaceholderText instead.” [C:\Users\Administrator\RiderProjects\AdvancedTimeIsland\AdvancedTimeIsland.csproj::TargetFramework=net10.0]
C:\Users\Administrator\RiderProjects\AdvancedTimeIsland\Views\Settings\TimeConverterPage.cs(939,9): warning CS8602: 解引用可能出现空引用。 [C:\Users\Administrator\RiderProjects\AdvancedTimeIsland\AdvancedTimeIsland.csproj::TargetFramework=net10.0]
C:\Users\Administrator\RiderProjects\AdvancedTimeIsland\Automation\Triggers\UnixTimestampIntervalTriggerSettingsControl.cs(131,13): warning CS0618: “TextBox.Watermark”已过时:“Use PlaceholderText instead.” [C:\Users\Administrator\RiderProjects\AdvancedTimeIsland\AdvancedTimeIsland.csproj::TargetFramework=net10.0]
C:\Users\Administrator\RiderProjects\AdvancedTimeIsland\Views\Main\XingZuoSettingsControl.cs(41,12): warning CS8618: 在退出构造函数时，不可为 null 的 字段 "_labelColorPicker" 必须包含非 null 值。请考虑添加 "required" 修饰符或将该 字段 声明为可为 null。 [C:\Users\Administrator\RiderProjects\AdvancedTimeIsland\AdvancedTimeIsland.csproj::TargetFramework=net10.0]
C:\Users\Administrator\RiderProjects\AdvancedTimeIsland\Views\Main\XingZuoSettingsControl.cs(41,12): warning CS8618: 在退出构造函数时，不可为 null 的 字段 "_labelFontSizeNumericUpDown" 必须包含非 null 值。请考虑添加 "required" 修饰符或将该 字段 声明为可为 null。 [C:\Users\Administrator\RiderProjects\AdvancedTimeIsland\AdvancedTimeIsland.csproj::TargetFramework=net10.0]
C:\Users\Administrator\RiderProjects\AdvancedTimeIsland\Views\Main\XingZuoSettingsControl.cs(41,12): warning CS8618: 在退出构造函数时，不可为 null 的 字段 "_valueColorPicker" 必须包含非 null 值。请考虑添加 "required" 修饰符或将该 字段 声明为可为 null。 [C:\Users\Administrator\RiderProjects\AdvancedTimeIsland\AdvancedTimeIsland.csproj::TargetFramework=net10.0]
C:\Users\Administrator\RiderProjects\AdvancedTimeIsland\Views\Main\XingZuoSettingsControl.cs(41,12): warning CS8618: 在退出构造函数时，不可为 null 的 字段 "_valueFontSizeNumericUpDown" 必须包含非 null 值。请考虑添加 "required" 修饰符或将该 字段 声明为可为 null。 [C:\Users\Administrator\RiderProjects\AdvancedTimeIsland\AdvancedTimeIsland.csproj::TargetFramework=net10.0]
C:\Users\Administrator\RiderProjects\AdvancedTimeIsland\Views\Main\XingZuoSettingsControl.cs(41,12): warning CS8618: 在退出构造函数时，不可为 null 的 字段 "_labelEnableCustomFontSizeToggle" 必须包含非 null 值。请考虑添加 "required" 修饰符或将该 字段 声明为可为 null。 [C:\Users\Administrator\RiderProjects\AdvancedTimeIsland\AdvancedTimeIsland.csproj::TargetFramework=net10.0]
C:\Users\Administrator\RiderProjects\AdvancedTimeIsland\Views\Main\XingZuoSettingsControl.cs(41,12): warning CS8618: 在退出构造函数时，不可为 null 的 字段 "_labelEnableCustomFontColorToggle" 必须包含非 null 值。请考虑添加 "required" 修饰符或将该 字段 声明为可为 null。 [C:\Users\Administrator\RiderProjects\AdvancedTimeIsland\AdvancedTimeIsland.csproj::TargetFramework=net10.0]
C:\Users\Administrator\RiderProjects\AdvancedTimeIsland\Views\Main\XingZuoSettingsControl.cs(41,12): warning CS8618: 在退出构造函数时，不可为 null 的 字段 "_valueEnableCustomFontSizeToggle" 必须包含非 null 值。请考虑添加 "required" 修饰符或将该 字段 声明为可为 null。 [C:\Users\Administrator\RiderProjects\AdvancedTimeIsland\AdvancedTimeIsland.csproj::TargetFramework=net10.0]
C:\Users\Administrator\RiderProjects\AdvancedTimeIsland\Views\Main\XingZuoSettingsControl.cs(41,12): warning CS8618: 在退出构造函数时，不可为 null 的 字段 "_valueEnableCustomFontColorToggle" 必须包含非 null 值。请考虑添加 "required" 修饰符或将该 字段 声明为可为 null。 [C:\Users\Administrator\RiderProjects\AdvancedTimeIsland\AdvancedTimeIsland.csproj::TargetFramework=net10.0]
C:\Users\Administrator\RiderProjects\AdvancedTimeIsland\Views\Main\XingZuoSettingsControl.cs(41,12): warning CS8618: 在退出构造函数时，不可为 null 的 字段 "_labelEnableCustomFontFamilyToggle" 必须包含非 null 值。请考虑添加 "required" 修饰符或将该 字段 声明为可为 null。 [C:\Users\Administrator\RiderProjects\AdvancedTimeIsland\AdvancedTimeIsland.csproj::TargetFramework=net10.0]
C:\Users\Administrator\RiderProjects\AdvancedTimeIsland\Views\Main\XingZuoSettingsControl.cs(41,12): warning CS8618: 在退出构造函数时，不可为 null 的 字段 "_valueEnableCustomFontFamilyToggle" 必须包含非 null 值。请考虑添加 "required" 修饰符或将该 字段 声明为可为 null。 [C:\Users\Administrator\RiderProjects\AdvancedTimeIsland\AdvancedTimeIsland.csproj::TargetFramework=net10.0]
C:\Users\Administrator\RiderProjects\AdvancedTimeIsland\Views\Main\XingZuoSettingsControl.cs(41,12): warning CS8618: 在退出构造函数时，不可为 null 的 字段 "_labelEnableCustomFontWeightToggle" 必须包含非 null 值。请考虑添加 "required" 修饰符或将该 字段 声明为可为 null。 [C:\Users\Administrator\RiderProjects\AdvancedTimeIsland\AdvancedTimeIsland.csproj::TargetFramework=net10.0]
C:\Users\Administrator\RiderProjects\AdvancedTimeIsland\Views\Main\XingZuoSettingsControl.cs(41,12): warning CS8618: 在退出构造函数时，不可为 null 的 字段 "_valueEnableCustomFontWeightToggle" 必须包含非 null 值。请考虑添加 "required" 修饰符或将该 字段 声明为可为 null。 [C:\Users\Administrator\RiderProjects\AdvancedTimeIsland\AdvancedTimeIsland.csproj::TargetFramework=net10.0]
C:\Users\Administrator\RiderProjects\AdvancedTimeIsland\Views\Main\XingZuoSettingsControl.cs(41,12): warning CS8618: 在退出构造函数时，不可为 null 的 字段 "_labelFontFamilyComboBox" 必须包含非 null 值。请考虑添加 "required" 修饰符或将该 字段 声明为可为 null。 [C:\Users\Administrator\RiderProjects\AdvancedTimeIsland\AdvancedTimeIsland.csproj::TargetFramework=net10.0]
C:\Users\Administrator\RiderProjects\AdvancedTimeIsland\Views\Main\XingZuoSettingsControl.cs(41,12): warning CS8618: 在退出构造函数时，不可为 null 的 字段 "_valueFontFamilyComboBox" 必须包含非 null 值。请考虑添加 "required" 修饰符或将该 字段 声明为可为 null。 [C:\Users\Administrator\RiderProjects\AdvancedTimeIsland\AdvancedTimeIsland.csproj::TargetFramework=net10.0]
C:\Users\Administrator\RiderProjects\AdvancedTimeIsland\Views\Main\XingZuoSettingsControl.cs(41,12): warning CS8618: 在退出构造函数时，不可为 null 的 字段 "_labelFontWeightComboBox" 必须包含非 null 值。请考虑添加 "required" 修饰符或将该 字段 声明为可为 null。 [C:\Users\Administrator\RiderProjects\AdvancedTimeIsland\AdvancedTimeIsland.csproj::TargetFramework=net10.0]
C:\Users\Administrator\RiderProjects\AdvancedTimeIsland\Views\Main\XingZuoSettingsControl.cs(41,12): warning CS8618: 在退出构造函数时，不可为 null 的 字段 "_valueFontWeightComboBox" 必须包含非 null 值。请考虑添加 "required" 修饰符或将该 字段 声明为可为 null。 [C:\Users\Administrator\RiderProjects\AdvancedTimeIsland\AdvancedTimeIsland.csproj::TargetFramework=net10.0]
C:\Users\Administrator\RiderProjects\AdvancedTimeIsland\Views\Main\XingZuoSettingsControl.cs(41,12): warning CS8618: 在退出构造函数时，不可为 null 的 字段 "_labelTitleTextBlock" 必须包含非 null 值。请考虑添加 "required" 修饰符或将该 字段 声明为可为 null。 [C:\Users\Administrator\RiderProjects\AdvancedTimeIsland\AdvancedTimeIsland.csproj::TargetFramework=net10.0]
C:\Users\Administrator\RiderProjects\AdvancedTimeIsland\Views\Main\XingZuoSettingsControl.cs(41,12): warning CS8618: 在退出构造函数时，不可为 null 的 字段 "_labelColorLabelTextBlock" 必须包含非 null 值。请考虑添加 "required" 修饰符或将该 字段 声明为可为 null。 [C:\Users\Administrator\RiderProjects\AdvancedTimeIsland\AdvancedTimeIsland.csproj::TargetFramework=net10.0]
C:\Users\Administrator\RiderProjects\AdvancedTimeIsland\Views\Main\XingZuoSettingsControl.cs(41,12): warning CS8618: 在退出构造函数时，不可为 null 的 字段 "_labelFontSizeLabelTextBlock" 必须包含非 null 值。请考虑添加 "required" 修饰符或将该 字段 声明为可为 null。 [C:\Users\Administrator\RiderProjects\AdvancedTimeIsland\AdvancedTimeIsland.csproj::TargetFramework=net10.0]
C:\Users\Administrator\RiderProjects\AdvancedTimeIsland\Views\Main\XingZuoSettingsControl.cs(41,12): warning CS8618: 在退出构造函数时，不可为 null 的 字段 "_valueTitleTextBlock" 必须包含非 null 值。请考虑添加 "required" 修饰符或将该 字段 声明为可为 null。 [C:\Users\Administrator\RiderProjects\AdvancedTimeIsland\AdvancedTimeIsland.csproj::TargetFramework=net10.0]
C:\Users\Administrator\RiderProjects\AdvancedTimeIsland\Views\Main\XingZuoSettingsControl.cs(41,12): warning CS8618: 在退出构造函数时，不可为 null 的 字段 "_valueColorLabelTextBlock" 必须包含非 null 值。请考虑添加 "required" 修饰符或将该 字段 声明为可为 null。 [C:\Users\Administrator\RiderProjects\AdvancedTimeIsland\AdvancedTimeIsland.csproj::TargetFramework=net10.0]
C:\Users\Administrator\RiderProjects\AdvancedTimeIsland\Views\Main\XingZuoSettingsControl.cs(41,12): warning CS8618: 在退出构造函数时，不可为 null 的 字段 "_valueFontSizeLabelTextBlock" 必须包含非 null 值。请考虑添加 "required" 修饰符或将该 字段 声明为可为 null。 [C:\Users\Administrator\RiderProjects\AdvancedTimeIsland\AdvancedTimeIsland.csproj::TargetFramework=net10.0]
C:\Users\Administrator\RiderProjects\AdvancedTimeIsland\Views\Settings\TimeConverterPage.cs(992,9): warning CS8602: 解引用可能出现空引用。 [C:\Users\Administrator\RiderProjects\AdvancedTimeIsland\AdvancedTimeIsland.csproj::TargetFramework=net10.0]
C:\Users\Administrator\RiderProjects\AdvancedTimeIsland\Views\Settings\TimeConverterPage.cs(1012,13): warning CS8602: 解引用可能出现空引用。 [C:\Users\Administrator\RiderProjects\AdvancedTimeIsland\AdvancedTimeIsland.csproj::TargetFramework=net10.0]
C:\Users\Administrator\RiderProjects\AdvancedTimeIsland\Views\Settings\AboutPage.cs(280,9): warning CS4014: 由于此调用不会等待，因此在此调用完成之前将会继续执行当前方法。请考虑将 "await" 运算符应用于调用结果。 [C:\Users\Administrator\RiderProjects\AdvancedTimeIsland\AdvancedTimeIsland.csproj::TargetFramework=net10.0]
C:\Users\Administrator\RiderProjects\AdvancedTimeIsland\Views\Settings\AboutPage.cs(280,74): warning CS8604: “Task<object> FluentAvaloniaCompatibilityHelper.ShowContentDialogAsync(object dialog, TopLevel topLevel)”中的形参“topLevel”可能传入 null 引用实参。 [C:\Users\Administrator\RiderProjects\AdvancedTimeIsland\AdvancedTimeIsland.csproj::TargetFramework=net10.0]
C:\Users\Administrator\RiderProjects\AdvancedTimeIsland\Views\Main\XingZuoControl.cs(30,12): warning CS8618: 在退出构造函数时，不可为 null 的 字段 "vm" 必须包含非 null 值。请考虑添加 "required" 修饰符或将该 字段 声明为可为 null。 [C:\Users\Administrator\RiderProjects\AdvancedTimeIsland\AdvancedTimeIsland.csproj::TargetFramework=net10.0]
C:\Users\Administrator\RiderProjects\AdvancedTimeIsland\Views\Main\XingZuoControl.cs(30,12): warning CS8618: 在退出构造函数时，不可为 null 的 字段 "labelTb" 必须包含非 null 值。请考虑添加 "required" 修饰符或将该 字段 声明为可为 null。 [C:\Users\Administrator\RiderProjects\AdvancedTimeIsland\AdvancedTimeIsland.csproj::TargetFramework=net10.0]
C:\Users\Administrator\RiderProjects\AdvancedTimeIsland\Views\Main\XingZuoControl.cs(30,12): warning CS8618: 在退出构造函数时，不可为 null 的 字段 "valueTb" 必须包含非 null 值。请考虑添加 "required" 修饰符或将该 字段 声明为可为 null。 [C:\Users\Administrator\RiderProjects\AdvancedTimeIsland\AdvancedTimeIsland.csproj::TargetFramework=net10.0]
C:\Users\Administrator\RiderProjects\AdvancedTimeIsland\Views\Main\XingZuoControl.cs(30,12): warning CS8618: 在退出构造函数时，不可为 null 的 字段 "rootBorder" 必须包含非 null 值。请考虑添加 "required" 修饰符或将该 字段 声明为可为 null。 [C:\Users\Administrator\RiderProjects\AdvancedTimeIsland\AdvancedTimeIsland.csproj::TargetFramework=net10.0]
C:\Users\Administrator\RiderProjects\AdvancedTimeIsland\Helpers\DisplayHelper.cs(57,41): warning CS8625: 无法将 null 字面量转换为非 null 的引用类型。 [C:\Users\Administrator\RiderProjects\AdvancedTimeIsland\AdvancedTimeIsland.csproj::TargetFramework=net10.0]
C:\Users\Administrator\RiderProjects\AdvancedTimeIsland\Views\Main\TomorrowYiJiSettingsControl.cs(73,12): warning CS8618: 在退出构造函数时，不可为 null 的 字段 "_yiLabelFontSizeNumericUpDown" 必须包含非 null 值。请考虑添加 "required" 修饰符或将该 字段 声明为可为 null。 [C:\Users\Administrator\RiderProjects\AdvancedTimeIsland\AdvancedTimeIsland.csproj::TargetFramework=net10.0]
C:\Users\Administrator\RiderProjects\AdvancedTimeIsland\Views\Main\TomorrowYiJiSettingsControl.cs(73,12): warning CS8618: 在退出构造函数时，不可为 null 的 字段 "_yiLabelFontColorPicker" 必须包含非 null 值。请考虑添加 "required" 修饰符或将该 字段 声明为可为 null。 [C:\Users\Administrator\RiderProjects\AdvancedTimeIsland\AdvancedTimeIsland.csproj::TargetFramework=net10.0]
C:\Users\Administrator\RiderProjects\AdvancedTimeIsland\Views\Main\TomorrowYiJiSettingsControl.cs(73,12): warning CS8618: 在退出构造函数时，不可为 null 的 字段 "_yiValueFontSizeNumericUpDown" 必须包含非 null 值。请考虑添加 "required" 修饰符或将该 字段 声明为可为 null。 [C:\Users\Administrator\RiderProjects\AdvancedTimeIsland\AdvancedTimeIsland.csproj::TargetFramework=net10.0]
C:\Users\Administrator\RiderProjects\AdvancedTimeIsland\Views\Main\TomorrowYiJiSettingsControl.cs(73,12): warning CS8618: 在退出构造函数时，不可为 null 的 字段 "_jiLabelFontSizeNumericUpDown" 必须包含非 null 值。请考虑添加 "required" 修饰符或将该 字段 声明为可为 null。 [C:\Users\Administrator\RiderProjects\AdvancedTimeIsland\AdvancedTimeIsland.csproj::TargetFramework=net10.0]
C:\Users\Administrator\RiderProjects\AdvancedTimeIsland\Views\Main\TomorrowYiJiSettingsControl.cs(73,12): warning CS8618: 在退出构造函数时，不可为 null 的 字段 "_jiLabelFontColorPicker" 必须包含非 null 值。请考虑添加 "required" 修饰符或将该 字段 声明为可为 null。 [C:\Users\Administrator\RiderProjects\AdvancedTimeIsland\AdvancedTimeIsland.csproj::TargetFramework=net10.0]
C:\Users\Administrator\RiderProjects\AdvancedTimeIsland\Views\Main\TomorrowYiJiSettingsControl.cs(73,12): warning CS8618: 在退出构造函数时，不可为 null 的 字段 "_jiValueFontSizeNumericUpDown" 必须包含非 null 值。请考虑添加 "required" 修饰符或将该 字段 声明为可为 null。 [C:\Users\Administrator\RiderProjects\AdvancedTimeIsland\AdvancedTimeIsland.csproj::TargetFramework=net10.0]
C:\Users\Administrator\RiderProjects\AdvancedTimeIsland\Views\Main\TomorrowYiJiSettingsControl.cs(73,12): warning CS8618: 在退出构造函数时，不可为 null 的 字段 "_yiLabelEnableCustomFontSizeToggle" 必须包含非 null 值。请考虑添加 "required" 修饰符或将该 字段 声明为可为 null。 [C:\Users\Administrator\RiderProjects\AdvancedTimeIsland\AdvancedTimeIsland.csproj::TargetFramework=net10.0]
C:\Users\Administrator\RiderProjects\AdvancedTimeIsland\Views\Main\TomorrowYiJiSettingsControl.cs(73,12): warning CS8618: 在退出构造函数时，不可为 null 的 字段 "_yiLabelEnableCustomFontColorToggle" 必须包含非 null 值。请考虑添加 "required" 修饰符或将该 字段 声明为可为 null。 [C:\Users\Administrator\RiderProjects\AdvancedTimeIsland\AdvancedTimeIsland.csproj::TargetFramework=net10.0]
C:\Users\Administrator\RiderProjects\AdvancedTimeIsland\Views\Main\TomorrowYiJiSettingsControl.cs(73,12): warning CS8618: 在退出构造函数时，不可为 null 的 字段 "_yiLabelEnableCustomFontFamilyToggle" 必须包含非 null 值。请考虑添加 "required" 修饰符或将该 字段 声明为可为 null。 [C:\Users\Administrator\RiderProjects\AdvancedTimeIsland\AdvancedTimeIsland.csproj::TargetFramework=net10.0]
C:\Users\Administrator\RiderProjects\AdvancedTimeIsland\Views\Main\TomorrowYiJiSettingsControl.cs(73,12): warning CS8618: 在退出构造函数时，不可为 null 的 字段 "_yiLabelEnableCustomFontWeightToggle" 必须包含非 null 值。请考虑添加 "required" 修饰符或将该 字段 声明为可为 null。 [C:\Users\Administrator\RiderProjects\AdvancedTimeIsland\AdvancedTimeIsland.csproj::TargetFramework=net10.0]
C:\Users\Administrator\RiderProjects\AdvancedTimeIsland\Views\Main\TomorrowYiJiSettingsControl.cs(73,12): warning CS8618: 在退出构造函数时，不可为 null 的 字段 "_yiValueEnableCustomFontSizeToggle" 必须包含非 null 值。请考虑添加 "required" 修饰符或将该 字段 声明为可为 null。 [C:\Users\Administrator\RiderProjects\AdvancedTimeIsland\AdvancedTimeIsland.csproj::TargetFramework=net10.0]
C:\Users\Administrator\RiderProjects\AdvancedTimeIsland\Views\Main\TomorrowYiJiSettingsControl.cs(73,12): warning CS8618: 在退出构造函数时，不可为 null 的 字段 "_yiValueEnableCustomFontFamilyToggle" 必须包含非 null 值。请考虑添加 "required" 修饰符或将该 字段 声明为可为 null。 [C:\Users\Administrator\RiderProjects\AdvancedTimeIsland\AdvancedTimeIsland.csproj::TargetFramework=net10.0]
C:\Users\Administrator\RiderProjects\AdvancedTimeIsland\Views\Main\TomorrowYiJiSettingsControl.cs(73,12): warning CS8618: 在退出构造函数时，不可为 null 的 字段 "_yiValueEnableCustomFontWeightToggle" 必须包含非 null 值。请考虑添加 "required" 修饰符或将该 字段 声明为可为 null。 [C:\Users\Administrator\RiderProjects\AdvancedTimeIsland\AdvancedTimeIsland.csproj::TargetFramework=net10.0]
C:\Users\Administrator\RiderProjects\AdvancedTimeIsland\Views\Main\TomorrowYiJiSettingsControl.cs(73,12): warning CS8618: 在退出构造函数时，不可为 null 的 字段 "_jiLabelEnableCustomFontSizeToggle" 必须包含非 null 值。请考虑添加 "required" 修饰符或将该 字段 声明为可为 null。 [C:\Users\Administrator\RiderProjects\AdvancedTimeIsland\AdvancedTimeIsland.csproj::TargetFramework=net10.0]
C:\Users\Administrator\RiderProjects\AdvancedTimeIsland\Views\Main\TomorrowYiJiSettingsControl.cs(73,12): warning CS8618: 在退出构造函数时，不可为 null 的 字段 "_jiLabelEnableCustomFontColorToggle" 必须包含非 null 值。请考虑添加 "required" 修饰符或将该 字段 声明为可为 null。 [C:\Users\Administrator\RiderProjects\AdvancedTimeIsland\AdvancedTimeIsland.csproj::TargetFramework=net10.0]
C:\Users\Administrator\RiderProjects\AdvancedTimeIsland\Views\Main\TomorrowYiJiSettingsControl.cs(73,12): warning CS8618: 在退出构造函数时，不可为 null 的 字段 "_jiLabelEnableCustomFontFamilyToggle" 必须包含非 null 值。请考虑添加 "required" 修饰符或将该 字段 声明为可为 null。 [C:\Users\Administrator\RiderProjects\AdvancedTimeIsland\AdvancedTimeIsland.csproj::TargetFramework=net10.0]
C:\Users\Administrator\RiderProjects\AdvancedTimeIsland\Views\Main\TomorrowYiJiSettingsControl.cs(73,12): warning CS8618: 在退出构造函数时，不可为 null 的 字段 "_jiLabelEnableCustomFontWeightToggle" 必须包含非 null 值。请考虑添加 "required" 修饰符或将该 字段 声明为可为 null。 [C:\Users\Administrator\RiderProjects\AdvancedTimeIsland\AdvancedTimeIsland.csproj::TargetFramework=net10.0]
C:\Users\Administrator\RiderProjects\AdvancedTimeIsland\Views\Main\TomorrowYiJiSettingsControl.cs(73,12): warning CS8618: 在退出构造函数时，不可为 null 的 字段 "_jiValueEnableCustomFontSizeToggle" 必须包含非 null 值。请考虑添加 "required" 修饰符或将该 字段 声明为可为 null。 [C:\Users\Administrator\RiderProjects\AdvancedTimeIsland\AdvancedTimeIsland.csproj::TargetFramework=net10.0]
C:\Users\Administrator\RiderProjects\AdvancedTimeIsland\Views\Main\TomorrowYiJiSettingsControl.cs(73,12): warning CS8618: 在退出构造函数时，不可为 null 的 字段 "_jiValueEnableCustomFontFamilyToggle" 必须包含非 null 值。请考虑添加 "required" 修饰符或将该 字段 声明为可为 null。 [C:\Users\Administrator\RiderProjects\AdvancedTimeIsland\AdvancedTimeIsland.csproj::TargetFramework=net10.0]
C:\Users\Administrator\RiderProjects\AdvancedTimeIsland\Views\Main\TomorrowYiJiSettingsControl.cs(73,12): warning CS8618: 在退出构造函数时，不可为 null 的 字段 "_jiValueEnableCustomFontWeightToggle" 必须包含非 null 值。请考虑添加 "required" 修饰符或将该 字段 声明为可为 null。 [C:\Users\Administrator\RiderProjects\AdvancedTimeIsland\AdvancedTimeIsland.csproj::TargetFramework=net10.0]
C:\Users\Administrator\RiderProjects\AdvancedTimeIsland\Views\Main\TomorrowYiJiSettingsControl.cs(73,12): warning CS8618: 在退出构造函数时，不可为 null 的 字段 "_yiLabelFontFamilyComboBox" 必须包含非 null 值。请考虑添加 "required" 修饰符或将该 字段 声明为可为 null。 [C:\Users\Administrator\RiderProjects\AdvancedTimeIsland\AdvancedTimeIsland.csproj::TargetFramework=net10.0]
C:\Users\Administrator\RiderProjects\AdvancedTimeIsland\Views\Main\TomorrowYiJiSettingsControl.cs(73,12): warning CS8618: 在退出构造函数时，不可为 null 的 字段 "_yiValueFontFamilyComboBox" 必须包含非 null 值。请考虑添加 "required" 修饰符或将该 字段 声明为可为 null。 [C:\Users\Administrator\RiderProjects\AdvancedTimeIsland\AdvancedTimeIsland.csproj::TargetFramework=net10.0]
C:\Users\Administrator\RiderProjects\AdvancedTimeIsland\Views\Main\TomorrowYiJiSettingsControl.cs(73,12): warning CS8618: 在退出构造函数时，不可为 null 的 字段 "_jiLabelFontFamilyComboBox" 必须包含非 null 值。请考虑添加 "required" 修饰符或将该 字段 声明为可为 null。 [C:\Users\Administrator\RiderProjects\AdvancedTimeIsland\AdvancedTimeIsland.csproj::TargetFramework=net10.0]
C:\Users\Administrator\RiderProjects\AdvancedTimeIsland\Views\Main\TomorrowYiJiSettingsControl.cs(73,12): warning CS8618: 在退出构造函数时，不可为 null 的 字段 "_jiValueFontFamilyComboBox" 必须包含非 null 值。请考虑添加 "required" 修饰符或将该 字段 声明为可为 null。 [C:\Users\Administrator\RiderProjects\AdvancedTimeIsland\AdvancedTimeIsland.csproj::TargetFramework=net10.0]
C:\Users\Administrator\RiderProjects\AdvancedTimeIsland\Views\Main\TomorrowYiJiSettingsControl.cs(73,12): warning CS8618: 在退出构造函数时，不可为 null 的 字段 "_yiLabelFontWeightComboBox" 必须包含非 null 值。请考虑添加 "required" 修饰符或将该 字段 声明为可为 null。 [C:\Users\Administrator\RiderProjects\AdvancedTimeIsland\AdvancedTimeIsland.csproj::TargetFramework=net10.0]
C:\Users\Administrator\RiderProjects\AdvancedTimeIsland\Views\Main\TomorrowYiJiSettingsControl.cs(73,12): warning CS8618: 在退出构造函数时，不可为 null 的 字段 "_yiValueFontWeightComboBox" 必须包含非 null 值。请考虑添加 "required" 修饰符或将该 字段 声明为可为 null。 [C:\Users\Administrator\RiderProjects\AdvancedTimeIsland\AdvancedTimeIsland.csproj::TargetFramework=net10.0]
C:\Users\Administrator\RiderProjects\AdvancedTimeIsland\Views\Main\TomorrowYiJiSettingsControl.cs(73,12): warning CS8618: 在退出构造函数时，不可为 null 的 字段 "_jiLabelFontWeightComboBox" 必须包含非 null 值。请考虑添加 "required" 修饰符或将该 字段 声明为可为 null。 [C:\Users\Administrator\RiderProjects\AdvancedTimeIsland\AdvancedTimeIsland.csproj::TargetFramework=net10.0]
C:\Users\Administrator\RiderProjects\AdvancedTimeIsland\Views\Main\TomorrowYiJiSettingsControl.cs(73,12): warning CS8618: 在退出构造函数时，不可为 null 的 字段 "_jiValueFontWeightComboBox" 必须包含非 null 值。请考虑添加 "required" 修饰符或将该 字段 声明为可为 null。 [C:\Users\Administrator\RiderProjects\AdvancedTimeIsland\AdvancedTimeIsland.csproj::TargetFramework=net10.0]
C:\Users\Administrator\RiderProjects\AdvancedTimeIsland\Views\Main\TomorrowYiJiSettingsControl.cs(73,12): warning CS8618: 在退出构造函数时，不可为 null 的 字段 "_displayModeComboBox" 必须包含非 null 值。请考虑添加 "required" 修饰符或将该 字段 声明为可为 null。 [C:\Users\Administrator\RiderProjects\AdvancedTimeIsland\AdvancedTimeIsland.csproj::TargetFramework=net10.0]
C:\Users\Administrator\RiderProjects\AdvancedTimeIsland\Views\Main\TomorrowYiJiSettingsControl.cs(73,12): warning CS8618: 在退出构造函数时，不可为 null 的 字段 "_displayModeLabel" 必须包含非 null 值。请考虑添加 "required" 修饰符或将该 字段 声明为可为 null。 [C:\Users\Administrator\RiderProjects\AdvancedTimeIsland\AdvancedTimeIsland.csproj::TargetFramework=net10.0]
C:\Users\Administrator\RiderProjects\AdvancedTimeIsland\Views\Main\TomorrowYiJiSettingsControl.cs(73,12): warning CS8618: 在退出构造函数时，不可为 null 的 字段 "_yiLabelTitle" 必须包含非 null 值。请考虑添加 "required" 修饰符或将该 字段 声明为可为 null。 [C:\Users\Administrator\RiderProjects\AdvancedTimeIsland\AdvancedTimeIsland.csproj::TargetFramework=net10.0]
C:\Users\Administrator\RiderProjects\AdvancedTimeIsland\Views\Main\TomorrowYiJiSettingsControl.cs(73,12): warning CS8618: 在退出构造函数时，不可为 null 的 字段 "_yiLabelColorLabel" 必须包含非 null 值。请考虑添加 "required" 修饰符或将该 字段 声明为可为 null。 [C:\Users\Administrator\RiderProjects\AdvancedTimeIsland\AdvancedTimeIsland.csproj::TargetFramework=net10.0]
C:\Users\Administrator\RiderProjects\AdvancedTimeIsland\Views\Main\TomorrowYiJiSettingsControl.cs(73,12): warning CS8618: 在退出构造函数时，不可为 null 的 字段 "_yiLabelFontSizeLabel" 必须包含非 null 值。请考虑添加 "required" 修饰符或将该 字段 声明为可为 null。 [C:\Users\Administrator\RiderProjects\AdvancedTimeIsland\AdvancedTimeIsland.csproj::TargetFramework=net10.0]
C:\Users\Administrator\RiderProjects\AdvancedTimeIsland\Views\Main\TomorrowYiJiSettingsControl.cs(73,12): warning CS8618: 在退出构造函数时，不可为 null 的 字段 "_yiValueTitle" 必须包含非 null 值。请考虑添加 "required" 修饰符或将该 字段 声明为可为 null。 [C:\Users\Administrator\RiderProjects\AdvancedTimeIsland\AdvancedTimeIsland.csproj::TargetFramework=net10.0]
C:\Users\Administrator\RiderProjects\AdvancedTimeIsland\Views\Main\TomorrowYiJiSettingsControl.cs(73,12): warning CS8618: 在退出构造函数时，不可为 null 的 字段 "_yiValueColorNote" 必须包含非 null 值。请考虑添加 "required" 修饰符或将该 字段 声明为可为 null。 [C:\Users\Administrator\RiderProjects\AdvancedTimeIsland\AdvancedTimeIsland.csproj::TargetFramework=net10.0]
C:\Users\Administrator\RiderProjects\AdvancedTimeIsland\Views\Main\TomorrowYiJiSettingsControl.cs(73,12): warning CS8618: 在退出构造函数时，不可为 null 的 字段 "_yiValueFontSizeLabel" 必须包含非 null 值。请考虑添加 "required" 修饰符或将该 字段 声明为可为 null。 [C:\Users\Administrator\RiderProjects\AdvancedTimeIsland\AdvancedTimeIsland.csproj::TargetFramework=net10.0]
C:\Users\Administrator\RiderProjects\AdvancedTimeIsland\Views\Main\TomorrowYiJiSettingsControl.cs(73,12): warning CS8618: 在退出构造函数时，不可为 null 的 字段 "_jiLabelTitle" 必须包含非 null 值。请考虑添加 "required" 修饰符或将该 字段 声明为可为 null。 [C:\Users\Administrator\RiderProjects\AdvancedTimeIsland\AdvancedTimeIsland.csproj::TargetFramework=net10.0]
C:\Users\Administrator\RiderProjects\AdvancedTimeIsland\Views\Main\TomorrowYiJiSettingsControl.cs(73,12): warning CS8618: 在退出构造函数时，不可为 null 的 字段 "_jiLabelColorLabel" 必须包含非 null 值。请考虑添加 "required" 修饰符或将该 字段 声明为可为 null。 [C:\Users\Administrator\RiderProjects\AdvancedTimeIsland\AdvancedTimeIsland.csproj::TargetFramework=net10.0]
C:\Users\Administrator\RiderProjects\AdvancedTimeIsland\Views\Main\TomorrowYiJiSettingsControl.cs(73,12): warning CS8618: 在退出构造函数时，不可为 null 的 字段 "_jiLabelFontSizeLabel" 必须包含非 null 值。请考虑添加 "required" 修饰符或将该 字段 声明为可为 null。 [C:\Users\Administrator\RiderProjects\AdvancedTimeIsland\AdvancedTimeIsland.csproj::TargetFramework=net10.0]
C:\Users\Administrator\RiderProjects\AdvancedTimeIsland\Views\Main\TomorrowYiJiSettingsControl.cs(73,12): warning CS8618: 在退出构造函数时，不可为 null 的 字段 "_jiValueTitle" 必须包含非 null 值。请考虑添加 "required" 修饰符或将该 字段 声明为可为 null。 [C:\Users\Administrator\RiderProjects\AdvancedTimeIsland\AdvancedTimeIsland.csproj::TargetFramework=net10.0]
C:\Users\Administrator\RiderProjects\AdvancedTimeIsland\Views\Main\TomorrowYiJiSettingsControl.cs(73,12): warning CS8618: 在退出构造函数时，不可为 null 的 字段 "_jiValueColorNote" 必须包含非 null 值。请考虑添加 "required" 修饰符或将该 字段 声明为可为 null。 [C:\Users\Administrator\RiderProjects\AdvancedTimeIsland\AdvancedTimeIsland.csproj::TargetFramework=net10.0]
C:\Users\Administrator\RiderProjects\AdvancedTimeIsland\Views\Main\TomorrowYiJiSettingsControl.cs(73,12): warning CS8618: 在退出构造函数时，不可为 null 的 字段 "_jiValueFontSizeLabel" 必须包含非 null 值。请考虑添加 "required" 修饰符或将该 字段 声明为可为 null。 [C:\Users\Administrator\RiderProjects\AdvancedTimeIsland\AdvancedTimeIsland.csproj::TargetFramework=net10.0]
C:\Users\Administrator\RiderProjects\AdvancedTimeIsland\Views\Main\TomorrowYiJiSettingsControl.cs(73,12): warning CS8618: 在退出构造函数时，不可为 null 的 字段 "_yiLabelFontFamilyLabel" 必须包含非 null 值。请考虑添加 "required" 修饰符或将该 字段 声明为可为 null。 [C:\Users\Administrator\RiderProjects\AdvancedTimeIsland\AdvancedTimeIsland.csproj::TargetFramework=net10.0]
C:\Users\Administrator\RiderProjects\AdvancedTimeIsland\Views\Main\TomorrowYiJiSettingsControl.cs(73,12): warning CS8618: 在退出构造函数时，不可为 null 的 字段 "_yiLabelFontWeightLabel" 必须包含非 null 值。请考虑添加 "required" 修饰符或将该 字段 声明为可为 null。 [C:\Users\Administrator\RiderProjects\AdvancedTimeIsland\AdvancedTimeIsland.csproj::TargetFramework=net10.0]
C:\Users\Administrator\RiderProjects\AdvancedTimeIsland\Views\Main\TomorrowYiJiSettingsControl.cs(73,12): warning CS8618: 在退出构造函数时，不可为 null 的 字段 "_yiValueFontFamilyLabel" 必须包含非 null 值。请考虑添加 "required" 修饰符或将该 字段 声明为可为 null。 [C:\Users\Administrator\RiderProjects\AdvancedTimeIsland\AdvancedTimeIsland.csproj::TargetFramework=net10.0]
C:\Users\Administrator\RiderProjects\AdvancedTimeIsland\Views\Main\TomorrowYiJiSettingsControl.cs(73,12): warning CS8618: 在退出构造函数时，不可为 null 的 字段 "_yiValueFontWeightLabel" 必须包含非 null 值。请考虑添加 "required" 修饰符或将该 字段 声明为可为 null。 [C:\Users\Administrator\RiderProjects\AdvancedTimeIsland\AdvancedTimeIsland.csproj::TargetFramework=net10.0]
C:\Users\Administrator\RiderProjects\AdvancedTimeIsland\Views\Main\TomorrowYiJiSettingsControl.cs(73,12): warning CS8618: 在退出构造函数时，不可为 null 的 字段 "_jiLabelFontFamilyLabel" 必须包含非 null 值。请考虑添加 "required" 修饰符或将该 字段 声明为可为 null。 [C:\Users\Administrator\RiderProjects\AdvancedTimeIsland\AdvancedTimeIsland.csproj::TargetFramework=net10.0]
C:\Users\Administrator\RiderProjects\AdvancedTimeIsland\Views\Main\TomorrowYiJiSettingsControl.cs(73,12): warning CS8618: 在退出构造函数时，不可为 null 的 字段 "_jiLabelFontWeightLabel" 必须包含非 null 值。请考虑添加 "required" 修饰符或将该 字段 声明为可为 null。 [C:\Users\Administrator\RiderProjects\AdvancedTimeIsland\AdvancedTimeIsland.csproj::TargetFramework=net10.0]
C:\Users\Administrator\RiderProjects\AdvancedTimeIsland\Views\Main\TomorrowYiJiSettingsControl.cs(73,12): warning CS8618: 在退出构造函数时，不可为 null 的 字段 "_jiValueFontFamilyLabel" 必须包含非 null 值。请考虑添加 "required" 修饰符或将该 字段 声明为可为 null。 [C:\Users\Administrator\RiderProjects\AdvancedTimeIsland\AdvancedTimeIsland.csproj::TargetFramework=net10.0]
C:\Users\Administrator\RiderProjects\AdvancedTimeIsland\Views\Main\TomorrowYiJiSettingsControl.cs(73,12): warning CS8618: 在退出构造函数时，不可为 null 的 字段 "_jiValueFontWeightLabel" 必须包含非 null 值。请考虑添加 "required" 修饰符或将该 字段 声明为可为 null。 [C:\Users\Administrator\RiderProjects\AdvancedTimeIsland\AdvancedTimeIsland.csproj::TargetFramework=net10.0]
C:\Users\Administrator\RiderProjects\AdvancedTimeIsland\Views\Main\TomorrowYiJiSettingsControl.cs(73,12): warning CS8618: 在退出构造函数时，不可为 null 的 字段 "_yiLabelTextBox" 必须包含非 null 值。请考虑添加 "required" 修饰符或将该 字段 声明为可为 null。 [C:\Users\Administrator\RiderProjects\AdvancedTimeIsland\AdvancedTimeIsland.csproj::TargetFramework=net10.0]
C:\Users\Administrator\RiderProjects\AdvancedTimeIsland\Views\Main\TomorrowYiJiSettingsControl.cs(73,12): warning CS8618: 在退出构造函数时，不可为 null 的 字段 "_jiLabelTextBox" 必须包含非 null 值。请考虑添加 "required" 修饰符或将该 字段 声明为可为 null。 [C:\Users\Administrator\RiderProjects\AdvancedTimeIsland\AdvancedTimeIsland.csproj::TargetFramework=net10.0]
C:\Users\Administrator\RiderProjects\AdvancedTimeIsland\Views\Main\TomorrowYiJiSettingsControl.cs(73,12): warning CS8618: 在退出构造函数时，不可为 null 的 字段 "_yiLabelTextLabel" 必须包含非 null 值。请考虑添加 "required" 修饰符或将该 字段 声明为可为 null。 [C:\Users\Administrator\RiderProjects\AdvancedTimeIsland\AdvancedTimeIsland.csproj::TargetFramework=net10.0]
C:\Users\Administrator\RiderProjects\AdvancedTimeIsland\Views\Main\TomorrowYiJiSettingsControl.cs(73,12): warning CS8618: 在退出构造函数时，不可为 null 的 字段 "_jiLabelTextLabel" 必须包含非 null 值。请考虑添加 "required" 修饰符或将该 字段 声明为可为 null。 [C:\Users\Administrator\RiderProjects\AdvancedTimeIsland\AdvancedTimeIsland.csproj::TargetFramework=net10.0]
C:\Users\Administrator\RiderProjects\AdvancedTimeIsland\Helpers\FluentAvaloniaCompatibilityHelper.cs(116,65): warning CS8604: “Delegate FluentAvaloniaCompatibilityHelper.ConvertEventHandler(EventHandler handler, Type targetDelegateType)”中的形参“targetDelegateType”可能传入 null 引用实参。 [C:\Users\Administrator\RiderProjects\AdvancedTimeIsland\AdvancedTimeIsland.csproj::TargetFramework=net10.0]
C:\Users\Administrator\RiderProjects\AdvancedTimeIsland\Helpers\FluentAvaloniaCompatibilityHelper.cs(190,65): warning CS8604: “Delegate FluentAvaloniaCompatibilityHelper.ConvertEventHandler(EventHandler handler, Type targetDelegateType)”中的形参“targetDelegateType”可能传入 null 引用实参。 [C:\Users\Administrator\RiderProjects\AdvancedTimeIsland\AdvancedTimeIsland.csproj::TargetFramework=net10.0]
C:\Users\Administrator\RiderProjects\AdvancedTimeIsland\Helpers\FluentAvaloniaCompatibilityHelper.cs(198,20): warning CS8603: 可能返回 null 引用。 [C:\Users\Administrator\RiderProjects\AdvancedTimeIsland\AdvancedTimeIsland.csproj::TargetFramework=net10.0]
C:\Users\Administrator\RiderProjects\AdvancedTimeIsland\Helpers\FluentAvaloniaCompatibilityHelper.cs(246,71): warning CS8604: “Delegate FluentAvaloniaCompatibilityHelper.ConvertRoutedEventHandler(EventHandler<RoutedEventArgs> handler, Type targetDelegateType)”中的形参“targetDelegateType”可能传入 null 引用实参。 [C:\Users\Administrator\RiderProjects\AdvancedTimeIsland\AdvancedTimeIsland.csproj::TargetFramework=net10.0]
C:\Users\Administrator\RiderProjects\AdvancedTimeIsland\Helpers\FluentAvaloniaCompatibilityHelper.cs(254,20): warning CS8603: 可能返回 null 引用。 [C:\Users\Administrator\RiderProjects\AdvancedTimeIsland\AdvancedTimeIsland.csproj::TargetFramework=net10.0]
C:\Users\Administrator\RiderProjects\AdvancedTimeIsland\Helpers\FluentAvaloniaCompatibilityHelper.cs(302,71): warning CS8604: “Delegate FluentAvaloniaCompatibilityHelper.ConvertRoutedEventHandler(EventHandler<RoutedEventArgs> handler, Type targetDelegateType)”中的形参“targetDelegateType”可能传入 null 引用实参。 [C:\Users\Administrator\RiderProjects\AdvancedTimeIsland\AdvancedTimeIsland.csproj::TargetFramework=net10.0]
C:\Users\Administrator\RiderProjects\AdvancedTimeIsland\Helpers\FluentAvaloniaCompatibilityHelper.cs(320,71): warning CS8604: “Delegate FluentAvaloniaCompatibilityHelper.ConvertRoutedEventHandler(EventHandler<RoutedEventArgs> handler, Type targetDelegateType)”中的形参“targetDelegateType”可能传入 null 引用实参。 [C:\Users\Administrator\RiderProjects\AdvancedTimeIsland\AdvancedTimeIsland.csproj::TargetFramework=net10.0]
C:\Users\Administrator\RiderProjects\AdvancedTimeIsland\Helpers\FluentAvaloniaCompatibilityHelper.cs(335,71): warning CS8604: “Delegate FluentAvaloniaCompatibilityHelper.ConvertRoutedEventHandler(EventHandler<RoutedEventArgs> handler, Type targetDelegateType)”中的形参“targetDelegateType”可能传入 null 引用实参。 [C:\Users\Administrator\RiderProjects\AdvancedTimeIsland\AdvancedTimeIsland.csproj::TargetFramework=net10.0]
C:\Users\Administrator\RiderProjects\AdvancedTimeIsland\Helpers\FluentAvaloniaCompatibilityHelper.cs(353,71): warning CS8604: “Delegate FluentAvaloniaCompatibilityHelper.ConvertRoutedEventHandler(EventHandler<RoutedEventArgs> handler, Type targetDelegateType)”中的形参“targetDelegateType”可能传入 null 引用实参。 [C:\Users\Administrator\RiderProjects\AdvancedTimeIsland\AdvancedTimeIsland.csproj::TargetFramework=net10.0]
C:\Users\Administrator\RiderProjects\AdvancedTimeIsland\Views\Main\AdvancedDateControl.cs(31,12): warning CS8618: 在退出构造函数时，不可为 null 的 字段 "vm" 必须包含非 null 值。请考虑添加 "required" 修饰符或将该 字段 声明为可为 null。 [C:\Users\Administrator\RiderProjects\AdvancedTimeIsland\AdvancedTimeIsland.csproj::TargetFramework=net10.0]
C:\Users\Administrator\RiderProjects\AdvancedTimeIsland\Views\Main\AdvancedDateControl.cs(31,12): warning CS8618: 在退出构造函数时，不可为 null 的 字段 "_dateTextBlock" 必须包含非 null 值。请考虑添加 "required" 修饰符或将该 字段 声明为可为 null。 [C:\Users\Administrator\RiderProjects\AdvancedTimeIsland\AdvancedTimeIsland.csproj::TargetFramework=net10.0]
C:\Users\Administrator\RiderProjects\AdvancedTimeIsland\Views\Main\AdvancedDateControl.cs(31,12): warning CS8618: 在退出构造函数时，不可为 null 的 字段 "_weekDayTextBlock" 必须包含非 null 值。请考虑添加 "required" 修饰符或将该 字段 声明为可为 null。 [C:\Users\Administrator\RiderProjects\AdvancedTimeIsland\AdvancedTimeIsland.csproj::TargetFramework=net10.0]
C:\Users\Administrator\RiderProjects\AdvancedTimeIsland\Views\Main\AdvancedDateControl.cs(31,12): warning CS8618: 在退出构造函数时，不可为 null 的 字段 "rootBorder" 必须包含非 null 值。请考虑添加 "required" 修饰符或将该 字段 声明为可为 null。 [C:\Users\Administrator\RiderProjects\AdvancedTimeIsland\AdvancedTimeIsland.csproj::TargetFramework=net10.0]
C:\Users\Administrator\RiderProjects\AdvancedTimeIsland\Helpers\FluentAvaloniaCompatibilityHelper.cs(677,65): warning CS8604: “Delegate FluentAvaloniaCompatibilityHelper.ConvertEventHandler(EventHandler handler, Type targetDelegateType)”中的形参“targetDelegateType”可能传入 null 引用实参。 [C:\Users\Administrator\RiderProjects\AdvancedTimeIsland\AdvancedTimeIsland.csproj::TargetFramework=net10.0]
C:\Users\Administrator\RiderProjects\AdvancedTimeIsland\Helpers\FluentAvaloniaCompatibilityHelper.cs(807,65): warning CS8604: “object? FluentAvaloniaCompatibilityHelper.FindVisualChildOfType(Visual visual, Type targetType)”中的形参“targetType”可能传入 null 引用实参。 [C:\Users\Administrator\RiderProjects\AdvancedTimeIsland\AdvancedTimeIsland.csproj::TargetFramework=net10.0]
C:\Users\Administrator\RiderProjects\AdvancedTimeIsland\Helpers\FluentAvaloniaCompatibilityHelper.cs(818,67): warning CS8604: “object? FluentAvaloniaCompatibilityHelper.FindVisualChildOfType(Visual visual, Type targetType)”中的形参“targetType”可能传入 null 引用实参。 [C:\Users\Administrator\RiderProjects\AdvancedTimeIsland\AdvancedTimeIsland.csproj::TargetFramework=net10.0]
C:\Users\Administrator\RiderProjects\AdvancedTimeIsland\Views\Main\AdvancedDateSettingsControl.cs(51,12): warning CS8618: 在退出构造函数时，不可为 null 的 字段 "_showWeekDayToggle" 必须包含非 null 值。请考虑添加 "required" 修饰符或将该 字段 声明为可为 null。 [C:\Users\Administrator\RiderProjects\AdvancedTimeIsland\AdvancedTimeIsland.csproj::TargetFramework=net10.0]
C:\Users\Administrator\RiderProjects\AdvancedTimeIsland\Views\Main\AdvancedDateSettingsControl.cs(51,12): warning CS8618: 在退出构造函数时，不可为 null 的 字段 "_contentOrderComboBox" 必须包含非 null 值。请考虑添加 "required" 修饰符或将该 字段 声明为可为 null。 [C:\Users\Administrator\RiderProjects\AdvancedTimeIsland\AdvancedTimeIsland.csproj::TargetFramework=net10.0]
C:\Users\Administrator\RiderProjects\AdvancedTimeIsland\Views\Main\AdvancedDateSettingsControl.cs(51,12): warning CS8618: 在退出构造函数时，不可为 null 的 字段 "_dateSeparatorComboBox" 必须包含非 null 值。请考虑添加 "required" 修饰符或将该 字段 声明为可为 null。 [C:\Users\Administrator\RiderProjects\AdvancedTimeIsland\AdvancedTimeIsland.csproj::TargetFramework=net10.0]
C:\Users\Administrator\RiderProjects\AdvancedTimeIsland\Views\Main\AdvancedDateSettingsControl.cs(51,12): warning CS8618: 在退出构造函数时，不可为 null 的 字段 "_dateEnableCustomFontSizeToggle" 必须包含非 null 值。请考虑添加 "required" 修饰符或将该 字段 声明为可为 null。 [C:\Users\Administrator\RiderProjects\AdvancedTimeIsland\AdvancedTimeIsland.csproj::TargetFramework=net10.0]
C:\Users\Administrator\RiderProjects\AdvancedTimeIsland\Views\Main\AdvancedDateSettingsControl.cs(51,12): warning CS8618: 在退出构造函数时，不可为 null 的 字段 "_dateEnableCustomFontColorToggle" 必须包含非 null 值。请考虑添加 "required" 修饰符或将该 字段 声明为可为 null。 [C:\Users\Administrator\RiderProjects\AdvancedTimeIsland\AdvancedTimeIsland.csproj::TargetFramework=net10.0]
C:\Users\Administrator\RiderProjects\AdvancedTimeIsland\Views\Main\AdvancedDateSettingsControl.cs(51,12): warning CS8618: 在退出构造函数时，不可为 null 的 字段 "_dateEnableCustomFontFamilyToggle" 必须包含非 null 值。请考虑添加 "required" 修饰符或将该 字段 声明为可为 null。 [C:\Users\Administrator\RiderProjects\AdvancedTimeIsland\AdvancedTimeIsland.csproj::TargetFramework=net10.0]
C:\Users\Administrator\RiderProjects\AdvancedTimeIsland\Views\Main\AdvancedDateSettingsControl.cs(51,12): warning CS8618: 在退出构造函数时，不可为 null 的 字段 "_dateEnableCustomFontWeightToggle" 必须包含非 null 值。请考虑添加 "required" 修饰符或将该 字段 声明为可为 null。 [C:\Users\Administrator\RiderProjects\AdvancedTimeIsland\AdvancedTimeIsland.csproj::TargetFramework=net10.0]
C:\Users\Administrator\RiderProjects\AdvancedTimeIsland\Views\Main\AdvancedDateSettingsControl.cs(51,12): warning CS8618: 在退出构造函数时，不可为 null 的 字段 "_dateColorPicker" 必须包含非 null 值。请考虑添加 "required" 修饰符或将该 字段 声明为可为 null。 [C:\Users\Administrator\RiderProjects\AdvancedTimeIsland\AdvancedTimeIsland.csproj::TargetFramework=net10.0]
C:\Users\Administrator\RiderProjects\AdvancedTimeIsland\Views\Main\AdvancedDateSettingsControl.cs(51,12): warning CS8618: 在退出构造函数时，不可为 null 的 字段 "_dateFontSizeNumericUpDown" 必须包含非 null 值。请考虑添加 "required" 修饰符或将该 字段 声明为可为 null。 [C:\Users\Administrator\RiderProjects\AdvancedTimeIsland\AdvancedTimeIsland.csproj::TargetFramework=net10.0]
C:\Users\Administrator\RiderProjects\AdvancedTimeIsland\Views\Main\AdvancedDateSettingsControl.cs(51,12): warning CS8618: 在退出构造函数时，不可为 null 的 字段 "_dateFontFamilyComboBox" 必须包含非 null 值。请考虑添加 "required" 修饰符或将该 字段 声明为可为 null。 [C:\Users\Administrator\RiderProjects\AdvancedTimeIsland\AdvancedTimeIsland.csproj::TargetFramework=net10.0]
C:\Users\Administrator\RiderProjects\AdvancedTimeIsland\Views\Main\AdvancedDateSettingsControl.cs(51,12): warning CS8618: 在退出构造函数时，不可为 null 的 字段 "_dateFontWeightComboBox" 必须包含非 null 值。请考虑添加 "required" 修饰符或将该 字段 声明为可为 null。 [C:\Users\Administrator\RiderProjects\AdvancedTimeIsland\AdvancedTimeIsland.csproj::TargetFramework=net10.0]
C:\Users\Administrator\RiderProjects\AdvancedTimeIsland\Views\Main\AdvancedDateSettingsControl.cs(51,12): warning CS8618: 在退出构造函数时，不可为 null 的 字段 "_weekDayEnableCustomFontSizeToggle" 必须包含非 null 值。请考虑添加 "required" 修饰符或将该 字段 声明为可为 null。 [C:\Users\Administrator\RiderProjects\AdvancedTimeIsland\AdvancedTimeIsland.csproj::TargetFramework=net10.0]
C:\Users\Administrator\RiderProjects\AdvancedTimeIsland\Views\Main\AdvancedDateSettingsControl.cs(51,12): warning CS8618: 在退出构造函数时，不可为 null 的 字段 "_weekDayEnableCustomFontColorToggle" 必须包含非 null 值。请考虑添加 "required" 修饰符或将该 字段 声明为可为 null。 [C:\Users\Administrator\RiderProjects\AdvancedTimeIsland\AdvancedTimeIsland.csproj::TargetFramework=net10.0]
C:\Users\Administrator\RiderProjects\AdvancedTimeIsland\Views\Main\AdvancedDateSettingsControl.cs(51,12): warning CS8618: 在退出构造函数时，不可为 null 的 字段 "_weekDayEnableCustomFontFamilyToggle" 必须包含非 null 值。请考虑添加 "required" 修饰符或将该 字段 声明为可为 null。 [C:\Users\Administrator\RiderProjects\AdvancedTimeIsland\AdvancedTimeIsland.csproj::TargetFramework=net10.0]
C:\Users\Administrator\RiderProjects\AdvancedTimeIsland\Views\Main\AdvancedDateSettingsControl.cs(51,12): warning CS8618: 在退出构造函数时，不可为 null 的 字段 "_weekDayEnableCustomFontWeightToggle" 必须包含非 null 值。请考虑添加 "required" 修饰符或将该 字段 声明为可为 null。 [C:\Users\Administrator\RiderProjects\AdvancedTimeIsland\AdvancedTimeIsland.csproj::TargetFramework=net10.0]
C:\Users\Administrator\RiderProjects\AdvancedTimeIsland\Views\Main\AdvancedDateSettingsControl.cs(51,12): warning CS8618: 在退出构造函数时，不可为 null 的 字段 "_weekDayColorPicker" 必须包含非 null 值。请考虑添加 "required" 修饰符或将该 字段 声明为可为 null。 [C:\Users\Administrator\RiderProjects\AdvancedTimeIsland\AdvancedTimeIsland.csproj::TargetFramework=net10.0]
C:\Users\Administrator\RiderProjects\AdvancedTimeIsland\Views\Main\AdvancedDateSettingsControl.cs(51,12): warning CS8618: 在退出构造函数时，不可为 null 的 字段 "_weekDayFontSizeNumericUpDown" 必须包含非 null 值。请考虑添加 "required" 修饰符或将该 字段 声明为可为 null。 [C:\Users\Administrator\RiderProjects\AdvancedTimeIsland\AdvancedTimeIsland.csproj::TargetFramework=net10.0]
C:\Users\Administrator\RiderProjects\AdvancedTimeIsland\Views\Main\AdvancedDateSettingsControl.cs(51,12): warning CS8618: 在退出构造函数时，不可为 null 的 字段 "_weekDayFontFamilyComboBox" 必须包含非 null 值。请考虑添加 "required" 修饰符或将该 字段 声明为可为 null。 [C:\Users\Administrator\RiderProjects\AdvancedTimeIsland\AdvancedTimeIsland.csproj::TargetFramework=net10.0]
C:\Users\Administrator\RiderProjects\AdvancedTimeIsland\Views\Main\AdvancedDateSettingsControl.cs(51,12): warning CS8618: 在退出构造函数时，不可为 null 的 字段 "_weekDayFontWeightComboBox" 必须包含非 null 值。请考虑添加 "required" 修饰符或将该 字段 声明为可为 null。 [C:\Users\Administrator\RiderProjects\AdvancedTimeIsland\AdvancedTimeIsland.csproj::TargetFramework=net10.0]
C:\Users\Administrator\RiderProjects\AdvancedTimeIsland\Views\Main\AdvancedDateSettingsControl.cs(51,12): warning CS8618: 在退出构造函数时，不可为 null 的 字段 "_titleTextBlock" 必须包含非 null 值。请考虑添加 "required" 修饰符或将该 字段 声明为可为 null。 [C:\Users\Administrator\RiderProjects\AdvancedTimeIsland\AdvancedTimeIsland.csproj::TargetFramework=net10.0]
C:\Users\Administrator\RiderProjects\AdvancedTimeIsland\Views\Main\AdvancedDateSettingsControl.cs(51,12): warning CS8618: 在退出构造函数时，不可为 null 的 字段 "_descTextBlock" 必须包含非 null 值。请考虑添加 "required" 修饰符或将该 字段 声明为可为 null。 [C:\Users\Administrator\RiderProjects\AdvancedTimeIsland\AdvancedTimeIsland.csproj::TargetFramework=net10.0]
C:\Users\Administrator\RiderProjects\AdvancedTimeIsland\Views\Main\AdvancedDateSettingsControl.cs(51,12): warning CS8618: 在退出构造函数时，不可为 null 的 字段 "_labelTextBlock" 必须包含非 null 值。请考虑添加 "required" 修饰符或将该 字段 声明为可为 null。 [C:\Users\Administrator\RiderProjects\AdvancedTimeIsland\AdvancedTimeIsland.csproj::TargetFramework=net10.0]
C:\Users\Administrator\RiderProjects\AdvancedTimeIsland\Views\Main\AdvancedDateSettingsControl.cs(51,12): warning CS8618: 在退出构造函数时，不可为 null 的 字段 "_contentOrderLabelTextBlock" 必须包含非 null 值。请考虑添加 "required" 修饰符或将该 字段 声明为可为 null。 [C:\Users\Administrator\RiderProjects\AdvancedTimeIsland\AdvancedTimeIsland.csproj::TargetFramework=net10.0]
C:\Users\Administrator\RiderProjects\AdvancedTimeIsland\Views\Main\AdvancedDateSettingsControl.cs(51,12): warning CS8618: 在退出构造函数时，不可为 null 的 字段 "_dateSeparatorLabelTextBlock" 必须包含非 null 值。请考虑添加 "required" 修饰符或将该 字段 声明为可为 null。 [C:\Users\Administrator\RiderProjects\AdvancedTimeIsland\AdvancedTimeIsland.csproj::TargetFramework=net10.0]
C:\Users\Administrator\RiderProjects\AdvancedTimeIsland\Views\Main\AdvancedDateSettingsControl.cs(51,12): warning CS8618: 在退出构造函数时，不可为 null 的 字段 "_dateTitleTextBlock" 必须包含非 null 值。请考虑添加 "required" 修饰符或将该 字段 声明为可为 null。 [C:\Users\Administrator\RiderProjects\AdvancedTimeIsland\AdvancedTimeIsland.csproj::TargetFramework=net10.0]
C:\Users\Administrator\RiderProjects\AdvancedTimeIsland\Views\Main\AdvancedDateSettingsControl.cs(51,12): warning CS8618: 在退出构造函数时，不可为 null 的 字段 "_dateColorLabelTextBlock" 必须包含非 null 值。请考虑添加 "required" 修饰符或将该 字段 声明为可为 null。 [C:\Users\Administrator\RiderProjects\AdvancedTimeIsland\AdvancedTimeIsland.csproj::TargetFramework=net10.0]
C:\Users\Administrator\RiderProjects\AdvancedTimeIsland\Views\Main\AdvancedDateSettingsControl.cs(51,12): warning CS8618: 在退出构造函数时，不可为 null 的 字段 "_dateFontSizeLabelTextBlock" 必须包含非 null 值。请考虑添加 "required" 修饰符或将该 字段 声明为可为 null。 [C:\Users\Administrator\RiderProjects\AdvancedTimeIsland\AdvancedTimeIsland.csproj::TargetFramework=net10.0]
C:\Users\Administrator\RiderProjects\AdvancedTimeIsland\Views\Main\AdvancedDateSettingsControl.cs(51,12): warning CS8618: 在退出构造函数时，不可为 null 的 字段 "_weekDayTitleTextBlock" 必须包含非 null 值。请考虑添加 "required" 修饰符或将该 字段 声明为可为 null。 [C:\Users\Administrator\RiderProjects\AdvancedTimeIsland\AdvancedTimeIsland.csproj::TargetFramework=net10.0]
C:\Users\Administrator\RiderProjects\AdvancedTimeIsland\Views\Main\AdvancedDateSettingsControl.cs(51,12): warning CS8618: 在退出构造函数时，不可为 null 的 字段 "_weekDayColorLabelTextBlock" 必须包含非 null 值。请考虑添加 "required" 修饰符或将该 字段 声明为可为 null。 [C:\Users\Administrator\RiderProjects\AdvancedTimeIsland\AdvancedTimeIsland.csproj::TargetFramework=net10.0]
C:\Users\Administrator\RiderProjects\AdvancedTimeIsland\Views\Main\AdvancedDateSettingsControl.cs(51,12): warning CS8618: 在退出构造函数时，不可为 null 的 字段 "_weekDayFontSizeLabelTextBlock" 必须包含非 null 值。请考虑添加 "required" 修饰符或将该 字段 声明为可为 null。 [C:\Users\Administrator\RiderProjects\AdvancedTimeIsland\AdvancedTimeIsland.csproj::TargetFramework=net10.0]
C:\Users\Administrator\RiderProjects\AdvancedTimeIsland\Views\Main\TomorrowYiJiControl.cs(28,12): warning CS8618: 在退出构造函数时，不可为 null 的 字段 "vm" 必须包含非 null 值。请考虑添加 "required" 修饰符或将该 字段 声明为可为 null。 [C:\Users\Administrator\RiderProjects\AdvancedTimeIsland\AdvancedTimeIsland.csproj::TargetFramework=net10.0]
C:\Users\Administrator\RiderProjects\AdvancedTimeIsland\Views\Main\TomorrowYiJiControl.cs(28,12): warning CS8618: 在退出构造函数时，不可为 null 的 字段 "yiLabelTb" 必须包含非 null 值。请考虑添加 "required" 修饰符或将该 字段 声明为可为 null。 [C:\Users\Administrator\RiderProjects\AdvancedTimeIsland\AdvancedTimeIsland.csproj::TargetFramework=net10.0]
C:\Users\Administrator\RiderProjects\AdvancedTimeIsland\Views\Main\TomorrowYiJiControl.cs(28,12): warning CS8618: 在退出构造函数时，不可为 null 的 字段 "yiValueTb" 必须包含非 null 值。请考虑添加 "required" 修饰符或将该 字段 声明为可为 null。 [C:\Users\Administrator\RiderProjects\AdvancedTimeIsland\AdvancedTimeIsland.csproj::TargetFramework=net10.0]
C:\Users\Administrator\RiderProjects\AdvancedTimeIsland\Views\Main\TomorrowYiJiControl.cs(28,12): warning CS8618: 在退出构造函数时，不可为 null 的 字段 "jiLabelTb" 必须包含非 null 值。请考虑添加 "required" 修饰符或将该 字段 声明为可为 null。 [C:\Users\Administrator\RiderProjects\AdvancedTimeIsland\AdvancedTimeIsland.csproj::TargetFramework=net10.0]
C:\Users\Administrator\RiderProjects\AdvancedTimeIsland\Views\Main\TomorrowYiJiControl.cs(28,12): warning CS8618: 在退出构造函数时，不可为 null 的 字段 "jiValueTb" 必须包含非 null 值。请考虑添加 "required" 修饰符或将该 字段 声明为可为 null。 [C:\Users\Administrator\RiderProjects\AdvancedTimeIsland\AdvancedTimeIsland.csproj::TargetFramework=net10.0]
C:\Users\Administrator\RiderProjects\AdvancedTimeIsland\Views\Main\TomorrowYiJiControl.cs(28,12): warning CS8618: 在退出构造函数时，不可为 null 的 字段 "rootBorder" 必须包含非 null 值。请考虑添加 "required" 修饰符或将该 字段 声明为可为 null。 [C:\Users\Administrator\RiderProjects\AdvancedTimeIsland\AdvancedTimeIsland.csproj::TargetFramework=net10.0]
C:\Users\Administrator\RiderProjects\AdvancedTimeIsland\Views\Main\TomorrowYiJiControl.cs(28,12): warning CS8618: 在退出构造函数时，不可为 null 的 字段 "mainSp" 必须包含非 null 值。请考虑添加 "required" 修饰符或将该 字段 声明为可为 null。 [C:\Users\Administrator\RiderProjects\AdvancedTimeIsland\AdvancedTimeIsland.csproj::TargetFramework=net10.0]
C:\Users\Administrator\RiderProjects\AdvancedTimeIsland\Plugin.cs(235,13): warning CS8604: “void CrossPluginHelper.ScheduleEasterEggMutexCheck(PluginSettings settings, TimeSpan delay)”中的形参“settings”可能传入 null 引用实参。 [C:\Users\Administrator\RiderProjects\AdvancedTimeIsland\AdvancedTimeIsland.csproj::TargetFramework=net10.0]
C:\Users\Administrator\RiderProjects\AdvancedTimeIsland\Views\Settings\DebugPage.cs(265,13): warning CS0618: “TextBox.Watermark”已过时:“Use PlaceholderText instead.” [C:\Users\Administrator\RiderProjects\AdvancedTimeIsland\AdvancedTimeIsland.csproj::TargetFramework=net10.0]
C:\Users\Administrator\RiderProjects\AdvancedTimeIsland\Automation\Rules\TimeZoneHourlyTimeRangeRuleSettingsControl.cs(132,13): warning CS0618: “TextBox.Watermark”已过时:“Use PlaceholderText instead.” [C:\Users\Administrator\RiderProjects\AdvancedTimeIsland\AdvancedTimeIsland.csproj::TargetFramework=net10.0]
C:\Users\Administrator\RiderProjects\AdvancedTimeIsland\Automation\Rules\TimeZoneHourlyTimeRangeRuleSettingsControl.cs(139,13): warning CS0618: “TextBox.Watermark”已过时:“Use PlaceholderText instead.” [C:\Users\Administrator\RiderProjects\AdvancedTimeIsland\AdvancedTimeIsland.csproj::TargetFramework=net10.0]
C:\Users\Administrator\RiderProjects\AdvancedTimeIsland\Views\Main\CountdownControl.cs(39,12): warning CS8618: 在退出构造函数时，不可为 null 的 字段 "vm" 必须包含非 null 值。请考虑添加 "required" 修饰符或将该 字段 声明为可为 null。 [C:\Users\Administrator\RiderProjects\AdvancedTimeIsland\AdvancedTimeIsland.csproj::TargetFramework=net10.0]
C:\Users\Administrator\RiderProjects\AdvancedTimeIsland\Views\Main\CountdownControl.cs(39,12): warning CS8618: 在退出构造函数时，不可为 null 的 字段 "tbText1" 必须包含非 null 值。请考虑添加 "required" 修饰符或将该 字段 声明为可为 null。 [C:\Users\Administrator\RiderProjects\AdvancedTimeIsland\AdvancedTimeIsland.csproj::TargetFramework=net10.0]
C:\Users\Administrator\RiderProjects\AdvancedTimeIsland\Views\Main\CountdownControl.cs(39,12): warning CS8618: 在退出构造函数时，不可为 null 的 字段 "tbText2" 必须包含非 null 值。请考虑添加 "required" 修饰符或将该 字段 声明为可为 null。 [C:\Users\Administrator\RiderProjects\AdvancedTimeIsland\AdvancedTimeIsland.csproj::TargetFramework=net10.0]
C:\Users\Administrator\RiderProjects\AdvancedTimeIsland\Views\Main\CountdownControl.cs(39,12): warning CS8618: 在退出构造函数时，不可为 null 的 字段 "tbText3" 必须包含非 null 值。请考虑添加 "required" 修饰符或将该 字段 声明为可为 null。 [C:\Users\Administrator\RiderProjects\AdvancedTimeIsland\AdvancedTimeIsland.csproj::TargetFramework=net10.0]
C:\Users\Administrator\RiderProjects\AdvancedTimeIsland\Views\Main\CountdownControl.cs(39,12): warning CS8618: 在退出构造函数时，不可为 null 的 字段 "tbTime" 必须包含非 null 值。请考虑添加 "required" 修饰符或将该 字段 声明为可为 null。 [C:\Users\Administrator\RiderProjects\AdvancedTimeIsland\AdvancedTimeIsland.csproj::TargetFramework=net10.0]
C:\Users\Administrator\RiderProjects\AdvancedTimeIsland\Views\Main\CountdownControl.cs(39,12): warning CS8618: 在退出构造函数时，不可为 null 的 字段 "tbText4" 必须包含非 null 值。请考虑添加 "required" 修饰符或将该 字段 声明为可为 null。 [C:\Users\Administrator\RiderProjects\AdvancedTimeIsland\AdvancedTimeIsland.csproj::TargetFramework=net10.0]
C:\Users\Administrator\RiderProjects\AdvancedTimeIsland\Views\Main\CountdownControl.cs(39,12): warning CS8618: 在退出构造函数时，不可为 null 的 字段 "rootBorder" 必须包含非 null 值。请考虑添加 "required" 修饰符或将该 字段 声明为可为 null。 [C:\Users\Administrator\RiderProjects\AdvancedTimeIsland\AdvancedTimeIsland.csproj::TargetFramework=net10.0]
C:\Users\Administrator\RiderProjects\AdvancedTimeIsland\Views\Main\CountdownControl.cs(39,12): warning CS8618: 在退出构造函数时，不可为 null 的 字段 "contentPanel" 必须包含非 null 值。请考虑添加 "required" 修饰符或将该 字段 声明为可为 null。 [C:\Users\Administrator\RiderProjects\AdvancedTimeIsland\AdvancedTimeIsland.csproj::TargetFramework=net10.0]
C:\Users\Administrator\RiderProjects\AdvancedTimeIsland\Views\Main\CountdownControl.cs(39,12): warning CS8618: 在退出构造函数时，不可为 null 的 字段 "progressBar" 必须包含非 null 值。请考虑添加 "required" 修饰符或将该 字段 声明为可为 null。 [C:\Users\Administrator\RiderProjects\AdvancedTimeIsland\AdvancedTimeIsland.csproj::TargetFramework=net10.0]
C:\Users\Administrator\RiderProjects\AdvancedTimeIsland\Views\Main\CountdownControl.cs(39,12): warning CS8618: 在退出构造函数时，不可为 null 的 字段 "circleProgressRoot" 必须包含非 null 值。请考虑添加 "required" 修饰符或将该 字段 声明为可为 null。 [C:\Users\Administrator\RiderProjects\AdvancedTimeIsland\AdvancedTimeIsland.csproj::TargetFramework=net10.0]
C:\Users\Administrator\RiderProjects\AdvancedTimeIsland\Views\Main\CountdownControl.cs(39,12): warning CS8618: 在退出构造函数时，不可为 null 的 字段 "circleProgressBackground" 必须包含非 null 值。请考虑添加 "required" 修饰符或将该 字段 声明为可为 null。 [C:\Users\Administrator\RiderProjects\AdvancedTimeIsland\AdvancedTimeIsland.csproj::TargetFramework=net10.0]
C:\Users\Administrator\RiderProjects\AdvancedTimeIsland\Views\Main\CountdownControl.cs(39,12): warning CS8618: 在退出构造函数时，不可为 null 的 字段 "circleProgressPath" 必须包含非 null 值。请考虑添加 "required" 修饰符或将该 字段 声明为可为 null。 [C:\Users\Administrator\RiderProjects\AdvancedTimeIsland\AdvancedTimeIsland.csproj::TargetFramework=net10.0]
C:\Users\Administrator\RiderProjects\AdvancedTimeIsland\Views\Main\TimeZoneTimeSettingsControl.cs(33,12): warning CS8618: 在退出构造函数时，不可为 null 的 字段 "_timeZoneComboBox" 必须包含非 null 值。请考虑添加 "required" 修饰符或将该 字段 声明为可为 null。 [C:\Users\Administrator\RiderProjects\AdvancedTimeIsland\AdvancedTimeIsland.csproj::TargetFramework=net10.0]
C:\Users\Administrator\RiderProjects\AdvancedTimeIsland\Views\Main\TimeZoneTimeSettingsControl.cs(33,12): warning CS8618: 在退出构造函数时，不可为 null 的 字段 "_enableCustomFontSizeToggle" 必须包含非 null 值。请考虑添加 "required" 修饰符或将该 字段 声明为可为 null。 [C:\Users\Administrator\RiderProjects\AdvancedTimeIsland\AdvancedTimeIsland.csproj::TargetFramework=net10.0]
C:\Users\Administrator\RiderProjects\AdvancedTimeIsland\Views\Main\TimeZoneTimeSettingsControl.cs(33,12): warning CS8618: 在退出构造函数时，不可为 null 的 字段 "_enableCustomFontColorToggle" 必须包含非 null 值。请考虑添加 "required" 修饰符或将该 字段 声明为可为 null。 [C:\Users\Administrator\RiderProjects\AdvancedTimeIsland\AdvancedTimeIsland.csproj::TargetFramework=net10.0]
C:\Users\Administrator\RiderProjects\AdvancedTimeIsland\Views\Main\TimeZoneTimeSettingsControl.cs(33,12): warning CS8618: 在退出构造函数时，不可为 null 的 字段 "_enableCustomFontFamilyToggle" 必须包含非 null 值。请考虑添加 "required" 修饰符或将该 字段 声明为可为 null。 [C:\Users\Administrator\RiderProjects\AdvancedTimeIsland\AdvancedTimeIsland.csproj::TargetFramework=net10.0]
C:\Users\Administrator\RiderProjects\AdvancedTimeIsland\Views\Main\TimeZoneTimeSettingsControl.cs(33,12): warning CS8618: 在退出构造函数时，不可为 null 的 字段 "_enableCustomFontWeightToggle" 必须包含非 null 值。请考虑添加 "required" 修饰符或将该 字段 声明为可为 null。 [C:\Users\Administrator\RiderProjects\AdvancedTimeIsland\AdvancedTimeIsland.csproj::TargetFramework=net10.0]
C:\Users\Administrator\RiderProjects\AdvancedTimeIsland\Views\Main\TimeZoneTimeSettingsControl.cs(33,12): warning CS8618: 在退出构造函数时，不可为 null 的 字段 "_colorPicker" 必须包含非 null 值。请考虑添加 "required" 修饰符或将该 字段 声明为可为 null。 [C:\Users\Administrator\RiderProjects\AdvancedTimeIsland\AdvancedTimeIsland.csproj::TargetFramework=net10.0]
C:\Users\Administrator\RiderProjects\AdvancedTimeIsland\Views\Main\TimeZoneTimeSettingsControl.cs(33,12): warning CS8618: 在退出构造函数时，不可为 null 的 字段 "_fontSizeNumericUpDown" 必须包含非 null 值。请考虑添加 "required" 修饰符或将该 字段 声明为可为 null。 [C:\Users\Administrator\RiderProjects\AdvancedTimeIsland\AdvancedTimeIsland.csproj::TargetFramework=net10.0]
C:\Users\Administrator\RiderProjects\AdvancedTimeIsland\Views\Main\TimeZoneTimeSettingsControl.cs(33,12): warning CS8618: 在退出构造函数时，不可为 null 的 字段 "_fontFamilyComboBox" 必须包含非 null 值。请考虑添加 "required" 修饰符或将该 字段 声明为可为 null。 [C:\Users\Administrator\RiderProjects\AdvancedTimeIsland\AdvancedTimeIsland.csproj::TargetFramework=net10.0]
C:\Users\Administrator\RiderProjects\AdvancedTimeIsland\Views\Main\TimeZoneTimeSettingsControl.cs(33,12): warning CS8618: 在退出构造函数时，不可为 null 的 字段 "_fontWeightComboBox" 必须包含非 null 值。请考虑添加 "required" 修饰符或将该 字段 声明为可为 null。 [C:\Users\Administrator\RiderProjects\AdvancedTimeIsland\AdvancedTimeIsland.csproj::TargetFramework=net10.0]
C:\Users\Administrator\RiderProjects\AdvancedTimeIsland\Views\Main\TimeZoneTimeSettingsControl.cs(33,12): warning CS8618: 在退出构造函数时，不可为 null 的 字段 "_titleTextBlock" 必须包含非 null 值。请考虑添加 "required" 修饰符或将该 字段 声明为可为 null。 [C:\Users\Administrator\RiderProjects\AdvancedTimeIsland\AdvancedTimeIsland.csproj::TargetFramework=net10.0]
C:\Users\Administrator\RiderProjects\AdvancedTimeIsland\Views\Main\TimeZoneTimeSettingsControl.cs(33,12): warning CS8618: 在退出构造函数时，不可为 null 的 字段 "_descTextBlock" 必须包含非 null 值。请考虑添加 "required" 修饰符或将该 字段 声明为可为 null。 [C:\Users\Administrator\RiderProjects\AdvancedTimeIsland\AdvancedTimeIsland.csproj::TargetFramework=net10.0]
C:\Users\Administrator\RiderProjects\AdvancedTimeIsland\Views\Main\TimeZoneTimeSettingsControl.cs(33,12): warning CS8618: 在退出构造函数时，不可为 null 的 字段 "_styleTitleTextBlock" 必须包含非 null 值。请考虑添加 "required" 修饰符或将该 字段 声明为可为 null。 [C:\Users\Administrator\RiderProjects\AdvancedTimeIsland\AdvancedTimeIsland.csproj::TargetFramework=net10.0]
C:\Users\Administrator\RiderProjects\AdvancedTimeIsland\Views\Main\TimeZoneTimeSettingsControl.cs(33,12): warning CS8618: 在退出构造函数时，不可为 null 的 字段 "_colorLabelTextBlock" 必须包含非 null 值。请考虑添加 "required" 修饰符或将该 字段 声明为可为 null。 [C:\Users\Administrator\RiderProjects\AdvancedTimeIsland\AdvancedTimeIsland.csproj::TargetFramework=net10.0]
C:\Users\Administrator\RiderProjects\AdvancedTimeIsland\Views\Main\TimeZoneTimeSettingsControl.cs(33,12): warning CS8618: 在退出构造函数时，不可为 null 的 字段 "_fontSizeLabelTextBlock" 必须包含非 null 值。请考虑添加 "required" 修饰符或将该 字段 声明为可为 null。 [C:\Users\Administrator\RiderProjects\AdvancedTimeIsland\AdvancedTimeIsland.csproj::TargetFramework=net10.0]
C:\Users\Administrator\RiderProjects\AdvancedTimeIsland\Views\Main\DayYiJiControl.cs(33,12): warning CS8618: 在退出构造函数时，不可为 null 的 字段 "vm" 必须包含非 null 值。请考虑添加 "required" 修饰符或将该 字段 声明为可为 null。 [C:\Users\Administrator\RiderProjects\AdvancedTimeIsland\AdvancedTimeIsland.csproj::TargetFramework=net10.0]
C:\Users\Administrator\RiderProjects\AdvancedTimeIsland\Views\Main\DayYiJiControl.cs(33,12): warning CS8618: 在退出构造函数时，不可为 null 的 字段 "yiLabelTb" 必须包含非 null 值。请考虑添加 "required" 修饰符或将该 字段 声明为可为 null。 [C:\Users\Administrator\RiderProjects\AdvancedTimeIsland\AdvancedTimeIsland.csproj::TargetFramework=net10.0]
C:\Users\Administrator\RiderProjects\AdvancedTimeIsland\Views\Main\DayYiJiControl.cs(33,12): warning CS8618: 在退出构造函数时，不可为 null 的 字段 "yiValueTb" 必须包含非 null 值。请考虑添加 "required" 修饰符或将该 字段 声明为可为 null。 [C:\Users\Administrator\RiderProjects\AdvancedTimeIsland\AdvancedTimeIsland.csproj::TargetFramework=net10.0]
C:\Users\Administrator\RiderProjects\AdvancedTimeIsland\Views\Main\DayYiJiControl.cs(33,12): warning CS8618: 在退出构造函数时，不可为 null 的 字段 "jiLabelTb" 必须包含非 null 值。请考虑添加 "required" 修饰符或将该 字段 声明为可为 null。 [C:\Users\Administrator\RiderProjects\AdvancedTimeIsland\AdvancedTimeIsland.csproj::TargetFramework=net10.0]
C:\Users\Administrator\RiderProjects\AdvancedTimeIsland\Views\Main\DayYiJiControl.cs(33,12): warning CS8618: 在退出构造函数时，不可为 null 的 字段 "jiValueTb" 必须包含非 null 值。请考虑添加 "required" 修饰符或将该 字段 声明为可为 null。 [C:\Users\Administrator\RiderProjects\AdvancedTimeIsland\AdvancedTimeIsland.csproj::TargetFramework=net10.0]
C:\Users\Administrator\RiderProjects\AdvancedTimeIsland\Views\Main\DayYiJiControl.cs(33,12): warning CS8618: 在退出构造函数时，不可为 null 的 字段 "rootBorder" 必须包含非 null 值。请考虑添加 "required" 修饰符或将该 字段 声明为可为 null。 [C:\Users\Administrator\RiderProjects\AdvancedTimeIsland\AdvancedTimeIsland.csproj::TargetFramework=net10.0]
C:\Users\Administrator\RiderProjects\AdvancedTimeIsland\Views\Main\DayYiJiControl.cs(33,12): warning CS8618: 在退出构造函数时，不可为 null 的 字段 "mainSp" 必须包含非 null 值。请考虑添加 "required" 修饰符或将该 字段 声明为可为 null。 [C:\Users\Administrator\RiderProjects\AdvancedTimeIsland\AdvancedTimeIsland.csproj::TargetFramework=net10.0]
C:\Users\Administrator\RiderProjects\AdvancedTimeIsland\Automation\Rules\TimeZoneHourlyTimeRangeRuleSettingsControl.cs(215,39): warning CS8604: “int TimeZoneHourlyTimeRangeRuleSettingsControl.ParseMinute(string text)”中的形参“text”可能传入 null 引用实参。 [C:\Users\Administrator\RiderProjects\AdvancedTimeIsland\AdvancedTimeIsland.csproj::TargetFramework=net10.0]
C:\Users\Administrator\RiderProjects\AdvancedTimeIsland\Automation\Rules\TimeZoneHourlyTimeRangeRuleSettingsControl.cs(216,39): warning CS8604: “int TimeZoneHourlyTimeRangeRuleSettingsControl.ParseSecond(string text)”中的形参“text”可能传入 null 引用实参。 [C:\Users\Administrator\RiderProjects\AdvancedTimeIsland\AdvancedTimeIsland.csproj::TargetFramework=net10.0]
C:\Users\Administrator\RiderProjects\AdvancedTimeIsland\Automation\Rules\TimeZoneHourlyTimeRangeRuleSettingsControl.cs(219,37): warning CS8604: “int TimeZoneHourlyTimeRangeRuleSettingsControl.ParseMinute(string text)”中的形参“text”可能传入 null 引用实参。 [C:\Users\Administrator\RiderProjects\AdvancedTimeIsland\AdvancedTimeIsland.csproj::TargetFramework=net10.0]
C:\Users\Administrator\RiderProjects\AdvancedTimeIsland\Automation\Rules\TimeZoneHourlyTimeRangeRuleSettingsControl.cs(220,37): warning CS8604: “int TimeZoneHourlyTimeRangeRuleSettingsControl.ParseSecond(string text)”中的形参“text”可能传入 null 引用实参。 [C:\Users\Administrator\RiderProjects\AdvancedTimeIsland\AdvancedTimeIsland.csproj::TargetFramework=net10.0]
C:\Users\Administrator\RiderProjects\AdvancedTimeIsland\Views\Main\DayYiJiSettingsControl.cs(71,12): warning CS8618: 在退出构造函数时，不可为 null 的 字段 "_yiLabelFontSizeNumericUpDown" 必须包含非 null 值。请考虑添加 "required" 修饰符或将该 字段 声明为可为 null。 [C:\Users\Administrator\RiderProjects\AdvancedTimeIsland\AdvancedTimeIsland.csproj::TargetFramework=net10.0]
C:\Users\Administrator\RiderProjects\AdvancedTimeIsland\Views\Main\DayYiJiSettingsControl.cs(71,12): warning CS8618: 在退出构造函数时，不可为 null 的 字段 "_yiLabelFontColorPicker" 必须包含非 null 值。请考虑添加 "required" 修饰符或将该 字段 声明为可为 null。 [C:\Users\Administrator\RiderProjects\AdvancedTimeIsland\AdvancedTimeIsland.csproj::TargetFramework=net10.0]
C:\Users\Administrator\RiderProjects\AdvancedTimeIsland\Views\Main\DayYiJiSettingsControl.cs(71,12): warning CS8618: 在退出构造函数时，不可为 null 的 字段 "_yiValueFontSizeNumericUpDown" 必须包含非 null 值。请考虑添加 "required" 修饰符或将该 字段 声明为可为 null。 [C:\Users\Administrator\RiderProjects\AdvancedTimeIsland\AdvancedTimeIsland.csproj::TargetFramework=net10.0]
C:\Users\Administrator\RiderProjects\AdvancedTimeIsland\Views\Main\DayYiJiSettingsControl.cs(71,12): warning CS8618: 在退出构造函数时，不可为 null 的 字段 "_jiLabelFontSizeNumericUpDown" 必须包含非 null 值。请考虑添加 "required" 修饰符或将该 字段 声明为可为 null。 [C:\Users\Administrator\RiderProjects\AdvancedTimeIsland\AdvancedTimeIsland.csproj::TargetFramework=net10.0]
C:\Users\Administrator\RiderProjects\AdvancedTimeIsland\Views\Main\DayYiJiSettingsControl.cs(71,12): warning CS8618: 在退出构造函数时，不可为 null 的 字段 "_jiLabelFontColorPicker" 必须包含非 null 值。请考虑添加 "required" 修饰符或将该 字段 声明为可为 null。 [C:\Users\Administrator\RiderProjects\AdvancedTimeIsland\AdvancedTimeIsland.csproj::TargetFramework=net10.0]
C:\Users\Administrator\RiderProjects\AdvancedTimeIsland\Views\Main\DayYiJiSettingsControl.cs(71,12): warning CS8618: 在退出构造函数时，不可为 null 的 字段 "_jiValueFontSizeNumericUpDown" 必须包含非 null 值。请考虑添加 "required" 修饰符或将该 字段 声明为可为 null。 [C:\Users\Administrator\RiderProjects\AdvancedTimeIsland\AdvancedTimeIsland.csproj::TargetFramework=net10.0]
C:\Users\Administrator\RiderProjects\AdvancedTimeIsland\Views\Main\DayYiJiSettingsControl.cs(71,12): warning CS8618: 在退出构造函数时，不可为 null 的 字段 "_yiLabelEnableCustomFontSizeToggle" 必须包含非 null 值。请考虑添加 "required" 修饰符或将该 字段 声明为可为 null。 [C:\Users\Administrator\RiderProjects\AdvancedTimeIsland\AdvancedTimeIsland.csproj::TargetFramework=net10.0]
C:\Users\Administrator\RiderProjects\AdvancedTimeIsland\Views\Main\DayYiJiSettingsControl.cs(71,12): warning CS8618: 在退出构造函数时，不可为 null 的 字段 "_yiLabelEnableCustomFontColorToggle" 必须包含非 null 值。请考虑添加 "required" 修饰符或将该 字段 声明为可为 null。 [C:\Users\Administrator\RiderProjects\AdvancedTimeIsland\AdvancedTimeIsland.csproj::TargetFramework=net10.0]
C:\Users\Administrator\RiderProjects\AdvancedTimeIsland\Views\Main\DayYiJiSettingsControl.cs(71,12): warning CS8618: 在退出构造函数时，不可为 null 的 字段 "_yiLabelEnableCustomFontFamilyToggle" 必须包含非 null 值。请考虑添加 "required" 修饰符或将该 字段 声明为可为 null。 [C:\Users\Administrator\RiderProjects\AdvancedTimeIsland\AdvancedTimeIsland.csproj::TargetFramework=net10.0]
C:\Users\Administrator\RiderProjects\AdvancedTimeIsland\Views\Main\DayYiJiSettingsControl.cs(71,12): warning CS8618: 在退出构造函数时，不可为 null 的 字段 "_yiLabelEnableCustomFontWeightToggle" 必须包含非 null 值。请考虑添加 "required" 修饰符或将该 字段 声明为可为 null。 [C:\Users\Administrator\RiderProjects\AdvancedTimeIsland\AdvancedTimeIsland.csproj::TargetFramework=net10.0]
C:\Users\Administrator\RiderProjects\AdvancedTimeIsland\Views\Main\DayYiJiSettingsControl.cs(71,12): warning CS8618: 在退出构造函数时，不可为 null 的 字段 "_yiValueEnableCustomFontSizeToggle" 必须包含非 null 值。请考虑添加 "required" 修饰符或将该 字段 声明为可为 null。 [C:\Users\Administrator\RiderProjects\AdvancedTimeIsland\AdvancedTimeIsland.csproj::TargetFramework=net10.0]
C:\Users\Administrator\RiderProjects\AdvancedTimeIsland\Views\Main\DayYiJiSettingsControl.cs(71,12): warning CS8618: 在退出构造函数时，不可为 null 的 字段 "_yiValueEnableCustomFontFamilyToggle" 必须包含非 null 值。请考虑添加 "required" 修饰符或将该 字段 声明为可为 null。 [C:\Users\Administrator\RiderProjects\AdvancedTimeIsland\AdvancedTimeIsland.csproj::TargetFramework=net10.0]
C:\Users\Administrator\RiderProjects\AdvancedTimeIsland\Views\Main\DayYiJiSettingsControl.cs(71,12): warning CS8618: 在退出构造函数时，不可为 null 的 字段 "_yiValueEnableCustomFontWeightToggle" 必须包含非 null 值。请考虑添加 "required" 修饰符或将该 字段 声明为可为 null。 [C:\Users\Administrator\RiderProjects\AdvancedTimeIsland\AdvancedTimeIsland.csproj::TargetFramework=net10.0]
C:\Users\Administrator\RiderProjects\AdvancedTimeIsland\Views\Main\DayYiJiSettingsControl.cs(71,12): warning CS8618: 在退出构造函数时，不可为 null 的 字段 "_jiLabelEnableCustomFontSizeToggle" 必须包含非 null 值。请考虑添加 "required" 修饰符或将该 字段 声明为可为 null。 [C:\Users\Administrator\RiderProjects\AdvancedTimeIsland\AdvancedTimeIsland.csproj::TargetFramework=net10.0]
C:\Users\Administrator\RiderProjects\AdvancedTimeIsland\Views\Main\DayYiJiSettingsControl.cs(71,12): warning CS8618: 在退出构造函数时，不可为 null 的 字段 "_jiLabelEnableCustomFontColorToggle" 必须包含非 null 值。请考虑添加 "required" 修饰符或将该 字段 声明为可为 null。 [C:\Users\Administrator\RiderProjects\AdvancedTimeIsland\AdvancedTimeIsland.csproj::TargetFramework=net10.0]
C:\Users\Administrator\RiderProjects\AdvancedTimeIsland\Views\Main\DayYiJiSettingsControl.cs(71,12): warning CS8618: 在退出构造函数时，不可为 null 的 字段 "_jiLabelEnableCustomFontFamilyToggle" 必须包含非 null 值。请考虑添加 "required" 修饰符或将该 字段 声明为可为 null。 [C:\Users\Administrator\RiderProjects\AdvancedTimeIsland\AdvancedTimeIsland.csproj::TargetFramework=net10.0]
C:\Users\Administrator\RiderProjects\AdvancedTimeIsland\Views\Main\DayYiJiSettingsControl.cs(71,12): warning CS8618: 在退出构造函数时，不可为 null 的 字段 "_jiLabelEnableCustomFontWeightToggle" 必须包含非 null 值。请考虑添加 "required" 修饰符或将该 字段 声明为可为 null。 [C:\Users\Administrator\RiderProjects\AdvancedTimeIsland\AdvancedTimeIsland.csproj::TargetFramework=net10.0]
C:\Users\Administrator\RiderProjects\AdvancedTimeIsland\Views\Main\DayYiJiSettingsControl.cs(71,12): warning CS8618: 在退出构造函数时，不可为 null 的 字段 "_jiValueEnableCustomFontSizeToggle" 必须包含非 null 值。请考虑添加 "required" 修饰符或将该 字段 声明为可为 null。 [C:\Users\Administrator\RiderProjects\AdvancedTimeIsland\AdvancedTimeIsland.csproj::TargetFramework=net10.0]
C:\Users\Administrator\RiderProjects\AdvancedTimeIsland\Views\Main\DayYiJiSettingsControl.cs(71,12): warning CS8618: 在退出构造函数时，不可为 null 的 字段 "_jiValueEnableCustomFontFamilyToggle" 必须包含非 null 值。请考虑添加 "required" 修饰符或将该 字段 声明为可为 null。 [C:\Users\Administrator\RiderProjects\AdvancedTimeIsland\AdvancedTimeIsland.csproj::TargetFramework=net10.0]
C:\Users\Administrator\RiderProjects\AdvancedTimeIsland\Views\Main\DayYiJiSettingsControl.cs(71,12): warning CS8618: 在退出构造函数时，不可为 null 的 字段 "_jiValueEnableCustomFontWeightToggle" 必须包含非 null 值。请考虑添加 "required" 修饰符或将该 字段 声明为可为 null。 [C:\Users\Administrator\RiderProjects\AdvancedTimeIsland\AdvancedTimeIsland.csproj::TargetFramework=net10.0]
C:\Users\Administrator\RiderProjects\AdvancedTimeIsland\Views\Main\DayYiJiSettingsControl.cs(71,12): warning CS8618: 在退出构造函数时，不可为 null 的 字段 "_yiLabelFontFamilyComboBox" 必须包含非 null 值。请考虑添加 "required" 修饰符或将该 字段 声明为可为 null。 [C:\Users\Administrator\RiderProjects\AdvancedTimeIsland\AdvancedTimeIsland.csproj::TargetFramework=net10.0]
C:\Users\Administrator\RiderProjects\AdvancedTimeIsland\Views\Main\DayYiJiSettingsControl.cs(71,12): warning CS8618: 在退出构造函数时，不可为 null 的 字段 "_yiValueFontFamilyComboBox" 必须包含非 null 值。请考虑添加 "required" 修饰符或将该 字段 声明为可为 null。 [C:\Users\Administrator\RiderProjects\AdvancedTimeIsland\AdvancedTimeIsland.csproj::TargetFramework=net10.0]
C:\Users\Administrator\RiderProjects\AdvancedTimeIsland\Views\Main\DayYiJiSettingsControl.cs(71,12): warning CS8618: 在退出构造函数时，不可为 null 的 字段 "_jiLabelFontFamilyComboBox" 必须包含非 null 值。请考虑添加 "required" 修饰符或将该 字段 声明为可为 null。 [C:\Users\Administrator\RiderProjects\AdvancedTimeIsland\AdvancedTimeIsland.csproj::TargetFramework=net10.0]
C:\Users\Administrator\RiderProjects\AdvancedTimeIsland\Views\Main\DayYiJiSettingsControl.cs(71,12): warning CS8618: 在退出构造函数时，不可为 null 的 字段 "_jiValueFontFamilyComboBox" 必须包含非 null 值。请考虑添加 "required" 修饰符或将该 字段 声明为可为 null。 [C:\Users\Administrator\RiderProjects\AdvancedTimeIsland\AdvancedTimeIsland.csproj::TargetFramework=net10.0]
C:\Users\Administrator\RiderProjects\AdvancedTimeIsland\Views\Main\DayYiJiSettingsControl.cs(71,12): warning CS8618: 在退出构造函数时，不可为 null 的 字段 "_yiLabelFontWeightComboBox" 必须包含非 null 值。请考虑添加 "required" 修饰符或将该 字段 声明为可为 null。 [C:\Users\Administrator\RiderProjects\AdvancedTimeIsland\AdvancedTimeIsland.csproj::TargetFramework=net10.0]
C:\Users\Administrator\RiderProjects\AdvancedTimeIsland\Views\Main\DayYiJiSettingsControl.cs(71,12): warning CS8618: 在退出构造函数时，不可为 null 的 字段 "_yiValueFontWeightComboBox" 必须包含非 null 值。请考虑添加 "required" 修饰符或将该 字段 声明为可为 null。 [C:\Users\Administrator\RiderProjects\AdvancedTimeIsland\AdvancedTimeIsland.csproj::TargetFramework=net10.0]
C:\Users\Administrator\RiderProjects\AdvancedTimeIsland\Views\Main\DayYiJiSettingsControl.cs(71,12): warning CS8618: 在退出构造函数时，不可为 null 的 字段 "_jiLabelFontWeightComboBox" 必须包含非 null 值。请考虑添加 "required" 修饰符或将该 字段 声明为可为 null。 [C:\Users\Administrator\RiderProjects\AdvancedTimeIsland\AdvancedTimeIsland.csproj::TargetFramework=net10.0]
C:\Users\Administrator\RiderProjects\AdvancedTimeIsland\Views\Main\DayYiJiSettingsControl.cs(71,12): warning CS8618: 在退出构造函数时，不可为 null 的 字段 "_jiValueFontWeightComboBox" 必须包含非 null 值。请考虑添加 "required" 修饰符或将该 字段 声明为可为 null。 [C:\Users\Administrator\RiderProjects\AdvancedTimeIsland\AdvancedTimeIsland.csproj::TargetFramework=net10.0]
C:\Users\Administrator\RiderProjects\AdvancedTimeIsland\Views\Main\DayYiJiSettingsControl.cs(71,12): warning CS8618: 在退出构造函数时，不可为 null 的 字段 "_displayModeComboBox" 必须包含非 null 值。请考虑添加 "required" 修饰符或将该 字段 声明为可为 null。 [C:\Users\Administrator\RiderProjects\AdvancedTimeIsland\AdvancedTimeIsland.csproj::TargetFramework=net10.0]
C:\Users\Administrator\RiderProjects\AdvancedTimeIsland\Views\Main\DayYiJiSettingsControl.cs(71,12): warning CS8618: 在退出构造函数时，不可为 null 的 字段 "_displayModeLabel" 必须包含非 null 值。请考虑添加 "required" 修饰符或将该 字段 声明为可为 null。 [C:\Users\Administrator\RiderProjects\AdvancedTimeIsland\AdvancedTimeIsland.csproj::TargetFramework=net10.0]
C:\Users\Administrator\RiderProjects\AdvancedTimeIsland\Views\Main\DayYiJiSettingsControl.cs(71,12): warning CS8618: 在退出构造函数时，不可为 null 的 字段 "_yiLabelTitle" 必须包含非 null 值。请考虑添加 "required" 修饰符或将该 字段 声明为可为 null。 [C:\Users\Administrator\RiderProjects\AdvancedTimeIsland\AdvancedTimeIsland.csproj::TargetFramework=net10.0]
C:\Users\Administrator\RiderProjects\AdvancedTimeIsland\Views\Main\DayYiJiSettingsControl.cs(71,12): warning CS8618: 在退出构造函数时，不可为 null 的 字段 "_yiLabelColorLabel" 必须包含非 null 值。请考虑添加 "required" 修饰符或将该 字段 声明为可为 null。 [C:\Users\Administrator\RiderProjects\AdvancedTimeIsland\AdvancedTimeIsland.csproj::TargetFramework=net10.0]
C:\Users\Administrator\RiderProjects\AdvancedTimeIsland\Views\Main\DayYiJiSettingsControl.cs(71,12): warning CS8618: 在退出构造函数时，不可为 null 的 字段 "_yiLabelFontSizeLabel" 必须包含非 null 值。请考虑添加 "required" 修饰符或将该 字段 声明为可为 null。 [C:\Users\Administrator\RiderProjects\AdvancedTimeIsland\AdvancedTimeIsland.csproj::TargetFramework=net10.0]
C:\Users\Administrator\RiderProjects\AdvancedTimeIsland\Views\Main\DayYiJiSettingsControl.cs(71,12): warning CS8618: 在退出构造函数时，不可为 null 的 字段 "_yiValueTitle" 必须包含非 null 值。请考虑添加 "required" 修饰符或将该 字段 声明为可为 null。 [C:\Users\Administrator\RiderProjects\AdvancedTimeIsland\AdvancedTimeIsland.csproj::TargetFramework=net10.0]
C:\Users\Administrator\RiderProjects\AdvancedTimeIsland\Views\Main\DayYiJiSettingsControl.cs(71,12): warning CS8618: 在退出构造函数时，不可为 null 的 字段 "_yiValueColorNote" 必须包含非 null 值。请考虑添加 "required" 修饰符或将该 字段 声明为可为 null。 [C:\Users\Administrator\RiderProjects\AdvancedTimeIsland\AdvancedTimeIsland.csproj::TargetFramework=net10.0]
C:\Users\Administrator\RiderProjects\AdvancedTimeIsland\Views\Main\DayYiJiSettingsControl.cs(71,12): warning CS8618: 在退出构造函数时，不可为 null 的 字段 "_yiValueFontSizeLabel" 必须包含非 null 值。请考虑添加 "required" 修饰符或将该 字段 声明为可为 null。 [C:\Users\Administrator\RiderProjects\AdvancedTimeIsland\AdvancedTimeIsland.csproj::TargetFramework=net10.0]
C:\Users\Administrator\RiderProjects\AdvancedTimeIsland\Views\Main\DayYiJiSettingsControl.cs(71,12): warning CS8618: 在退出构造函数时，不可为 null 的 字段 "_jiLabelTitle" 必须包含非 null 值。请考虑添加 "required" 修饰符或将该 字段 声明为可为 null。 [C:\Users\Administrator\RiderProjects\AdvancedTimeIsland\AdvancedTimeIsland.csproj::TargetFramework=net10.0]
C:\Users\Administrator\RiderProjects\AdvancedTimeIsland\Views\Main\DayYiJiSettingsControl.cs(71,12): warning CS8618: 在退出构造函数时，不可为 null 的 字段 "_jiLabelColorLabel" 必须包含非 null 值。请考虑添加 "required" 修饰符或将该 字段 声明为可为 null。 [C:\Users\Administrator\RiderProjects\AdvancedTimeIsland\AdvancedTimeIsland.csproj::TargetFramework=net10.0]
C:\Users\Administrator\RiderProjects\AdvancedTimeIsland\Views\Main\DayYiJiSettingsControl.cs(71,12): warning CS8618: 在退出构造函数时，不可为 null 的 字段 "_jiLabelFontSizeLabel" 必须包含非 null 值。请考虑添加 "required" 修饰符或将该 字段 声明为可为 null。 [C:\Users\Administrator\RiderProjects\AdvancedTimeIsland\AdvancedTimeIsland.csproj::TargetFramework=net10.0]
C:\Users\Administrator\RiderProjects\AdvancedTimeIsland\Views\Main\DayYiJiSettingsControl.cs(71,12): warning CS8618: 在退出构造函数时，不可为 null 的 字段 "_jiValueTitle" 必须包含非 null 值。请考虑添加 "required" 修饰符或将该 字段 声明为可为 null。 [C:\Users\Administrator\RiderProjects\AdvancedTimeIsland\AdvancedTimeIsland.csproj::TargetFramework=net10.0]
C:\Users\Administrator\RiderProjects\AdvancedTimeIsland\Views\Main\DayYiJiSettingsControl.cs(71,12): warning CS8618: 在退出构造函数时，不可为 null 的 字段 "_jiValueColorNote" 必须包含非 null 值。请考虑添加 "required" 修饰符或将该 字段 声明为可为 null。 [C:\Users\Administrator\RiderProjects\AdvancedTimeIsland\AdvancedTimeIsland.csproj::TargetFramework=net10.0]
C:\Users\Administrator\RiderProjects\AdvancedTimeIsland\Views\Main\DayYiJiSettingsControl.cs(71,12): warning CS8618: 在退出构造函数时，不可为 null 的 字段 "_jiValueFontSizeLabel" 必须包含非 null 值。请考虑添加 "required" 修饰符或将该 字段 声明为可为 null。 [C:\Users\Administrator\RiderProjects\AdvancedTimeIsland\AdvancedTimeIsland.csproj::TargetFramework=net10.0]
C:\Users\Administrator\RiderProjects\AdvancedTimeIsland\Views\Main\DayYiJiSettingsControl.cs(71,12): warning CS8618: 在退出构造函数时，不可为 null 的 字段 "_yiLabelFontFamilyLabel" 必须包含非 null 值。请考虑添加 "required" 修饰符或将该 字段 声明为可为 null。 [C:\Users\Administrator\RiderProjects\AdvancedTimeIsland\AdvancedTimeIsland.csproj::TargetFramework=net10.0]
C:\Users\Administrator\RiderProjects\AdvancedTimeIsland\Views\Main\DayYiJiSettingsControl.cs(71,12): warning CS8618: 在退出构造函数时，不可为 null 的 字段 "_yiLabelFontWeightLabel" 必须包含非 null 值。请考虑添加 "required" 修饰符或将该 字段 声明为可为 null。 [C:\Users\Administrator\RiderProjects\AdvancedTimeIsland\AdvancedTimeIsland.csproj::TargetFramework=net10.0]
C:\Users\Administrator\RiderProjects\AdvancedTimeIsland\Views\Main\DayYiJiSettingsControl.cs(71,12): warning CS8618: 在退出构造函数时，不可为 null 的 字段 "_yiValueFontFamilyLabel" 必须包含非 null 值。请考虑添加 "required" 修饰符或将该 字段 声明为可为 null。 [C:\Users\Administrator\RiderProjects\AdvancedTimeIsland\AdvancedTimeIsland.csproj::TargetFramework=net10.0]
C:\Users\Administrator\RiderProjects\AdvancedTimeIsland\Views\Main\DayYiJiSettingsControl.cs(71,12): warning CS8618: 在退出构造函数时，不可为 null 的 字段 "_yiValueFontWeightLabel" 必须包含非 null 值。请考虑添加 "required" 修饰符或将该 字段 声明为可为 null。 [C:\Users\Administrator\RiderProjects\AdvancedTimeIsland\AdvancedTimeIsland.csproj::TargetFramework=net10.0]
C:\Users\Administrator\RiderProjects\AdvancedTimeIsland\Views\Main\DayYiJiSettingsControl.cs(71,12): warning CS8618: 在退出构造函数时，不可为 null 的 字段 "_jiLabelFontFamilyLabel" 必须包含非 null 值。请考虑添加 "required" 修饰符或将该 字段 声明为可为 null。 [C:\Users\Administrator\RiderProjects\AdvancedTimeIsland\AdvancedTimeIsland.csproj::TargetFramework=net10.0]
C:\Users\Administrator\RiderProjects\AdvancedTimeIsland\Views\Main\DayYiJiSettingsControl.cs(71,12): warning CS8618: 在退出构造函数时，不可为 null 的 字段 "_jiLabelFontWeightLabel" 必须包含非 null 值。请考虑添加 "required" 修饰符或将该 字段 声明为可为 null。 [C:\Users\Administrator\RiderProjects\AdvancedTimeIsland\AdvancedTimeIsland.csproj::TargetFramework=net10.0]
C:\Users\Administrator\RiderProjects\AdvancedTimeIsland\Views\Main\DayYiJiSettingsControl.cs(71,12): warning CS8618: 在退出构造函数时，不可为 null 的 字段 "_jiValueFontFamilyLabel" 必须包含非 null 值。请考虑添加 "required" 修饰符或将该 字段 声明为可为 null。 [C:\Users\Administrator\RiderProjects\AdvancedTimeIsland\AdvancedTimeIsland.csproj::TargetFramework=net10.0]
C:\Users\Administrator\RiderProjects\AdvancedTimeIsland\Views\Main\DayYiJiSettingsControl.cs(71,12): warning CS8618: 在退出构造函数时，不可为 null 的 字段 "_jiValueFontWeightLabel" 必须包含非 null 值。请考虑添加 "required" 修饰符或将该 字段 声明为可为 null。 [C:\Users\Administrator\RiderProjects\AdvancedTimeIsland\AdvancedTimeIsland.csproj::TargetFramework=net10.0]
C:\Users\Administrator\RiderProjects\AdvancedTimeIsland\Automation\Rules\FestivalRuleSettingsControl.cs(12,12): warning CS8618: 在退出构造函数时，不可为 null 的 字段 "_festivalComboBox" 必须包含非 null 值。请考虑添加 "required" 修饰符或将该 字段 声明为可为 null。 [C:\Users\Administrator\RiderProjects\AdvancedTimeIsland\AdvancedTimeIsland.csproj::TargetFramework=net10.0]
C:\Users\Administrator\RiderProjects\AdvancedTimeIsland\Views\Main\FestivalControl.cs(30,12): warning CS8618: 在退出构造函数时，不可为 null 的 字段 "vm" 必须包含非 null 值。请考虑添加 "required" 修饰符或将该 字段 声明为可为 null。 [C:\Users\Administrator\RiderProjects\AdvancedTimeIsland\AdvancedTimeIsland.csproj::TargetFramework=net10.0]
C:\Users\Administrator\RiderProjects\AdvancedTimeIsland\Views\Main\FestivalControl.cs(30,12): warning CS8618: 在退出构造函数时，不可为 null 的 字段 "labelTb" 必须包含非 null 值。请考虑添加 "required" 修饰符或将该 字段 声明为可为 null。 [C:\Users\Administrator\RiderProjects\AdvancedTimeIsland\AdvancedTimeIsland.csproj::TargetFramework=net10.0]
C:\Users\Administrator\RiderProjects\AdvancedTimeIsland\Views\Main\FestivalControl.cs(30,12): warning CS8618: 在退出构造函数时，不可为 null 的 字段 "valueTb" 必须包含非 null 值。请考虑添加 "required" 修饰符或将该 字段 声明为可为 null。 [C:\Users\Administrator\RiderProjects\AdvancedTimeIsland\AdvancedTimeIsland.csproj::TargetFramework=net10.0]
C:\Users\Administrator\RiderProjects\AdvancedTimeIsland\Views\Main\FestivalControl.cs(30,12): warning CS8618: 在退出构造函数时，不可为 null 的 字段 "rootBorder" 必须包含非 null 值。请考虑添加 "required" 修饰符或将该 字段 声明为可为 null。 [C:\Users\Administrator\RiderProjects\AdvancedTimeIsland\AdvancedTimeIsland.csproj::TargetFramework=net10.0]
C:\Users\Administrator\RiderProjects\AdvancedTimeIsland\Automation\Rules\JieQiRuleSettingsControl.cs(12,12): warning CS8618: 在退出构造函数时，不可为 null 的 字段 "_jieQiComboBox" 必须包含非 null 值。请考虑添加 "required" 修饰符或将该 字段 声明为可为 null。 [C:\Users\Administrator\RiderProjects\AdvancedTimeIsland\AdvancedTimeIsland.csproj::TargetFramework=net10.0]
C:\Users\Administrator\RiderProjects\AdvancedTimeIsland\Automation\Rules\HourlyTimeRangeRuleSettingsControl.cs(72,13): warning CS0618: “TextBox.Watermark”已过时:“Use PlaceholderText instead.” [C:\Users\Administrator\RiderProjects\AdvancedTimeIsland\AdvancedTimeIsland.csproj::TargetFramework=net10.0]
C:\Users\Administrator\RiderProjects\AdvancedTimeIsland\Automation\Rules\HourlyTimeRangeRuleSettingsControl.cs(79,13): warning CS0618: “TextBox.Watermark”已过时:“Use PlaceholderText instead.” [C:\Users\Administrator\RiderProjects\AdvancedTimeIsland\AdvancedTimeIsland.csproj::TargetFramework=net10.0]
C:\Users\Administrator\RiderProjects\AdvancedTimeIsland\Views\Settings\DebugPage.cs(602,74): warning CS8604: “Task<object> FluentAvaloniaCompatibilityHelper.ShowContentDialogAsync(object dialog, TopLevel topLevel)”中的形参“topLevel”可能传入 null 引用实参。 [C:\Users\Administrator\RiderProjects\AdvancedTimeIsland\AdvancedTimeIsland.csproj::TargetFramework=net10.0]
C:\Users\Administrator\RiderProjects\AdvancedTimeIsland\Automation\Rules\HourlyTimeRangeRuleSettingsControl.cs(147,39): warning CS8604: “int HourlyTimeRangeRuleSettingsControl.ParseMinute(string text)”中的形参“text”可能传入 null 引用实参。 [C:\Users\Administrator\RiderProjects\AdvancedTimeIsland\AdvancedTimeIsland.csproj::TargetFramework=net10.0]
C:\Users\Administrator\RiderProjects\AdvancedTimeIsland\Automation\Rules\HourlyTimeRangeRuleSettingsControl.cs(148,39): warning CS8604: “int HourlyTimeRangeRuleSettingsControl.ParseSecond(string text)”中的形参“text”可能传入 null 引用实参。 [C:\Users\Administrator\RiderProjects\AdvancedTimeIsland\AdvancedTimeIsland.csproj::TargetFramework=net10.0]
C:\Users\Administrator\RiderProjects\AdvancedTimeIsland\Automation\Rules\HourlyTimeRangeRuleSettingsControl.cs(151,37): warning CS8604: “int HourlyTimeRangeRuleSettingsControl.ParseMinute(string text)”中的形参“text”可能传入 null 引用实参。 [C:\Users\Administrator\RiderProjects\AdvancedTimeIsland\AdvancedTimeIsland.csproj::TargetFramework=net10.0]
C:\Users\Administrator\RiderProjects\AdvancedTimeIsland\Automation\Rules\HourlyTimeRangeRuleSettingsControl.cs(152,37): warning CS8604: “int HourlyTimeRangeRuleSettingsControl.ParseSecond(string text)”中的形参“text”可能传入 null 引用实参。 [C:\Users\Administrator\RiderProjects\AdvancedTimeIsland\AdvancedTimeIsland.csproj::TargetFramework=net10.0]
C:\Users\Administrator\RiderProjects\AdvancedTimeIsland\Views\Main\TimeZoneTimeControl.cs(29,12): warning CS8618: 在退出构造函数时，不可为 null 的 字段 "vm" 必须包含非 null 值。请考虑添加 "required" 修饰符或将该 字段 声明为可为 null。 [C:\Users\Administrator\RiderProjects\AdvancedTimeIsland\AdvancedTimeIsland.csproj::TargetFramework=net10.0]
C:\Users\Administrator\RiderProjects\AdvancedTimeIsland\Views\Main\TimeZoneTimeControl.cs(29,12): warning CS8618: 在退出构造函数时，不可为 null 的 字段 "tb" 必须包含非 null 值。请考虑添加 "required" 修饰符或将该 字段 声明为可为 null。 [C:\Users\Administrator\RiderProjects\AdvancedTimeIsland\AdvancedTimeIsland.csproj::TargetFramework=net10.0]
C:\Users\Administrator\RiderProjects\AdvancedTimeIsland\Views\Main\TimeZoneTimeControl.cs(29,12): warning CS8618: 在退出构造函数时，不可为 null 的 字段 "rootBorder" 必须包含非 null 值。请考虑添加 "required" 修饰符或将该 字段 声明为可为 null。 [C:\Users\Administrator\RiderProjects\AdvancedTimeIsland\AdvancedTimeIsland.csproj::TargetFramework=net10.0]
C:\Users\Administrator\RiderProjects\AdvancedTimeIsland\Views\Settings\FpsChartPage.cs(170,93): warning CS8604: “Task<object> FluentAvaloniaCompatibilityHelper.ShowContentDialogAsync(object dialog, TopLevel topLevel)”中的形参“topLevel”可能传入 null 引用实参。 [C:\Users\Administrator\RiderProjects\AdvancedTimeIsland\AdvancedTimeIsland.csproj::TargetFramework=net10.0]
C:\Users\Administrator\RiderProjects\AdvancedTimeIsland\Automation\Rules\LocalSolarHourlyTimeRangeRuleSettingsControl.cs(146,13): warning CS0618: “TextBox.Watermark”已过时:“Use PlaceholderText instead.” [C:\Users\Administrator\RiderProjects\AdvancedTimeIsland\AdvancedTimeIsland.csproj::TargetFramework=net10.0]
C:\Users\Administrator\RiderProjects\AdvancedTimeIsland\Automation\Rules\LocalSolarHourlyTimeRangeRuleSettingsControl.cs(160,52): warning CS0618: “TextBox.Watermark”已过时:“Use PlaceholderText instead.” [C:\Users\Administrator\RiderProjects\AdvancedTimeIsland\AdvancedTimeIsland.csproj::TargetFramework=net10.0]
C:\Users\Administrator\RiderProjects\AdvancedTimeIsland\Automation\Rules\LocalSolarHourlyTimeRangeRuleSettingsControl.cs(165,52): warning CS0618: “TextBox.Watermark”已过时:“Use PlaceholderText instead.” [C:\Users\Administrator\RiderProjects\AdvancedTimeIsland\AdvancedTimeIsland.csproj::TargetFramework=net10.0]
C:\Users\Administrator\RiderProjects\AdvancedTimeIsland\Automation\Rules\LocalSolarHourlyTimeRangeRuleSettingsControl.cs(170,52): warning CS0618: “TextBox.Watermark”已过时:“Use PlaceholderText instead.” [C:\Users\Administrator\RiderProjects\AdvancedTimeIsland\AdvancedTimeIsland.csproj::TargetFramework=net10.0]
C:\Users\Administrator\RiderProjects\AdvancedTimeIsland\Automation\Rules\LocalSolarExactTimeRuleSettingsControl.cs(152,13): warning CS0618: “TextBox.Watermark”已过时:“Use PlaceholderText instead.” [C:\Users\Administrator\RiderProjects\AdvancedTimeIsland\AdvancedTimeIsland.csproj::TargetFramework=net10.0]
C:\Users\Administrator\RiderProjects\AdvancedTimeIsland\Automation\Rules\LocalSolarExactTimeRuleSettingsControl.cs(166,52): warning CS0618: “TextBox.Watermark”已过时:“Use PlaceholderText instead.” [C:\Users\Administrator\RiderProjects\AdvancedTimeIsland\AdvancedTimeIsland.csproj::TargetFramework=net10.0]
C:\Users\Administrator\RiderProjects\AdvancedTimeIsland\Automation\Rules\LocalSolarExactTimeRuleSettingsControl.cs(171,52): warning CS0618: “TextBox.Watermark”已过时:“Use PlaceholderText instead.” [C:\Users\Administrator\RiderProjects\AdvancedTimeIsland\AdvancedTimeIsland.csproj::TargetFramework=net10.0]
C:\Users\Administrator\RiderProjects\AdvancedTimeIsland\Automation\Rules\LocalSolarExactTimeRuleSettingsControl.cs(176,52): warning CS0618: “TextBox.Watermark”已过时:“Use PlaceholderText instead.” [C:\Users\Administrator\RiderProjects\AdvancedTimeIsland\AdvancedTimeIsland.csproj::TargetFramework=net10.0]
C:\Users\Administrator\RiderProjects\AdvancedTimeIsland\Views\Main\CountdownControl.cs(310,37): warning CS8603: 可能返回 null 引用。 [C:\Users\Administrator\RiderProjects\AdvancedTimeIsland\AdvancedTimeIsland.csproj::TargetFramework=net10.0]
C:\Users\Administrator\RiderProjects\AdvancedTimeIsland\Automation\Rules\LocalSolarHourlyTimeRangeRuleSettingsControl.cs(228,13): warning CS0618: “TextBox.Watermark”已过时:“Use PlaceholderText instead.” [C:\Users\Administrator\RiderProjects\AdvancedTimeIsland\AdvancedTimeIsland.csproj::TargetFramework=net10.0]
C:\Users\Administrator\RiderProjects\AdvancedTimeIsland\Automation\Rules\LocalSolarHourlyTimeRangeRuleSettingsControl.cs(235,13): warning CS0618: “TextBox.Watermark”已过时:“Use PlaceholderText instead.” [C:\Users\Administrator\RiderProjects\AdvancedTimeIsland\AdvancedTimeIsland.csproj::TargetFramework=net10.0]
C:\Users\Administrator\RiderProjects\AdvancedTimeIsland\Automation\Rules\LocalSolarWeeklyTimeRangeRuleSettingsControl.cs(155,13): warning CS0618: “TextBox.Watermark”已过时:“Use PlaceholderText instead.” [C:\Users\Administrator\RiderProjects\AdvancedTimeIsland\AdvancedTimeIsland.csproj::TargetFramework=net10.0]
C:\Users\Administrator\RiderProjects\AdvancedTimeIsland\Automation\Rules\LocalSolarWeeklyTimeRangeRuleSettingsControl.cs(169,52): warning CS0618: “TextBox.Watermark”已过时:“Use PlaceholderText instead.” [C:\Users\Administrator\RiderProjects\AdvancedTimeIsland\AdvancedTimeIsland.csproj::TargetFramework=net10.0]
C:\Users\Administrator\RiderProjects\AdvancedTimeIsland\Automation\Rules\LocalSolarWeeklyTimeRangeRuleSettingsControl.cs(174,52): warning CS0618: “TextBox.Watermark”已过时:“Use PlaceholderText instead.” [C:\Users\Administrator\RiderProjects\AdvancedTimeIsland\AdvancedTimeIsland.csproj::TargetFramework=net10.0]
C:\Users\Administrator\RiderProjects\AdvancedTimeIsland\Automation\Rules\LocalSolarWeeklyTimeRangeRuleSettingsControl.cs(179,52): warning CS0618: “TextBox.Watermark”已过时:“Use PlaceholderText instead.” [C:\Users\Administrator\RiderProjects\AdvancedTimeIsland\AdvancedTimeIsland.csproj::TargetFramework=net10.0]
C:\Users\Administrator\RiderProjects\AdvancedTimeIsland\Views\Main\SunriseSunsetSettingsControl.cs(88,12): warning CS8618: 在退出构造函数时，不可为 null 的 字段 "_titleTextBlock" 必须包含非 null 值。请考虑添加 "required" 修饰符或将该 字段 声明为可为 null。 [C:\Users\Administrator\RiderProjects\AdvancedTimeIsland\AdvancedTimeIsland.csproj::TargetFramework=net10.0]
C:\Users\Administrator\RiderProjects\AdvancedTimeIsland\Views\Main\SunriseSunsetSettingsControl.cs(88,12): warning CS8618: 在退出构造函数时，不可为 null 的 字段 "_descTextBlock" 必须包含非 null 值。请考虑添加 "required" 修饰符或将该 字段 声明为可为 null。 [C:\Users\Administrator\RiderProjects\AdvancedTimeIsland\AdvancedTimeIsland.csproj::TargetFramework=net10.0]
C:\Users\Administrator\RiderProjects\AdvancedTimeIsland\Views\Main\SunriseSunsetSettingsControl.cs(88,12): warning CS8618: 在退出构造函数时，不可为 null 的 字段 "_coordTitleTextBlock" 必须包含非 null 值。请考虑添加 "required" 修饰符或将该 字段 声明为可为 null。 [C:\Users\Administrator\RiderProjects\AdvancedTimeIsland\AdvancedTimeIsland.csproj::TargetFramework=net10.0]
C:\Users\Administrator\RiderProjects\AdvancedTimeIsland\Views\Main\SunriseSunsetSettingsControl.cs(88,12): warning CS8618: 在退出构造函数时，不可为 null 的 字段 "_longitudeTextBox" 必须包含非 null 值。请考虑添加 "required" 修饰符或将该 字段 声明为可为 null。 [C:\Users\Administrator\RiderProjects\AdvancedTimeIsland\AdvancedTimeIsland.csproj::TargetFramework=net10.0]
C:\Users\Administrator\RiderProjects\AdvancedTimeIsland\Views\Main\SunriseSunsetSettingsControl.cs(88,12): warning CS8618: 在退出构造函数时，不可为 null 的 字段 "_longitudeDmsDegreesTextBox" 必须包含非 null 值。请考虑添加 "required" 修饰符或将该 字段 声明为可为 null。 [C:\Users\Administrator\RiderProjects\AdvancedTimeIsland\AdvancedTimeIsland.csproj::TargetFramework=net10.0]
C:\Users\Administrator\RiderProjects\AdvancedTimeIsland\Views\Main\SunriseSunsetSettingsControl.cs(88,12): warning CS8618: 在退出构造函数时，不可为 null 的 字段 "_longitudeDmsMinutesTextBox" 必须包含非 null 值。请考虑添加 "required" 修饰符或将该 字段 声明为可为 null。 [C:\Users\Administrator\RiderProjects\AdvancedTimeIsland\AdvancedTimeIsland.csproj::TargetFramework=net10.0]
C:\Users\Administrator\RiderProjects\AdvancedTimeIsland\Views\Main\SunriseSunsetSettingsControl.cs(88,12): warning CS8618: 在退出构造函数时，不可为 null 的 字段 "_longitudeDmsSecondsTextBox" 必须包含非 null 值。请考虑添加 "required" 修饰符或将该 字段 声明为可为 null。 [C:\Users\Administrator\RiderProjects\AdvancedTimeIsland\AdvancedTimeIsland.csproj::TargetFramework=net10.0]
C:\Users\Administrator\RiderProjects\AdvancedTimeIsland\Views\Main\SunriseSunsetSettingsControl.cs(88,12): warning CS8618: 在退出构造函数时，不可为 null 的 字段 "_longitudeDmsDirectionComboBox" 必须包含非 null 值。请考虑添加 "required" 修饰符或将该 字段 声明为可为 null。 [C:\Users\Administrator\RiderProjects\AdvancedTimeIsland\AdvancedTimeIsland.csproj::TargetFramework=net10.0]
C:\Users\Administrator\RiderProjects\AdvancedTimeIsland\Views\Main\SunriseSunsetSettingsControl.cs(88,12): warning CS8618: 在退出构造函数时，不可为 null 的 字段 "_longitudeDmsPanel" 必须包含非 null 值。请考虑添加 "required" 修饰符或将该 字段 声明为可为 null。 [C:\Users\Administrator\RiderProjects\AdvancedTimeIsland\AdvancedTimeIsland.csproj::TargetFramework=net10.0]
C:\Users\Administrator\RiderProjects\AdvancedTimeIsland\Views\Main\SunriseSunsetSettingsControl.cs(88,12): warning CS8618: 在退出构造函数时，不可为 null 的 字段 "_longitudeLabelTextBlock" 必须包含非 null 值。请考虑添加 "required" 修饰符或将该 字段 声明为可为 null。 [C:\Users\Administrator\RiderProjects\AdvancedTimeIsland\AdvancedTimeIsland.csproj::TargetFramework=net10.0]
C:\Users\Administrator\RiderProjects\AdvancedTimeIsland\Views\Main\SunriseSunsetSettingsControl.cs(88,12): warning CS8618: 在退出构造函数时，不可为 null 的 字段 "_dmsDegreeSymbol" 必须包含非 null 值。请考虑添加 "required" 修饰符或将该 字段 声明为可为 null。 [C:\Users\Administrator\RiderProjects\AdvancedTimeIsland\AdvancedTimeIsland.csproj::TargetFramework=net10.0]
C:\Users\Administrator\RiderProjects\AdvancedTimeIsland\Views\Main\SunriseSunsetSettingsControl.cs(88,12): warning CS8618: 在退出构造函数时，不可为 null 的 字段 "_dmsMinuteSymbol" 必须包含非 null 值。请考虑添加 "required" 修饰符或将该 字段 声明为可为 null。 [C:\Users\Administrator\RiderProjects\AdvancedTimeIsland\AdvancedTimeIsland.csproj::TargetFramework=net10.0]
C:\Users\Administrator\RiderProjects\AdvancedTimeIsland\Views\Main\SunriseSunsetSettingsControl.cs(88,12): warning CS8618: 在退出构造函数时，不可为 null 的 字段 "_dmsSecondSymbol" 必须包含非 null 值。请考虑添加 "required" 修饰符或将该 字段 声明为可为 null。 [C:\Users\Administrator\RiderProjects\AdvancedTimeIsland\AdvancedTimeIsland.csproj::TargetFramework=net10.0]
C:\Users\Administrator\RiderProjects\AdvancedTimeIsland\Views\Main\SunriseSunsetSettingsControl.cs(88,12): warning CS8618: 在退出构造函数时，不可为 null 的 字段 "_latitudeTextBox" 必须包含非 null 值。请考虑添加 "required" 修饰符或将该 字段 声明为可为 null。 [C:\Users\Administrator\RiderProjects\AdvancedTimeIsland\AdvancedTimeIsland.csproj::TargetFramework=net10.0]
C:\Users\Administrator\RiderProjects\AdvancedTimeIsland\Views\Main\SunriseSunsetSettingsControl.cs(88,12): warning CS8618: 在退出构造函数时，不可为 null 的 字段 "_latitudeDmsDegreesTextBox" 必须包含非 null 值。请考虑添加 "required" 修饰符或将该 字段 声明为可为 null。 [C:\Users\Administrator\RiderProjects\AdvancedTimeIsland\AdvancedTimeIsland.csproj::TargetFramework=net10.0]
C:\Users\Administrator\RiderProjects\AdvancedTimeIsland\Views\Main\SunriseSunsetSettingsControl.cs(88,12): warning CS8618: 在退出构造函数时，不可为 null 的 字段 "_latitudeDmsMinutesTextBox" 必须包含非 null 值。请考虑添加 "required" 修饰符或将该 字段 声明为可为 null。 [C:\Users\Administrator\RiderProjects\AdvancedTimeIsland\AdvancedTimeIsland.csproj::TargetFramework=net10.0]
C:\Users\Administrator\RiderProjects\AdvancedTimeIsland\Views\Main\SunriseSunsetSettingsControl.cs(88,12): warning CS8618: 在退出构造函数时，不可为 null 的 字段 "_latitudeDmsSecondsTextBox" 必须包含非 null 值。请考虑添加 "required" 修饰符或将该 字段 声明为可为 null。 [C:\Users\Administrator\RiderProjects\AdvancedTimeIsland\AdvancedTimeIsland.csproj::TargetFramework=net10.0]
C:\Users\Administrator\RiderProjects\AdvancedTimeIsland\Views\Main\SunriseSunsetSettingsControl.cs(88,12): warning CS8618: 在退出构造函数时，不可为 null 的 字段 "_latitudeDmsDirectionComboBox" 必须包含非 null 值。请考虑添加 "required" 修饰符或将该 字段 声明为可为 null。 [C:\Users\Administrator\RiderProjects\AdvancedTimeIsland\AdvancedTimeIsland.csproj::TargetFramework=net10.0]
C:\Users\Administrator\RiderProjects\AdvancedTimeIsland\Views\Main\SunriseSunsetSettingsControl.cs(88,12): warning CS8618: 在退出构造函数时，不可为 null 的 字段 "_latitudeDmsPanel" 必须包含非 null 值。请考虑添加 "required" 修饰符或将该 字段 声明为可为 null。 [C:\Users\Administrator\RiderProjects\AdvancedTimeIsland\AdvancedTimeIsland.csproj::TargetFramework=net10.0]
C:\Users\Administrator\RiderProjects\AdvancedTimeIsland\Views\Main\SunriseSunsetSettingsControl.cs(88,12): warning CS8618: 在退出构造函数时，不可为 null 的 字段 "_latitudeLabelTextBlock" 必须包含非 null 值。请考虑添加 "required" 修饰符或将该 字段 声明为可为 null。 [C:\Users\Administrator\RiderProjects\AdvancedTimeIsland\AdvancedTimeIsland.csproj::TargetFramework=net10.0]
C:\Users\Administrator\RiderProjects\AdvancedTimeIsland\Views\Main\SunriseSunsetSettingsControl.cs(88,12): warning CS8618: 在退出构造函数时，不可为 null 的 字段 "_latDmsDegreeSymbol" 必须包含非 null 值。请考虑添加 "required" 修饰符或将该 字段 声明为可为 null。 [C:\Users\Administrator\RiderProjects\AdvancedTimeIsland\AdvancedTimeIsland.csproj::TargetFramework=net10.0]
C:\Users\Administrator\RiderProjects\AdvancedTimeIsland\Views\Main\SunriseSunsetSettingsControl.cs(88,12): warning CS8618: 在退出构造函数时，不可为 null 的 字段 "_latDmsMinuteSymbol" 必须包含非 null 值。请考虑添加 "required" 修饰符或将该 字段 声明为可为 null。 [C:\Users\Administrator\RiderProjects\AdvancedTimeIsland\AdvancedTimeIsland.csproj::TargetFramework=net10.0]
C:\Users\Administrator\RiderProjects\AdvancedTimeIsland\Views\Main\SunriseSunsetSettingsControl.cs(88,12): warning CS8618: 在退出构造函数时，不可为 null 的 字段 "_latDmsSecondSymbol" 必须包含非 null 值。请考虑添加 "required" 修饰符或将该 字段 声明为可为 null。 [C:\Users\Administrator\RiderProjects\AdvancedTimeIsland\AdvancedTimeIsland.csproj::TargetFramework=net10.0]
C:\Users\Administrator\RiderProjects\AdvancedTimeIsland\Views\Main\SunriseSunsetSettingsControl.cs(88,12): warning CS8618: 在退出构造函数时，不可为 null 的 字段 "_getLocationButton" 必须包含非 null 值。请考虑添加 "required" 修饰符或将该 字段 声明为可为 null。 [C:\Users\Administrator\RiderProjects\AdvancedTimeIsland\AdvancedTimeIsland.csproj::TargetFramework=net10.0]
C:\Users\Administrator\RiderProjects\AdvancedTimeIsland\Views\Main\SunriseSunsetSettingsControl.cs(88,12): warning CS8618: 在退出构造函数时，不可为 null 的 字段 "_statusText" 必须包含非 null 值。请考虑添加 "required" 修饰符或将该 字段 声明为可为 null。 [C:\Users\Administrator\RiderProjects\AdvancedTimeIsland\AdvancedTimeIsland.csproj::TargetFramework=net10.0]
C:\Users\Administrator\RiderProjects\AdvancedTimeIsland\Views\Main\SunriseSunsetSettingsControl.cs(88,12): warning CS8618: 在退出构造函数时，不可为 null 的 字段 "_timeZoneTitleTextBlock" 必须包含非 null 值。请考虑添加 "required" 修饰符或将该 字段 声明为可为 null。 [C:\Users\Administrator\RiderProjects\AdvancedTimeIsland\AdvancedTimeIsland.csproj::TargetFramework=net10.0]
C:\Users\Administrator\RiderProjects\AdvancedTimeIsland\Views\Main\SunriseSunsetSettingsControl.cs(88,12): warning CS8618: 在退出构造函数时，不可为 null 的 字段 "_timeZoneComboBox" 必须包含非 null 值。请考虑添加 "required" 修饰符或将该 字段 声明为可为 null。 [C:\Users\Administrator\RiderProjects\AdvancedTimeIsland\AdvancedTimeIsland.csproj::TargetFramework=net10.0]
C:\Users\Administrator\RiderProjects\AdvancedTimeIsland\Views\Main\SunriseSunsetSettingsControl.cs(88,12): warning CS8618: 在退出构造函数时，不可为 null 的 字段 "_getTimeZoneButton" 必须包含非 null 值。请考虑添加 "required" 修饰符或将该 字段 声明为可为 null。 [C:\Users\Administrator\RiderProjects\AdvancedTimeIsland\AdvancedTimeIsland.csproj::TargetFramework=net10.0]
C:\Users\Administrator\RiderProjects\AdvancedTimeIsland\Views\Main\SunriseSunsetSettingsControl.cs(88,12): warning CS8618: 在退出构造函数时，不可为 null 的 字段 "_timeZoneLabelTextBlock" 必须包含非 null 值。请考虑添加 "required" 修饰符或将该 字段 声明为可为 null。 [C:\Users\Administrator\RiderProjects\AdvancedTimeIsland\AdvancedTimeIsland.csproj::TargetFramework=net10.0]
C:\Users\Administrator\RiderProjects\AdvancedTimeIsland\Views\Main\SunriseSunsetSettingsControl.cs(88,12): warning CS8618: 在退出构造函数时，不可为 null 的 字段 "_styleTitleTextBlock" 必须包含非 null 值。请考虑添加 "required" 修饰符或将该 字段 声明为可为 null。 [C:\Users\Administrator\RiderProjects\AdvancedTimeIsland\AdvancedTimeIsland.csproj::TargetFramework=net10.0]
C:\Users\Administrator\RiderProjects\AdvancedTimeIsland\Views\Main\SunriseSunsetSettingsControl.cs(88,12): warning CS8618: 在退出构造函数时，不可为 null 的 字段 "_sunriseLabelLabel" 必须包含非 null 值。请考虑添加 "required" 修饰符或将该 字段 声明为可为 null。 [C:\Users\Administrator\RiderProjects\AdvancedTimeIsland\AdvancedTimeIsland.csproj::TargetFramework=net10.0]
C:\Users\Administrator\RiderProjects\AdvancedTimeIsland\Views\Main\SunriseSunsetSettingsControl.cs(88,12): warning CS8618: 在退出构造函数时，不可为 null 的 字段 "_sunriseLabelColorPicker" 必须包含非 null 值。请考虑添加 "required" 修饰符或将该 字段 声明为可为 null。 [C:\Users\Administrator\RiderProjects\AdvancedTimeIsland\AdvancedTimeIsland.csproj::TargetFramework=net10.0]
C:\Users\Administrator\RiderProjects\AdvancedTimeIsland\Views\Main\SunriseSunsetSettingsControl.cs(88,12): warning CS8618: 在退出构造函数时，不可为 null 的 字段 "_sunriseLabelSizeNumericUpDown" 必须包含非 null 值。请考虑添加 "required" 修饰符或将该 字段 声明为可为 null。 [C:\Users\Administrator\RiderProjects\AdvancedTimeIsland\AdvancedTimeIsland.csproj::TargetFramework=net10.0]
C:\Users\Administrator\RiderProjects\AdvancedTimeIsland\Views\Main\SunriseSunsetSettingsControl.cs(88,12): warning CS8618: 在退出构造函数时，不可为 null 的 字段 "_sunriseTimeLabel" 必须包含非 null 值。请考虑添加 "required" 修饰符或将该 字段 声明为可为 null。 [C:\Users\Administrator\RiderProjects\AdvancedTimeIsland\AdvancedTimeIsland.csproj::TargetFramework=net10.0]
C:\Users\Administrator\RiderProjects\AdvancedTimeIsland\Views\Main\SunriseSunsetSettingsControl.cs(88,12): warning CS8618: 在退出构造函数时，不可为 null 的 字段 "_sunriseTimeColorPicker" 必须包含非 null 值。请考虑添加 "required" 修饰符或将该 字段 声明为可为 null。 [C:\Users\Administrator\RiderProjects\AdvancedTimeIsland\AdvancedTimeIsland.csproj::TargetFramework=net10.0]
C:\Users\Administrator\RiderProjects\AdvancedTimeIsland\Views\Main\SunriseSunsetSettingsControl.cs(88,12): warning CS8618: 在退出构造函数时，不可为 null 的 字段 "_sunriseTimeSizeNumericUpDown" 必须包含非 null 值。请考虑添加 "required" 修饰符或将该 字段 声明为可为 null。 [C:\Users\Administrator\RiderProjects\AdvancedTimeIsland\AdvancedTimeIsland.csproj::TargetFramework=net10.0]
C:\Users\Administrator\RiderProjects\AdvancedTimeIsland\Views\Main\SunriseSunsetSettingsControl.cs(88,12): warning CS8618: 在退出构造函数时，不可为 null 的 字段 "_sunsetLabelLabel" 必须包含非 null 值。请考虑添加 "required" 修饰符或将该 字段 声明为可为 null。 [C:\Users\Administrator\RiderProjects\AdvancedTimeIsland\AdvancedTimeIsland.csproj::TargetFramework=net10.0]
C:\Users\Administrator\RiderProjects\AdvancedTimeIsland\Views\Main\SunriseSunsetSettingsControl.cs(88,12): warning CS8618: 在退出构造函数时，不可为 null 的 字段 "_sunsetLabelColorPicker" 必须包含非 null 值。请考虑添加 "required" 修饰符或将该 字段 声明为可为 null。 [C:\Users\Administrator\RiderProjects\AdvancedTimeIsland\AdvancedTimeIsland.csproj::TargetFramework=net10.0]
C:\Users\Administrator\RiderProjects\AdvancedTimeIsland\Views\Main\SunriseSunsetSettingsControl.cs(88,12): warning CS8618: 在退出构造函数时，不可为 null 的 字段 "_sunsetLabelSizeNumericUpDown" 必须包含非 null 值。请考虑添加 "required" 修饰符或将该 字段 声明为可为 null。 [C:\Users\Administrator\RiderProjects\AdvancedTimeIsland\AdvancedTimeIsland.csproj::TargetFramework=net10.0]
C:\Users\Administrator\RiderProjects\AdvancedTimeIsland\Views\Main\SunriseSunsetSettingsControl.cs(88,12): warning CS8618: 在退出构造函数时，不可为 null 的 字段 "_sunsetTimeLabel" 必须包含非 null 值。请考虑添加 "required" 修饰符或将该 字段 声明为可为 null。 [C:\Users\Administrator\RiderProjects\AdvancedTimeIsland\AdvancedTimeIsland.csproj::TargetFramework=net10.0]
C:\Users\Administrator\RiderProjects\AdvancedTimeIsland\Views\Main\SunriseSunsetSettingsControl.cs(88,12): warning CS8618: 在退出构造函数时，不可为 null 的 字段 "_sunsetTimeColorPicker" 必须包含非 null 值。请考虑添加 "required" 修饰符或将该 字段 声明为可为 null。 [C:\Users\Administrator\RiderProjects\AdvancedTimeIsland\AdvancedTimeIsland.csproj::TargetFramework=net10.0]
C:\Users\Administrator\RiderProjects\AdvancedTimeIsland\Views\Main\SunriseSunsetSettingsControl.cs(88,12): warning CS8618: 在退出构造函数时，不可为 null 的 字段 "_sunsetTimeSizeNumericUpDown" 必须包含非 null 值。请考虑添加 "required" 修饰符或将该 字段 声明为可为 null。 [C:\Users\Administrator\RiderProjects\AdvancedTimeIsland\AdvancedTimeIsland.csproj::TargetFramework=net10.0]
C:\Users\Administrator\RiderProjects\AdvancedTimeIsland\Views\Main\FestivalSettingsControl.cs(45,12): warning CS8618: 在退出构造函数时，不可为 null 的 字段 "_labelColorPicker" 必须包含非 null 值。请考虑添加 "required" 修饰符或将该 字段 声明为可为 null。 [C:\Users\Administrator\RiderProjects\AdvancedTimeIsland\AdvancedTimeIsland.csproj::TargetFramework=net10.0]
C:\Users\Administrator\RiderProjects\AdvancedTimeIsland\Views\Main\FestivalSettingsControl.cs(45,12): warning CS8618: 在退出构造函数时，不可为 null 的 字段 "_labelFontSizeNumericUpDown" 必须包含非 null 值。请考虑添加 "required" 修饰符或将该 字段 声明为可为 null。 [C:\Users\Administrator\RiderProjects\AdvancedTimeIsland\AdvancedTimeIsland.csproj::TargetFramework=net10.0]
C:\Users\Administrator\RiderProjects\AdvancedTimeIsland\Views\Main\FestivalSettingsControl.cs(45,12): warning CS8618: 在退出构造函数时，不可为 null 的 字段 "_valueColorPicker" 必须包含非 null 值。请考虑添加 "required" 修饰符或将该 字段 声明为可为 null。 [C:\Users\Administrator\RiderProjects\AdvancedTimeIsland\AdvancedTimeIsland.csproj::TargetFramework=net10.0]
C:\Users\Administrator\RiderProjects\AdvancedTimeIsland\Views\Main\FestivalSettingsControl.cs(45,12): warning CS8618: 在退出构造函数时，不可为 null 的 字段 "_valueFontSizeNumericUpDown" 必须包含非 null 值。请考虑添加 "required" 修饰符或将该 字段 声明为可为 null。 [C:\Users\Administrator\RiderProjects\AdvancedTimeIsland\AdvancedTimeIsland.csproj::TargetFramework=net10.0]
C:\Users\Administrator\RiderProjects\AdvancedTimeIsland\Views\Main\FestivalSettingsControl.cs(45,12): warning CS8618: 在退出构造函数时，不可为 null 的 字段 "_labelEnableCustomFontSizeToggle" 必须包含非 null 值。请考虑添加 "required" 修饰符或将该 字段 声明为可为 null。 [C:\Users\Administrator\RiderProjects\AdvancedTimeIsland\AdvancedTimeIsland.csproj::TargetFramework=net10.0]
C:\Users\Administrator\RiderProjects\AdvancedTimeIsland\Views\Main\FestivalSettingsControl.cs(45,12): warning CS8618: 在退出构造函数时，不可为 null 的 字段 "_labelEnableCustomFontColorToggle" 必须包含非 null 值。请考虑添加 "required" 修饰符或将该 字段 声明为可为 null。 [C:\Users\Administrator\RiderProjects\AdvancedTimeIsland\AdvancedTimeIsland.csproj::TargetFramework=net10.0]
C:\Users\Administrator\RiderProjects\AdvancedTimeIsland\Views\Main\FestivalSettingsControl.cs(45,12): warning CS8618: 在退出构造函数时，不可为 null 的 字段 "_valueEnableCustomFontSizeToggle" 必须包含非 null 值。请考虑添加 "required" 修饰符或将该 字段 声明为可为 null。 [C:\Users\Administrator\RiderProjects\AdvancedTimeIsland\AdvancedTimeIsland.csproj::TargetFramework=net10.0]
C:\Users\Administrator\RiderProjects\AdvancedTimeIsland\Views\Main\FestivalSettingsControl.cs(45,12): warning CS8618: 在退出构造函数时，不可为 null 的 字段 "_valueEnableCustomFontColorToggle" 必须包含非 null 值。请考虑添加 "required" 修饰符或将该 字段 声明为可为 null。 [C:\Users\Administrator\RiderProjects\AdvancedTimeIsland\AdvancedTimeIsland.csproj::TargetFramework=net10.0]
C:\Users\Administrator\RiderProjects\AdvancedTimeIsland\Views\Main\FestivalSettingsControl.cs(45,12): warning CS8618: 在退出构造函数时，不可为 null 的 字段 "_labelEnableCustomFontFamilyToggle" 必须包含非 null 值。请考虑添加 "required" 修饰符或将该 字段 声明为可为 null。 [C:\Users\Administrator\RiderProjects\AdvancedTimeIsland\AdvancedTimeIsland.csproj::TargetFramework=net10.0]
C:\Users\Administrator\RiderProjects\AdvancedTimeIsland\Views\Main\FestivalSettingsControl.cs(45,12): warning CS8618: 在退出构造函数时，不可为 null 的 字段 "_valueEnableCustomFontFamilyToggle" 必须包含非 null 值。请考虑添加 "required" 修饰符或将该 字段 声明为可为 null。 [C:\Users\Administrator\RiderProjects\AdvancedTimeIsland\AdvancedTimeIsland.csproj::TargetFramework=net10.0]
C:\Users\Administrator\RiderProjects\AdvancedTimeIsland\Views\Main\FestivalSettingsControl.cs(45,12): warning CS8618: 在退出构造函数时，不可为 null 的 字段 "_labelEnableCustomFontWeightToggle" 必须包含非 null 值。请考虑添加 "required" 修饰符或将该 字段 声明为可为 null。 [C:\Users\Administrator\RiderProjects\AdvancedTimeIsland\AdvancedTimeIsland.csproj::TargetFramework=net10.0]
C:\Users\Administrator\RiderProjects\AdvancedTimeIsland\Views\Main\FestivalSettingsControl.cs(45,12): warning CS8618: 在退出构造函数时，不可为 null 的 字段 "_valueEnableCustomFontWeightToggle" 必须包含非 null 值。请考虑添加 "required" 修饰符或将该 字段 声明为可为 null。 [C:\Users\Administrator\RiderProjects\AdvancedTimeIsland\AdvancedTimeIsland.csproj::TargetFramework=net10.0]
C:\Users\Administrator\RiderProjects\AdvancedTimeIsland\Views\Main\FestivalSettingsControl.cs(45,12): warning CS8618: 在退出构造函数时，不可为 null 的 字段 "_labelFontFamilyComboBox" 必须包含非 null 值。请考虑添加 "required" 修饰符或将该 字段 声明为可为 null。 [C:\Users\Administrator\RiderProjects\AdvancedTimeIsland\AdvancedTimeIsland.csproj::TargetFramework=net10.0]
C:\Users\Administrator\RiderProjects\AdvancedTimeIsland\Views\Main\FestivalSettingsControl.cs(45,12): warning CS8618: 在退出构造函数时，不可为 null 的 字段 "_valueFontFamilyComboBox" 必须包含非 null 值。请考虑添加 "required" 修饰符或将该 字段 声明为可为 null。 [C:\Users\Administrator\RiderProjects\AdvancedTimeIsland\AdvancedTimeIsland.csproj::TargetFramework=net10.0]
C:\Users\Administrator\RiderProjects\AdvancedTimeIsland\Views\Main\FestivalSettingsControl.cs(45,12): warning CS8618: 在退出构造函数时，不可为 null 的 字段 "_labelFontWeightComboBox" 必须包含非 null 值。请考虑添加 "required" 修饰符或将该 字段 声明为可为 null。 [C:\Users\Administrator\RiderProjects\AdvancedTimeIsland\AdvancedTimeIsland.csproj::TargetFramework=net10.0]
C:\Users\Administrator\RiderProjects\AdvancedTimeIsland\Views\Main\FestivalSettingsControl.cs(45,12): warning CS8618: 在退出构造函数时，不可为 null 的 字段 "_valueFontWeightComboBox" 必须包含非 null 值。请考虑添加 "required" 修饰符或将该 字段 声明为可为 null。 [C:\Users\Administrator\RiderProjects\AdvancedTimeIsland\AdvancedTimeIsland.csproj::TargetFramework=net10.0]
C:\Users\Administrator\RiderProjects\AdvancedTimeIsland\Views\Main\FestivalSettingsControl.cs(45,12): warning CS8618: 在退出构造函数时，不可为 null 的 字段 "_internationalToggle" 必须包含非 null 值。请考虑添加 "required" 修饰符或将该 字段 声明为可为 null。 [C:\Users\Administrator\RiderProjects\AdvancedTimeIsland\AdvancedTimeIsland.csproj::TargetFramework=net10.0]
C:\Users\Administrator\RiderProjects\AdvancedTimeIsland\Views\Main\FestivalSettingsControl.cs(45,12): warning CS8618: 在退出构造函数时，不可为 null 的 字段 "_traditionalToggle" 必须包含非 null 值。请考虑添加 "required" 修饰符或将该 字段 声明为可为 null。 [C:\Users\Administrator\RiderProjects\AdvancedTimeIsland\AdvancedTimeIsland.csproj::TargetFramework=net10.0]
C:\Users\Administrator\RiderProjects\AdvancedTimeIsland\Views\Main\FestivalSettingsControl.cs(45,12): warning CS8618: 在退出构造函数时，不可为 null 的 字段 "_redToggle" 必须包含非 null 值。请考虑添加 "required" 修饰符或将该 字段 声明为可为 null。 [C:\Users\Administrator\RiderProjects\AdvancedTimeIsland\AdvancedTimeIsland.csproj::TargetFramework=net10.0]
C:\Users\Administrator\RiderProjects\AdvancedTimeIsland\Views\Main\FestivalSettingsControl.cs(45,12): warning CS8618: 在退出构造函数时，不可为 null 的 字段 "_labelTitleTextBlock" 必须包含非 null 值。请考虑添加 "required" 修饰符或将该 字段 声明为可为 null。 [C:\Users\Administrator\RiderProjects\AdvancedTimeIsland\AdvancedTimeIsland.csproj::TargetFramework=net10.0]
C:\Users\Administrator\RiderProjects\AdvancedTimeIsland\Views\Main\FestivalSettingsControl.cs(45,12): warning CS8618: 在退出构造函数时，不可为 null 的 字段 "_festivalTypeTitleTextBlock" 必须包含非 null 值。请考虑添加 "required" 修饰符或将该 字段 声明为可为 null。 [C:\Users\Administrator\RiderProjects\AdvancedTimeIsland\AdvancedTimeIsland.csproj::TargetFramework=net10.0]
C:\Users\Administrator\RiderProjects\AdvancedTimeIsland\Views\Main\FestivalSettingsControl.cs(45,12): warning CS8618: 在退出构造函数时，不可为 null 的 字段 "_labelColorLabelTextBlock" 必须包含非 null 值。请考虑添加 "required" 修饰符或将该 字段 声明为可为 null。 [C:\Users\Administrator\RiderProjects\AdvancedTimeIsland\AdvancedTimeIsland.csproj::TargetFramework=net10.0]
C:\Users\Administrator\RiderProjects\AdvancedTimeIsland\Views\Main\FestivalSettingsControl.cs(45,12): warning CS8618: 在退出构造函数时，不可为 null 的 字段 "_labelFontSizeLabelTextBlock" 必须包含非 null 值。请考虑添加 "required" 修饰符或将该 字段 声明为可为 null。 [C:\Users\Administrator\RiderProjects\AdvancedTimeIsland\AdvancedTimeIsland.csproj::TargetFramework=net10.0]
C:\Users\Administrator\RiderProjects\AdvancedTimeIsland\Views\Main\FestivalSettingsControl.cs(45,12): warning CS8618: 在退出构造函数时，不可为 null 的 字段 "_valueTitleTextBlock" 必须包含非 null 值。请考虑添加 "required" 修饰符或将该 字段 声明为可为 null。 [C:\Users\Administrator\RiderProjects\AdvancedTimeIsland\AdvancedTimeIsland.csproj::TargetFramework=net10.0]
C:\Users\Administrator\RiderProjects\AdvancedTimeIsland\Views\Main\FestivalSettingsControl.cs(45,12): warning CS8618: 在退出构造函数时，不可为 null 的 字段 "_valueColorLabelTextBlock" 必须包含非 null 值。请考虑添加 "required" 修饰符或将该 字段 声明为可为 null。 [C:\Users\Administrator\RiderProjects\AdvancedTimeIsland\AdvancedTimeIsland.csproj::TargetFramework=net10.0]
C:\Users\Administrator\RiderProjects\AdvancedTimeIsland\Views\Main\FestivalSettingsControl.cs(45,12): warning CS8618: 在退出构造函数时，不可为 null 的 字段 "_valueFontSizeLabelTextBlock" 必须包含非 null 值。请考虑添加 "required" 修饰符或将该 字段 声明为可为 null。 [C:\Users\Administrator\RiderProjects\AdvancedTimeIsland\AdvancedTimeIsland.csproj::TargetFramework=net10.0]
C:\Users\Administrator\RiderProjects\AdvancedTimeIsland\Automation\Rules\LocalSolarDailyTimeRangeRuleSettingsControl.cs(142,13): warning CS0618: “TextBox.Watermark”已过时:“Use PlaceholderText instead.” [C:\Users\Administrator\RiderProjects\AdvancedTimeIsland\AdvancedTimeIsland.csproj::TargetFramework=net10.0]
C:\Users\Administrator\RiderProjects\AdvancedTimeIsland\Automation\Rules\LocalSolarDailyTimeRangeRuleSettingsControl.cs(156,52): warning CS0618: “TextBox.Watermark”已过时:“Use PlaceholderText instead.” [C:\Users\Administrator\RiderProjects\AdvancedTimeIsland\AdvancedTimeIsland.csproj::TargetFramework=net10.0]
C:\Users\Administrator\RiderProjects\AdvancedTimeIsland\Automation\Rules\LocalSolarDailyTimeRangeRuleSettingsControl.cs(161,52): warning CS0618: “TextBox.Watermark”已过时:“Use PlaceholderText instead.” [C:\Users\Administrator\RiderProjects\AdvancedTimeIsland\AdvancedTimeIsland.csproj::TargetFramework=net10.0]
C:\Users\Administrator\RiderProjects\AdvancedTimeIsland\Automation\Rules\LocalSolarDailyTimeRangeRuleSettingsControl.cs(166,52): warning CS0618: “TextBox.Watermark”已过时:“Use PlaceholderText instead.” [C:\Users\Administrator\RiderProjects\AdvancedTimeIsland\AdvancedTimeIsland.csproj::TargetFramework=net10.0]
C:\Users\Administrator\RiderProjects\AdvancedTimeIsland\Automation\Rules\LocalSolarMinutelyTimeRangeRuleSettingsControl.cs(154,13): warning CS0618: “TextBox.Watermark”已过时:“Use PlaceholderText instead.” [C:\Users\Administrator\RiderProjects\AdvancedTimeIsland\AdvancedTimeIsland.csproj::TargetFramework=net10.0]
C:\Users\Administrator\RiderProjects\AdvancedTimeIsland\Automation\Rules\LocalSolarMinutelyTimeRangeRuleSettingsControl.cs(168,52): warning CS0618: “TextBox.Watermark”已过时:“Use PlaceholderText instead.” [C:\Users\Administrator\RiderProjects\AdvancedTimeIsland\AdvancedTimeIsland.csproj::TargetFramework=net10.0]
C:\Users\Administrator\RiderProjects\AdvancedTimeIsland\Automation\Rules\LocalSolarMinutelyTimeRangeRuleSettingsControl.cs(173,52): warning CS0618: “TextBox.Watermark”已过时:“Use PlaceholderText instead.” [C:\Users\Administrator\RiderProjects\AdvancedTimeIsland\AdvancedTimeIsland.csproj::TargetFramework=net10.0]
C:\Users\Administrator\RiderProjects\AdvancedTimeIsland\Automation\Rules\LocalSolarMinutelyTimeRangeRuleSettingsControl.cs(178,52): warning CS0618: “TextBox.Watermark”已过时:“Use PlaceholderText instead.” [C:\Users\Administrator\RiderProjects\AdvancedTimeIsland\AdvancedTimeIsland.csproj::TargetFramework=net10.0]
C:\Users\Administrator\RiderProjects\AdvancedTimeIsland\Automation\Rules\LocalSolarMinutelyTimeRangeRuleSettingsControl.cs(230,13): warning CS0618: “TextBox.Watermark”已过时:“Use PlaceholderText instead.” [C:\Users\Administrator\RiderProjects\AdvancedTimeIsland\AdvancedTimeIsland.csproj::TargetFramework=net10.0]
C:\Users\Administrator\RiderProjects\AdvancedTimeIsland\Automation\Rules\LocalSolarMinutelyTimeRangeRuleSettingsControl.cs(318,39): warning CS8604: “int LocalSolarMinutelyTimeRangeRuleSettingsControl.ParseSecond(string text)”中的形参“text”可能传入 null 引用实参。 [C:\Users\Administrator\RiderProjects\AdvancedTimeIsland\AdvancedTimeIsland.csproj::TargetFramework=net10.0]
C:\Users\Administrator\RiderProjects\AdvancedTimeIsland\Automation\Rules\LocalSolarMinutelyTimeRangeRuleSettingsControl.cs(321,37): warning CS8604: “int LocalSolarMinutelyTimeRangeRuleSettingsControl.ParseSecond(string text)”中的形参“text”可能传入 null 引用实参。 [C:\Users\Administrator\RiderProjects\AdvancedTimeIsland\AdvancedTimeIsland.csproj::TargetFramework=net10.0]
C:\Users\Administrator\RiderProjects\AdvancedTimeIsland\Automation\Rules\ShengXiaoRuleSettingsControl.cs(12,12): warning CS8618: 在退出构造函数时，不可为 null 的 字段 "_shengXiaoComboBox" 必须包含非 null 值。请考虑添加 "required" 修饰符或将该 字段 声明为可为 null。 [C:\Users\Administrator\RiderProjects\AdvancedTimeIsland\AdvancedTimeIsland.csproj::TargetFramework=net10.0]
C:\Users\Administrator\RiderProjects\AdvancedTimeIsland\Views\Main\ForwardTimerControl.cs(34,12): warning CS8618: 在退出构造函数时，不可为 null 的 字段 "vm" 必须包含非 null 值。请考虑添加 "required" 修饰符或将该 字段 声明为可为 null。 [C:\Users\Administrator\RiderProjects\AdvancedTimeIsland\AdvancedTimeIsland.csproj::TargetFramework=net10.0]
C:\Users\Administrator\RiderProjects\AdvancedTimeIsland\Views\Main\ForwardTimerControl.cs(34,12): warning CS8618: 在退出构造函数时，不可为 null 的 字段 "tbText1" 必须包含非 null 值。请考虑添加 "required" 修饰符或将该 字段 声明为可为 null。 [C:\Users\Administrator\RiderProjects\AdvancedTimeIsland\AdvancedTimeIsland.csproj::TargetFramework=net10.0]
C:\Users\Administrator\RiderProjects\AdvancedTimeIsland\Views\Main\ForwardTimerControl.cs(34,12): warning CS8618: 在退出构造函数时，不可为 null 的 字段 "tbName" 必须包含非 null 值。请考虑添加 "required" 修饰符或将该 字段 声明为可为 null。 [C:\Users\Administrator\RiderProjects\AdvancedTimeIsland\AdvancedTimeIsland.csproj::TargetFramework=net10.0]
C:\Users\Administrator\RiderProjects\AdvancedTimeIsland\Views\Main\ForwardTimerControl.cs(34,12): warning CS8618: 在退出构造函数时，不可为 null 的 字段 "tbText3" 必须包含非 null 值。请考虑添加 "required" 修饰符或将该 字段 声明为可为 null。 [C:\Users\Administrator\RiderProjects\AdvancedTimeIsland\AdvancedTimeIsland.csproj::TargetFramework=net10.0]
C:\Users\Administrator\RiderProjects\AdvancedTimeIsland\Views\Main\ForwardTimerControl.cs(34,12): warning CS8618: 在退出构造函数时，不可为 null 的 字段 "tbTime" 必须包含非 null 值。请考虑添加 "required" 修饰符或将该 字段 声明为可为 null。 [C:\Users\Administrator\RiderProjects\AdvancedTimeIsland\AdvancedTimeIsland.csproj::TargetFramework=net10.0]
C:\Users\Administrator\RiderProjects\AdvancedTimeIsland\Views\Main\ForwardTimerControl.cs(34,12): warning CS8618: 在退出构造函数时，不可为 null 的 字段 "tbText4" 必须包含非 null 值。请考虑添加 "required" 修饰符或将该 字段 声明为可为 null。 [C:\Users\Administrator\RiderProjects\AdvancedTimeIsland\AdvancedTimeIsland.csproj::TargetFramework=net10.0]
C:\Users\Administrator\RiderProjects\AdvancedTimeIsland\Views\Main\ForwardTimerControl.cs(34,12): warning CS8618: 在退出构造函数时，不可为 null 的 字段 "rootBorder" 必须包含非 null 值。请考虑添加 "required" 修饰符或将该 字段 声明为可为 null。 [C:\Users\Administrator\RiderProjects\AdvancedTimeIsland\AdvancedTimeIsland.csproj::TargetFramework=net10.0]
C:\Users\Administrator\RiderProjects\AdvancedTimeIsland\Views\Main\ForwardTimerControl.cs(34,12): warning CS8618: 在退出构造函数时，不可为 null 的 字段 "contentPanel" 必须包含非 null 值。请考虑添加 "required" 修饰符或将该 字段 声明为可为 null。 [C:\Users\Administrator\RiderProjects\AdvancedTimeIsland\AdvancedTimeIsland.csproj::TargetFramework=net10.0]
C:\Users\Administrator\RiderProjects\AdvancedTimeIsland\Automation\Rules\MinutelyTimeRangeRuleSettingsControl.cs(64,13): warning CS0618: “TextBox.Watermark”已过时:“Use PlaceholderText instead.” [C:\Users\Administrator\RiderProjects\AdvancedTimeIsland\AdvancedTimeIsland.csproj::TargetFramework=net10.0]
C:\Users\Administrator\RiderProjects\AdvancedTimeIsland\Automation\Rules\MinutelyTimeRangeRuleSettingsControl.cs(125,39): warning CS8604: “int MinutelyTimeRangeRuleSettingsControl.ParseSecond(string text)”中的形参“text”可能传入 null 引用实参。 [C:\Users\Administrator\RiderProjects\AdvancedTimeIsland\AdvancedTimeIsland.csproj::TargetFramework=net10.0]
C:\Users\Administrator\RiderProjects\AdvancedTimeIsland\Automation\Rules\MinutelyTimeRangeRuleSettingsControl.cs(128,37): warning CS8604: “int MinutelyTimeRangeRuleSettingsControl.ParseSecond(string text)”中的形参“text”可能传入 null 引用实参。 [C:\Users\Administrator\RiderProjects\AdvancedTimeIsland\AdvancedTimeIsland.csproj::TargetFramework=net10.0]
C:\Users\Administrator\RiderProjects\AdvancedTimeIsland\Views\Main\CountdownSettingsControl.cs(156,44): warning CS0618: “TextBox.Watermark”已过时:“Use PlaceholderText instead.” [C:\Users\Administrator\RiderProjects\AdvancedTimeIsland\AdvancedTimeIsland.csproj::TargetFramework=net10.0]
C:\Users\Administrator\RiderProjects\AdvancedTimeIsland\Views\Main\CountdownSettingsControl.cs(222,55): warning CS0618: “TextBox.Watermark”已过时:“Use PlaceholderText instead.” [C:\Users\Administrator\RiderProjects\AdvancedTimeIsland\AdvancedTimeIsland.csproj::TargetFramework=net10.0]
C:\Users\Administrator\RiderProjects\AdvancedTimeIsland\Automation\Rules\LocalSolarMonthlyTimeRangeRuleSettingsControl.cs(152,13): warning CS0618: “TextBox.Watermark”已过时:“Use PlaceholderText instead.” [C:\Users\Administrator\RiderProjects\AdvancedTimeIsland\AdvancedTimeIsland.csproj::TargetFramework=net10.0]
C:\Users\Administrator\RiderProjects\AdvancedTimeIsland\Automation\Rules\LocalSolarMonthlyTimeRangeRuleSettingsControl.cs(166,52): warning CS0618: “TextBox.Watermark”已过时:“Use PlaceholderText instead.” [C:\Users\Administrator\RiderProjects\AdvancedTimeIsland\AdvancedTimeIsland.csproj::TargetFramework=net10.0]
C:\Users\Administrator\RiderProjects\AdvancedTimeIsland\Automation\Rules\LocalSolarMonthlyTimeRangeRuleSettingsControl.cs(171,52): warning CS0618: “TextBox.Watermark”已过时:“Use PlaceholderText instead.” [C:\Users\Administrator\RiderProjects\AdvancedTimeIsland\AdvancedTimeIsland.csproj::TargetFramework=net10.0]
C:\Users\Administrator\RiderProjects\AdvancedTimeIsland\Automation\Rules\LocalSolarMonthlyTimeRangeRuleSettingsControl.cs(176,52): warning CS0618: “TextBox.Watermark”已过时:“Use PlaceholderText instead.” [C:\Users\Administrator\RiderProjects\AdvancedTimeIsland\AdvancedTimeIsland.csproj::TargetFramework=net10.0]
C:\Users\Administrator\RiderProjects\AdvancedTimeIsland\Automation\Triggers\HourlyTimeIntervalTriggerSettingsControl.cs(85,13): warning CS0618: “TextBox.Watermark”已过时:“Use PlaceholderText instead.” [C:\Users\Administrator\RiderProjects\AdvancedTimeIsland\AdvancedTimeIsland.csproj::TargetFramework=net10.0]
C:\Users\Administrator\RiderProjects\AdvancedTimeIsland\Automation\Triggers\HourlyTimeIntervalTriggerSettingsControl.cs(92,13): warning CS0618: “TextBox.Watermark”已过时:“Use PlaceholderText instead.” [C:\Users\Administrator\RiderProjects\AdvancedTimeIsland\AdvancedTimeIsland.csproj::TargetFramework=net10.0]
C:\Users\Administrator\RiderProjects\AdvancedTimeIsland\Views\Settings\TimeCalculatorPage.cs(146,9): warning CS8602: 解引用可能出现空引用。 [C:\Users\Administrator\RiderProjects\AdvancedTimeIsland\AdvancedTimeIsland.csproj::TargetFramework=net10.0]
C:\Users\Administrator\RiderProjects\AdvancedTimeIsland\Automation\Triggers\HourlyTimeTriggerSettingsControl.cs(84,13): warning CS0618: “TextBox.Watermark”已过时:“Use PlaceholderText instead.” [C:\Users\Administrator\RiderProjects\AdvancedTimeIsland\AdvancedTimeIsland.csproj::TargetFramework=net10.0]
C:\Users\Administrator\RiderProjects\AdvancedTimeIsland\Automation\Triggers\HourlyTimeTriggerSettingsControl.cs(91,13): warning CS0618: “TextBox.Watermark”已过时:“Use PlaceholderText instead.” [C:\Users\Administrator\RiderProjects\AdvancedTimeIsland\AdvancedTimeIsland.csproj::TargetFramework=net10.0]
C:\Users\Administrator\RiderProjects\AdvancedTimeIsland\Views\Settings\TimeCalculatorPage.cs(182,13): warning CS0618: “TextBox.Watermark”已过时:“Use PlaceholderText instead.” [C:\Users\Administrator\RiderProjects\AdvancedTimeIsland\AdvancedTimeIsland.csproj::TargetFramework=net10.0]
C:\Users\Administrator\RiderProjects\AdvancedTimeIsland\Views\Settings\TimeCalculatorPage.cs(216,9): warning CS8602: 解引用可能出现空引用。 [C:\Users\Administrator\RiderProjects\AdvancedTimeIsland\AdvancedTimeIsland.csproj::TargetFramework=net10.0]
C:\Users\Administrator\RiderProjects\AdvancedTimeIsland\Automation\Triggers\HourlyTimeTriggerSettingsControl.cs(151,39): warning CS8604: “int HourlyTimeTriggerSettingsControl.ParseMinute(string text)”中的形参“text”可能传入 null 引用实参。 [C:\Users\Administrator\RiderProjects\AdvancedTimeIsland\AdvancedTimeIsland.csproj::TargetFramework=net10.0]
C:\Users\Administrator\RiderProjects\AdvancedTimeIsland\Automation\Triggers\HourlyTimeTriggerSettingsControl.cs(152,39): warning CS8604: “int HourlyTimeTriggerSettingsControl.ParseSecond(string text)”中的形参“text”可能传入 null 引用实参。 [C:\Users\Administrator\RiderProjects\AdvancedTimeIsland\AdvancedTimeIsland.csproj::TargetFramework=net10.0]
C:\Users\Administrator\RiderProjects\AdvancedTimeIsland\Automation\Triggers\LocalSolarDailyTimeIntervalTriggerSettingsControl.cs(79,13): warning CS0618: “TextBox.Watermark”已过时:“Use PlaceholderText instead.” [C:\Users\Administrator\RiderProjects\AdvancedTimeIsland\AdvancedTimeIsland.csproj::TargetFramework=net10.0]
C:\Users\Administrator\RiderProjects\AdvancedTimeIsland\Automation\Triggers\HourlyTimeIntervalTriggerSettingsControl.cs(235,39): warning CS8604: “int HourlyTimeIntervalTriggerSettingsControl.ParseMinute(string text)”中的形参“text”可能传入 null 引用实参。 [C:\Users\Administrator\RiderProjects\AdvancedTimeIsland\AdvancedTimeIsland.csproj::TargetFramework=net10.0]
C:\Users\Administrator\RiderProjects\AdvancedTimeIsland\Automation\Triggers\HourlyTimeIntervalTriggerSettingsControl.cs(236,39): warning CS8604: “int HourlyTimeIntervalTriggerSettingsControl.ParseSecond(string text)”中的形参“text”可能传入 null 引用实参。 [C:\Users\Administrator\RiderProjects\AdvancedTimeIsland\AdvancedTimeIsland.csproj::TargetFramework=net10.0]
C:\Users\Administrator\RiderProjects\AdvancedTimeIsland\Automation\Triggers\HourlyTimeIntervalTriggerSettingsControl.cs(239,37): warning CS8604: “int HourlyTimeIntervalTriggerSettingsControl.ParseMinute(string text)”中的形参“text”可能传入 null 引用实参。 [C:\Users\Administrator\RiderProjects\AdvancedTimeIsland\AdvancedTimeIsland.csproj::TargetFramework=net10.0]
C:\Users\Administrator\RiderProjects\AdvancedTimeIsland\Automation\Triggers\HourlyTimeIntervalTriggerSettingsControl.cs(240,37): warning CS8604: “int HourlyTimeIntervalTriggerSettingsControl.ParseSecond(string text)”中的形参“text”可能传入 null 引用实参。 [C:\Users\Administrator\RiderProjects\AdvancedTimeIsland\AdvancedTimeIsland.csproj::TargetFramework=net10.0]
C:\Users\Administrator\RiderProjects\AdvancedTimeIsland\Automation\Rules\LocalSolarHourlyTimeRangeRuleSettingsControl.cs(330,39): warning CS8604: “int LocalSolarHourlyTimeRangeRuleSettingsControl.ParseMinute(string text)”中的形参“text”可能传入 null 引用实参。 [C:\Users\Administrator\RiderProjects\AdvancedTimeIsland\AdvancedTimeIsland.csproj::TargetFramework=net10.0]
C:\Users\Administrator\RiderProjects\AdvancedTimeIsland\Automation\Rules\LocalSolarHourlyTimeRangeRuleSettingsControl.cs(331,39): warning CS8604: “int LocalSolarHourlyTimeRangeRuleSettingsControl.ParseSecond(string text)”中的形参“text”可能传入 null 引用实参。 [C:\Users\Administrator\RiderProjects\AdvancedTimeIsland\AdvancedTimeIsland.csproj::TargetFramework=net10.0]
C:\Users\Administrator\RiderProjects\AdvancedTimeIsland\Automation\Rules\LocalSolarHourlyTimeRangeRuleSettingsControl.cs(334,37): warning CS8604: “int LocalSolarHourlyTimeRangeRuleSettingsControl.ParseMinute(string text)”中的形参“text”可能传入 null 引用实参。 [C:\Users\Administrator\RiderProjects\AdvancedTimeIsland\AdvancedTimeIsland.csproj::TargetFramework=net10.0]
C:\Users\Administrator\RiderProjects\AdvancedTimeIsland\Automation\Rules\LocalSolarHourlyTimeRangeRuleSettingsControl.cs(335,37): warning CS8604: “int LocalSolarHourlyTimeRangeRuleSettingsControl.ParseSecond(string text)”中的形参“text”可能传入 null 引用实参。 [C:\Users\Administrator\RiderProjects\AdvancedTimeIsland\AdvancedTimeIsland.csproj::TargetFramework=net10.0]
C:\Users\Administrator\RiderProjects\AdvancedTimeIsland\Views\Main\CountdownSettingsControl.cs(446,33): warning CS0618: “TextBox.Watermark”已过时:“Use PlaceholderText instead.” [C:\Users\Administrator\RiderProjects\AdvancedTimeIsland\AdvancedTimeIsland.csproj::TargetFramework=net10.0]
C:\Users\Administrator\RiderProjects\AdvancedTimeIsland\Automation\Triggers\TimeZoneHourlyTimeTriggerSettingsControl.cs(194,33): warning CS8629: 可为 null 的值类型可为 null。 [C:\Users\Administrator\RiderProjects\AdvancedTimeIsland\AdvancedTimeIsland.csproj::TargetFramework=net10.0]
C:\Users\Administrator\RiderProjects\AdvancedTimeIsland\Automation\Triggers\TimeZoneHourlyTimeTriggerSettingsControl.cs(194,69): warning CS8629: 可为 null 的值类型可为 null。 [C:\Users\Administrator\RiderProjects\AdvancedTimeIsland\AdvancedTimeIsland.csproj::TargetFramework=net10.0]
C:\Users\Administrator\RiderProjects\AdvancedTimeIsland\Automation\Triggers\LocalSolarExactTimeIntervalTriggerSettingsControl.cs(83,13): warning CS0618: “TextBox.Watermark”已过时:“Use PlaceholderText instead.” [C:\Users\Administrator\RiderProjects\AdvancedTimeIsland\AdvancedTimeIsland.csproj::TargetFramework=net10.0]
C:\Users\Administrator\RiderProjects\AdvancedTimeIsland\Automation\Triggers\LocalSolarHourlyTimeIntervalTriggerSettingsControl.cs(81,13): warning CS0618: “TextBox.Watermark”已过时:“Use PlaceholderText instead.” [C:\Users\Administrator\RiderProjects\AdvancedTimeIsland\AdvancedTimeIsland.csproj::TargetFramework=net10.0]
C:\Users\Administrator\RiderProjects\AdvancedTimeIsland\Views\Settings\EasterEggPage.cs(593,9): warning CS4014: 由于此调用不会等待，因此在此调用完成之前将会继续执行当前方法。请考虑将 "await" 运算符应用于调用结果。 [C:\Users\Administrator\RiderProjects\AdvancedTimeIsland\AdvancedTimeIsland.csproj::TargetFramework=net10.0]
C:\Users\Administrator\RiderProjects\AdvancedTimeIsland\Automation\Triggers\LocalSolarDailyTimeTriggerSettingsControl.cs(140,13): warning CS0618: “TextBox.Watermark”已过时:“Use PlaceholderText instead.” [C:\Users\Administrator\RiderProjects\AdvancedTimeIsland\AdvancedTimeIsland.csproj::TargetFramework=net10.0]
C:\Users\Administrator\RiderProjects\AdvancedTimeIsland\Automation\Triggers\LocalSolarDailyTimeTriggerSettingsControl.cs(154,52): warning CS0618: “TextBox.Watermark”已过时:“Use PlaceholderText instead.” [C:\Users\Administrator\RiderProjects\AdvancedTimeIsland\AdvancedTimeIsland.csproj::TargetFramework=net10.0]
C:\Users\Administrator\RiderProjects\AdvancedTimeIsland\Automation\Triggers\LocalSolarDailyTimeTriggerSettingsControl.cs(159,52): warning CS0618: “TextBox.Watermark”已过时:“Use PlaceholderText instead.” [C:\Users\Administrator\RiderProjects\AdvancedTimeIsland\AdvancedTimeIsland.csproj::TargetFramework=net10.0]
C:\Users\Administrator\RiderProjects\AdvancedTimeIsland\Automation\Triggers\LocalSolarDailyTimeTriggerSettingsControl.cs(164,52): warning CS0618: “TextBox.Watermark”已过时:“Use PlaceholderText instead.” [C:\Users\Administrator\RiderProjects\AdvancedTimeIsland\AdvancedTimeIsland.csproj::TargetFramework=net10.0]
C:\Users\Administrator\RiderProjects\AdvancedTimeIsland\Automation\Triggers\LocalSolarHourlyTimeIntervalTriggerSettingsControl.cs(115,13): warning CS0618: “TextBox.Watermark”已过时:“Use PlaceholderText instead.” [C:\Users\Administrator\RiderProjects\AdvancedTimeIsland\AdvancedTimeIsland.csproj::TargetFramework=net10.0]
C:\Users\Administrator\RiderProjects\AdvancedTimeIsland\Automation\Triggers\LocalSolarHourlyTimeIntervalTriggerSettingsControl.cs(122,13): warning CS0618: “TextBox.Watermark”已过时:“Use PlaceholderText instead.” [C:\Users\Administrator\RiderProjects\AdvancedTimeIsland\AdvancedTimeIsland.csproj::TargetFramework=net10.0]
C:\Users\Administrator\RiderProjects\AdvancedTimeIsland\Views\Main\ForwardTimerSettingsControl.cs(165,55): warning CS0618: “TextBox.Watermark”已过时:“Use PlaceholderText instead.” [C:\Users\Administrator\RiderProjects\AdvancedTimeIsland\AdvancedTimeIsland.csproj::TargetFramework=net10.0]
C:\Users\Administrator\RiderProjects\AdvancedTimeIsland\Automation\Triggers\TimeZoneHourlyTimeIntervalTriggerSettingsControl.cs(120,13): warning CS0618: “TextBox.Watermark”已过时:“Use PlaceholderText instead.” [C:\Users\Administrator\RiderProjects\AdvancedTimeIsland\AdvancedTimeIsland.csproj::TargetFramework=net10.0]
C:\Users\Administrator\RiderProjects\AdvancedTimeIsland\Automation\Triggers\TimeZoneHourlyTimeIntervalTriggerSettingsControl.cs(127,13): warning CS0618: “TextBox.Watermark”已过时:“Use PlaceholderText instead.” [C:\Users\Administrator\RiderProjects\AdvancedTimeIsland\AdvancedTimeIsland.csproj::TargetFramework=net10.0]
C:\Users\Administrator\RiderProjects\AdvancedTimeIsland\Views\Main\ForwardTimerSettingsControl.cs(291,33): warning CS0618: “TextBox.Watermark”已过时:“Use PlaceholderText instead.” [C:\Users\Administrator\RiderProjects\AdvancedTimeIsland\AdvancedTimeIsland.csproj::TargetFramework=net10.0]
C:\Users\Administrator\RiderProjects\AdvancedTimeIsland\Views\Main\CountdownSettingsControl.cs(610,45): warning CS0618: “TextBox.Watermark”已过时:“Use PlaceholderText instead.” [C:\Users\Administrator\RiderProjects\AdvancedTimeIsland\AdvancedTimeIsland.csproj::TargetFramework=net10.0]
C:\Users\Administrator\RiderProjects\AdvancedTimeIsland\Automation\Triggers\LocalSolarMinutelyTimeIntervalTriggerSettingsControl.cs(79,13): warning CS0618: “TextBox.Watermark”已过时:“Use PlaceholderText instead.” [C:\Users\Administrator\RiderProjects\AdvancedTimeIsland\AdvancedTimeIsland.csproj::TargetFramework=net10.0]
C:\Users\Administrator\RiderProjects\AdvancedTimeIsland\Automation\Triggers\LocalSolarExactTimeTriggerSettingsControl.cs(146,13): warning CS0618: “TextBox.Watermark”已过时:“Use PlaceholderText instead.” [C:\Users\Administrator\RiderProjects\AdvancedTimeIsland\AdvancedTimeIsland.csproj::TargetFramework=net10.0]
C:\Users\Administrator\RiderProjects\AdvancedTimeIsland\Automation\Triggers\LocalSolarExactTimeTriggerSettingsControl.cs(160,52): warning CS0618: “TextBox.Watermark”已过时:“Use PlaceholderText instead.” [C:\Users\Administrator\RiderProjects\AdvancedTimeIsland\AdvancedTimeIsland.csproj::TargetFramework=net10.0]
C:\Users\Administrator\RiderProjects\AdvancedTimeIsland\Automation\Triggers\LocalSolarExactTimeTriggerSettingsControl.cs(165,52): warning CS0618: “TextBox.Watermark”已过时:“Use PlaceholderText instead.” [C:\Users\Administrator\RiderProjects\AdvancedTimeIsland\AdvancedTimeIsland.csproj::TargetFramework=net10.0]
C:\Users\Administrator\RiderProjects\AdvancedTimeIsland\Automation\Triggers\LocalSolarExactTimeTriggerSettingsControl.cs(170,52): warning CS0618: “TextBox.Watermark”已过时:“Use PlaceholderText instead.” [C:\Users\Administrator\RiderProjects\AdvancedTimeIsland\AdvancedTimeIsland.csproj::TargetFramework=net10.0]
C:\Users\Administrator\RiderProjects\AdvancedTimeIsland\Automation\Triggers\LocalSolarHourlyTimeIntervalTriggerSettingsControl.cs(277,39): warning CS8604: “int LocalSolarHourlyTimeIntervalTriggerSettingsControl.ParseMinute(string text)”中的形参“text”可能传入 null 引用实参。 [C:\Users\Administrator\RiderProjects\AdvancedTimeIsland\AdvancedTimeIsland.csproj::TargetFramework=net10.0]
C:\Users\Administrator\RiderProjects\AdvancedTimeIsland\Automation\Triggers\LocalSolarHourlyTimeIntervalTriggerSettingsControl.cs(278,39): warning CS8604: “int LocalSolarHourlyTimeIntervalTriggerSettingsControl.ParseSecond(string text)”中的形参“text”可能传入 null 引用实参。 [C:\Users\Administrator\RiderProjects\AdvancedTimeIsland\AdvancedTimeIsland.csproj::TargetFramework=net10.0]
C:\Users\Administrator\RiderProjects\AdvancedTimeIsland\Automation\Triggers\LocalSolarHourlyTimeIntervalTriggerSettingsControl.cs(281,37): warning CS8604: “int LocalSolarHourlyTimeIntervalTriggerSettingsControl.ParseMinute(string text)”中的形参“text”可能传入 null 引用实参。 [C:\Users\Administrator\RiderProjects\AdvancedTimeIsland\AdvancedTimeIsland.csproj::TargetFramework=net10.0]
C:\Users\Administrator\RiderProjects\AdvancedTimeIsland\Automation\Triggers\LocalSolarHourlyTimeIntervalTriggerSettingsControl.cs(282,37): warning CS8604: “int LocalSolarHourlyTimeIntervalTriggerSettingsControl.ParseSecond(string text)”中的形参“text”可能传入 null 引用实参。 [C:\Users\Administrator\RiderProjects\AdvancedTimeIsland\AdvancedTimeIsland.csproj::TargetFramework=net10.0]
C:\Users\Administrator\RiderProjects\AdvancedTimeIsland\Automation\Triggers\LocalSolarHourlyTimeTriggerSettingsControl.cs(146,13): warning CS0618: “TextBox.Watermark”已过时:“Use PlaceholderText instead.” [C:\Users\Administrator\RiderProjects\AdvancedTimeIsland\AdvancedTimeIsland.csproj::TargetFramework=net10.0]
C:\Users\Administrator\RiderProjects\AdvancedTimeIsland\Automation\Triggers\LocalSolarHourlyTimeTriggerSettingsControl.cs(160,52): warning CS0618: “TextBox.Watermark”已过时:“Use PlaceholderText instead.” [C:\Users\Administrator\RiderProjects\AdvancedTimeIsland\AdvancedTimeIsland.csproj::TargetFramework=net10.0]
C:\Users\Administrator\RiderProjects\AdvancedTimeIsland\Automation\Triggers\LocalSolarHourlyTimeTriggerSettingsControl.cs(165,52): warning CS0618: “TextBox.Watermark”已过时:“Use PlaceholderText instead.” [C:\Users\Administrator\RiderProjects\AdvancedTimeIsland\AdvancedTimeIsland.csproj::TargetFramework=net10.0]
C:\Users\Administrator\RiderProjects\AdvancedTimeIsland\Automation\Triggers\LocalSolarHourlyTimeTriggerSettingsControl.cs(170,52): warning CS0618: “TextBox.Watermark”已过时:“Use PlaceholderText instead.” [C:\Users\Administrator\RiderProjects\AdvancedTimeIsland\AdvancedTimeIsland.csproj::TargetFramework=net10.0]
C:\Users\Administrator\RiderProjects\AdvancedTimeIsland\Automation\Triggers\TimeZoneHourlyTimeIntervalTriggerSettingsControl.cs(289,39): warning CS8604: “int TimeZoneHourlyTimeIntervalTriggerSettingsControl.ParseMinute(string text)”中的形参“text”可能传入 null 引用实参。 [C:\Users\Administrator\RiderProjects\AdvancedTimeIsland\AdvancedTimeIsland.csproj::TargetFramework=net10.0]
C:\Users\Administrator\RiderProjects\AdvancedTimeIsland\Automation\Triggers\TimeZoneHourlyTimeIntervalTriggerSettingsControl.cs(290,39): warning CS8604: “int TimeZoneHourlyTimeIntervalTriggerSettingsControl.ParseSecond(string text)”中的形参“text”可能传入 null 引用实参。 [C:\Users\Administrator\RiderProjects\AdvancedTimeIsland\AdvancedTimeIsland.csproj::TargetFramework=net10.0]
C:\Users\Administrator\RiderProjects\AdvancedTimeIsland\Automation\Triggers\TimeZoneHourlyTimeIntervalTriggerSettingsControl.cs(293,37): warning CS8604: “int TimeZoneHourlyTimeIntervalTriggerSettingsControl.ParseMinute(string text)”中的形参“text”可能传入 null 引用实参。 [C:\Users\Administrator\RiderProjects\AdvancedTimeIsland\AdvancedTimeIsland.csproj::TargetFramework=net10.0]
C:\Users\Administrator\RiderProjects\AdvancedTimeIsland\Automation\Triggers\TimeZoneHourlyTimeIntervalTriggerSettingsControl.cs(294,37): warning CS8604: “int TimeZoneHourlyTimeIntervalTriggerSettingsControl.ParseSecond(string text)”中的形参“text”可能传入 null 引用实参。 [C:\Users\Administrator\RiderProjects\AdvancedTimeIsland\AdvancedTimeIsland.csproj::TargetFramework=net10.0]
C:\Users\Administrator\RiderProjects\AdvancedTimeIsland\Automation\Rules\LocalSolarYearlyTimeRangeRuleSettingsControl.cs(152,13): warning CS0618: “TextBox.Watermark”已过时:“Use PlaceholderText instead.” [C:\Users\Administrator\RiderProjects\AdvancedTimeIsland\AdvancedTimeIsland.csproj::TargetFramework=net10.0]
C:\Users\Administrator\RiderProjects\AdvancedTimeIsland\Automation\Rules\LocalSolarYearlyTimeRangeRuleSettingsControl.cs(166,52): warning CS0618: “TextBox.Watermark”已过时:“Use PlaceholderText instead.” [C:\Users\Administrator\RiderProjects\AdvancedTimeIsland\AdvancedTimeIsland.csproj::TargetFramework=net10.0]
C:\Users\Administrator\RiderProjects\AdvancedTimeIsland\Automation\Rules\LocalSolarYearlyTimeRangeRuleSettingsControl.cs(171,52): warning CS0618: “TextBox.Watermark”已过时:“Use PlaceholderText instead.” [C:\Users\Administrator\RiderProjects\AdvancedTimeIsland\AdvancedTimeIsland.csproj::TargetFramework=net10.0]
C:\Users\Administrator\RiderProjects\AdvancedTimeIsland\Automation\Rules\LocalSolarYearlyTimeRangeRuleSettingsControl.cs(176,52): warning CS0618: “TextBox.Watermark”已过时:“Use PlaceholderText instead.” [C:\Users\Administrator\RiderProjects\AdvancedTimeIsland\AdvancedTimeIsland.csproj::TargetFramework=net10.0]
C:\Users\Administrator\RiderProjects\AdvancedTimeIsland\Services\FloatingScheduleService.cs(1425,42): warning CS8602: 解引用可能出现空引用。 [C:\Users\Administrator\RiderProjects\AdvancedTimeIsland\AdvancedTimeIsland.csproj::TargetFramework=net10.0]
C:\Users\Administrator\RiderProjects\AdvancedTimeIsland\Services\FloatingScheduleService.cs(1426,53): warning CS8604: “bool ConditionalWeakTable<Layoutable, object>.Remove(Layoutable key)”中的形参“key”可能传入 null 引用实参。 [C:\Users\Administrator\RiderProjects\AdvancedTimeIsland\AdvancedTimeIsland.csproj::TargetFramework=net10.0]
C:\Users\Administrator\RiderProjects\AdvancedTimeIsland\Automation\Triggers\LocalSolarMonthlyTimeIntervalTriggerSettingsControl.cs(81,13): warning CS0618: “TextBox.Watermark”已过时:“Use PlaceholderText instead.” [C:\Users\Administrator\RiderProjects\AdvancedTimeIsland\AdvancedTimeIsland.csproj::TargetFramework=net10.0]
C:\Users\Administrator\RiderProjects\AdvancedTimeIsland\Automation\Triggers\LocalSolarYearlyTimeIntervalTriggerSettingsControl.cs(81,13): warning CS0618: “TextBox.Watermark”已过时:“Use PlaceholderText instead.” [C:\Users\Administrator\RiderProjects\AdvancedTimeIsland\AdvancedTimeIsland.csproj::TargetFramework=net10.0]
C:\Users\Administrator\RiderProjects\AdvancedTimeIsland\Automation\Triggers\LocalSolarMinutelyTimeTriggerSettingsControl.cs(150,13): warning CS0618: “TextBox.Watermark”已过时:“Use PlaceholderText instead.” [C:\Users\Administrator\RiderProjects\AdvancedTimeIsland\AdvancedTimeIsland.csproj::TargetFramework=net10.0]
C:\Users\Administrator\RiderProjects\AdvancedTimeIsland\Automation\Triggers\LocalSolarMinutelyTimeTriggerSettingsControl.cs(164,52): warning CS0618: “TextBox.Watermark”已过时:“Use PlaceholderText instead.” [C:\Users\Administrator\RiderProjects\AdvancedTimeIsland\AdvancedTimeIsland.csproj::TargetFramework=net10.0]
C:\Users\Administrator\RiderProjects\AdvancedTimeIsland\Automation\Triggers\LocalSolarMinutelyTimeTriggerSettingsControl.cs(169,52): warning CS0618: “TextBox.Watermark”已过时:“Use PlaceholderText instead.” [C:\Users\Administrator\RiderProjects\AdvancedTimeIsland\AdvancedTimeIsland.csproj::TargetFramework=net10.0]
C:\Users\Administrator\RiderProjects\AdvancedTimeIsland\Automation\Triggers\LocalSolarMinutelyTimeTriggerSettingsControl.cs(174,52): warning CS0618: “TextBox.Watermark”已过时:“Use PlaceholderText instead.” [C:\Users\Administrator\RiderProjects\AdvancedTimeIsland\AdvancedTimeIsland.csproj::TargetFramework=net10.0]
C:\Users\Administrator\RiderProjects\AdvancedTimeIsland\Automation\Triggers\LocalSolarMinutelyTimeTriggerSettingsControl.cs(226,13): warning CS0618: “TextBox.Watermark”已过时:“Use PlaceholderText instead.” [C:\Users\Administrator\RiderProjects\AdvancedTimeIsland\AdvancedTimeIsland.csproj::TargetFramework=net10.0]
C:\Users\Administrator\RiderProjects\AdvancedTimeIsland\Automation\Triggers\LocalSolarMonthlyTimeTriggerSettingsControl.cs(150,13): warning CS0618: “TextBox.Watermark”已过时:“Use PlaceholderText instead.” [C:\Users\Administrator\RiderProjects\AdvancedTimeIsland\AdvancedTimeIsland.csproj::TargetFramework=net10.0]
C:\Users\Administrator\RiderProjects\AdvancedTimeIsland\Automation\Triggers\LocalSolarMonthlyTimeTriggerSettingsControl.cs(164,52): warning CS0618: “TextBox.Watermark”已过时:“Use PlaceholderText instead.” [C:\Users\Administrator\RiderProjects\AdvancedTimeIsland\AdvancedTimeIsland.csproj::TargetFramework=net10.0]
C:\Users\Administrator\RiderProjects\AdvancedTimeIsland\Automation\Triggers\LocalSolarMonthlyTimeTriggerSettingsControl.cs(169,52): warning CS0618: “TextBox.Watermark”已过时:“Use PlaceholderText instead.” [C:\Users\Administrator\RiderProjects\AdvancedTimeIsland\AdvancedTimeIsland.csproj::TargetFramework=net10.0]
C:\Users\Administrator\RiderProjects\AdvancedTimeIsland\Automation\Triggers\LocalSolarMonthlyTimeTriggerSettingsControl.cs(174,52): warning CS0618: “TextBox.Watermark”已过时:“Use PlaceholderText instead.” [C:\Users\Administrator\RiderProjects\AdvancedTimeIsland\AdvancedTimeIsland.csproj::TargetFramework=net10.0]
C:\Users\Administrator\RiderProjects\AdvancedTimeIsland\Automation\Triggers\LocalSolarWeeklyTimeTriggerSettingsControl.cs(154,13): warning CS0618: “TextBox.Watermark”已过时:“Use PlaceholderText instead.” [C:\Users\Administrator\RiderProjects\AdvancedTimeIsland\AdvancedTimeIsland.csproj::TargetFramework=net10.0]
C:\Users\Administrator\RiderProjects\AdvancedTimeIsland\Automation\Triggers\LocalSolarWeeklyTimeTriggerSettingsControl.cs(168,52): warning CS0618: “TextBox.Watermark”已过时:“Use PlaceholderText instead.” [C:\Users\Administrator\RiderProjects\AdvancedTimeIsland\AdvancedTimeIsland.csproj::TargetFramework=net10.0]
C:\Users\Administrator\RiderProjects\AdvancedTimeIsland\Automation\Triggers\LocalSolarWeeklyTimeTriggerSettingsControl.cs(173,52): warning CS0618: “TextBox.Watermark”已过时:“Use PlaceholderText instead.” [C:\Users\Administrator\RiderProjects\AdvancedTimeIsland\AdvancedTimeIsland.csproj::TargetFramework=net10.0]
C:\Users\Administrator\RiderProjects\AdvancedTimeIsland\Automation\Triggers\LocalSolarWeeklyTimeTriggerSettingsControl.cs(178,52): warning CS0618: “TextBox.Watermark”已过时:“Use PlaceholderText instead.” [C:\Users\Administrator\RiderProjects\AdvancedTimeIsland\AdvancedTimeIsland.csproj::TargetFramework=net10.0]
C:\Users\Administrator\RiderProjects\AdvancedTimeIsland\Views\Main\CountdownSettingsControl.cs(842,9): warning CS8602: 解引用可能出现空引用。 [C:\Users\Administrator\RiderProjects\AdvancedTimeIsland\AdvancedTimeIsland.csproj::TargetFramework=net10.0]
C:\Users\Administrator\RiderProjects\AdvancedTimeIsland\Views\Main\CountdownSettingsControl.cs(843,9): warning CS8602: 解引用可能出现空引用。 [C:\Users\Administrator\RiderProjects\AdvancedTimeIsland\AdvancedTimeIsland.csproj::TargetFramework=net10.0]
C:\Users\Administrator\RiderProjects\AdvancedTimeIsland\Views\Main\CountdownSettingsControl.cs(844,9): warning CS8602: 解引用可能出现空引用。 [C:\Users\Administrator\RiderProjects\AdvancedTimeIsland\AdvancedTimeIsland.csproj::TargetFramework=net10.0]
C:\Users\Administrator\RiderProjects\AdvancedTimeIsland\Views\Main\CountdownSettingsControl.cs(845,9): warning CS8602: 解引用可能出现空引用。 [C:\Users\Administrator\RiderProjects\AdvancedTimeIsland\AdvancedTimeIsland.csproj::TargetFramework=net10.0]
C:\Users\Administrator\RiderProjects\AdvancedTimeIsland\Views\Main\CountdownSettingsControl.cs(846,9): warning CS8602: 解引用可能出现空引用。 [C:\Users\Administrator\RiderProjects\AdvancedTimeIsland\AdvancedTimeIsland.csproj::TargetFramework=net10.0]
C:\Users\Administrator\RiderProjects\AdvancedTimeIsland\Views\Main\CountdownSettingsControl.cs(847,9): warning CS8602: 解引用可能出现空引用。 [C:\Users\Administrator\RiderProjects\AdvancedTimeIsland\AdvancedTimeIsland.csproj::TargetFramework=net10.0]
C:\Users\Administrator\RiderProjects\AdvancedTimeIsland\Views\Main\CountdownSettingsControl.cs(848,9): warning CS8602: 解引用可能出现空引用。 [C:\Users\Administrator\RiderProjects\AdvancedTimeIsland\AdvancedTimeIsland.csproj::TargetFramework=net10.0]
C:\Users\Administrator\RiderProjects\AdvancedTimeIsland\Views\Main\CountdownSettingsControl.cs(849,9): warning CS8602: 解引用可能出现空引用。 [C:\Users\Administrator\RiderProjects\AdvancedTimeIsland\AdvancedTimeIsland.csproj::TargetFramework=net10.0]
C:\Users\Administrator\RiderProjects\AdvancedTimeIsland\Views\Main\CountdownSettingsControl.cs(850,9): warning CS8602: 解引用可能出现空引用。 [C:\Users\Administrator\RiderProjects\AdvancedTimeIsland\AdvancedTimeIsland.csproj::TargetFramework=net10.0]
C:\Users\Administrator\RiderProjects\AdvancedTimeIsland\Views\Main\CountdownSettingsControl.cs(851,9): warning CS8602: 解引用可能出现空引用。 [C:\Users\Administrator\RiderProjects\AdvancedTimeIsland\AdvancedTimeIsland.csproj::TargetFramework=net10.0]
C:\Users\Administrator\RiderProjects\AdvancedTimeIsland\Views\Main\CountdownSettingsControl.cs(852,9): warning CS8602: 解引用可能出现空引用。 [C:\Users\Administrator\RiderProjects\AdvancedTimeIsland\AdvancedTimeIsland.csproj::TargetFramework=net10.0]
C:\Users\Administrator\RiderProjects\AdvancedTimeIsland\Views\Main\CountdownSettingsControl.cs(853,9): warning CS8602: 解引用可能出现空引用。 [C:\Users\Administrator\RiderProjects\AdvancedTimeIsland\AdvancedTimeIsland.csproj::TargetFramework=net10.0]
C:\Users\Administrator\RiderProjects\AdvancedTimeIsland\Views\Main\CountdownSettingsControl.cs(854,9): warning CS8602: 解引用可能出现空引用。 [C:\Users\Administrator\RiderProjects\AdvancedTimeIsland\AdvancedTimeIsland.csproj::TargetFramework=net10.0]
C:\Users\Administrator\RiderProjects\AdvancedTimeIsland\Views\Main\CountdownSettingsControl.cs(855,9): warning CS8602: 解引用可能出现空引用。 [C:\Users\Administrator\RiderProjects\AdvancedTimeIsland\AdvancedTimeIsland.csproj::TargetFramework=net10.0]
C:\Users\Administrator\RiderProjects\AdvancedTimeIsland\Views\Main\CountdownSettingsControl.cs(856,9): warning CS8602: 解引用可能出现空引用。 [C:\Users\Administrator\RiderProjects\AdvancedTimeIsland\AdvancedTimeIsland.csproj::TargetFramework=net10.0]
C:\Users\Administrator\RiderProjects\AdvancedTimeIsland\Views\Main\CountdownSettingsControl.cs(857,9): warning CS8602: 解引用可能出现空引用。 [C:\Users\Administrator\RiderProjects\AdvancedTimeIsland\AdvancedTimeIsland.csproj::TargetFramework=net10.0]
C:\Users\Administrator\RiderProjects\AdvancedTimeIsland\Views\Main\CountdownSettingsControl.cs(858,9): warning CS8602: 解引用可能出现空引用。 [C:\Users\Administrator\RiderProjects\AdvancedTimeIsland\AdvancedTimeIsland.csproj::TargetFramework=net10.0]
C:\Users\Administrator\RiderProjects\AdvancedTimeIsland\Views\Main\CountdownSettingsControl.cs(859,9): warning CS8602: 解引用可能出现空引用。 [C:\Users\Administrator\RiderProjects\AdvancedTimeIsland\AdvancedTimeIsland.csproj::TargetFramework=net10.0]
C:\Users\Administrator\RiderProjects\AdvancedTimeIsland\Views\Main\CountdownSettingsControl.cs(860,9): warning CS8602: 解引用可能出现空引用。 [C:\Users\Administrator\RiderProjects\AdvancedTimeIsland\AdvancedTimeIsland.csproj::TargetFramework=net10.0]
C:\Users\Administrator\RiderProjects\AdvancedTimeIsland\Views\Main\CountdownSettingsControl.cs(861,9): warning CS8602: 解引用可能出现空引用。 [C:\Users\Administrator\RiderProjects\AdvancedTimeIsland\AdvancedTimeIsland.csproj::TargetFramework=net10.0]
C:\Users\Administrator\RiderProjects\AdvancedTimeIsland\Views\Main\CountdownSettingsControl.cs(870,9): warning CS8602: 解引用可能出现空引用。 [C:\Users\Administrator\RiderProjects\AdvancedTimeIsland\AdvancedTimeIsland.csproj::TargetFramework=net10.0]
C:\Users\Administrator\RiderProjects\AdvancedTimeIsland\Views\Main\CountdownSettingsControl.cs(871,9): warning CS8602: 解引用可能出现空引用。 [C:\Users\Administrator\RiderProjects\AdvancedTimeIsland\AdvancedTimeIsland.csproj::TargetFramework=net10.0]
C:\Users\Administrator\RiderProjects\AdvancedTimeIsland\Views\Main\FpsMonitorControl.cs(48,12): warning CS8618: 在退出构造函数时，不可为 null 的 字段 "labelFpsTb" 必须包含非 null 值。请考虑添加 "required" 修饰符或将该 字段 声明为可为 null。 [C:\Users\Administrator\RiderProjects\AdvancedTimeIsland\AdvancedTimeIsland.csproj::TargetFramework=net10.0]
C:\Users\Administrator\RiderProjects\AdvancedTimeIsland\Views\Main\FpsMonitorControl.cs(48,12): warning CS8618: 在退出构造函数时，不可为 null 的 字段 "valueFpsTb" 必须包含非 null 值。请考虑添加 "required" 修饰符或将该 字段 声明为可为 null。 [C:\Users\Administrator\RiderProjects\AdvancedTimeIsland\AdvancedTimeIsland.csproj::TargetFramework=net10.0]
C:\Users\Administrator\RiderProjects\AdvancedTimeIsland\Views\Main\FpsMonitorControl.cs(48,12): warning CS8618: 在退出构造函数时，不可为 null 的 字段 "labelMaxTb" 必须包含非 null 值。请考虑添加 "required" 修饰符或将该 字段 声明为可为 null。 [C:\Users\Administrator\RiderProjects\AdvancedTimeIsland\AdvancedTimeIsland.csproj::TargetFramework=net10.0]
C:\Users\Administrator\RiderProjects\AdvancedTimeIsland\Views\Main\FpsMonitorControl.cs(48,12): warning CS8618: 在退出构造函数时，不可为 null 的 字段 "valueMaxTb" 必须包含非 null 值。请考虑添加 "required" 修饰符或将该 字段 声明为可为 null。 [C:\Users\Administrator\RiderProjects\AdvancedTimeIsland\AdvancedTimeIsland.csproj::TargetFramework=net10.0]
C:\Users\Administrator\RiderProjects\AdvancedTimeIsland\Views\Main\FpsMonitorControl.cs(48,12): warning CS8618: 在退出构造函数时，不可为 null 的 字段 "labelAvgTb" 必须包含非 null 值。请考虑添加 "required" 修饰符或将该 字段 声明为可为 null。 [C:\Users\Administrator\RiderProjects\AdvancedTimeIsland\AdvancedTimeIsland.csproj::TargetFramework=net10.0]
C:\Users\Administrator\RiderProjects\AdvancedTimeIsland\Views\Main\FpsMonitorControl.cs(48,12): warning CS8618: 在退出构造函数时，不可为 null 的 字段 "valueAvgTb" 必须包含非 null 值。请考虑添加 "required" 修饰符或将该 字段 声明为可为 null。 [C:\Users\Administrator\RiderProjects\AdvancedTimeIsland\AdvancedTimeIsland.csproj::TargetFramework=net10.0]
C:\Users\Administrator\RiderProjects\AdvancedTimeIsland\Views\Main\FpsMonitorControl.cs(48,12): warning CS8618: 在退出构造函数时，不可为 null 的 字段 "labelMinTb" 必须包含非 null 值。请考虑添加 "required" 修饰符或将该 字段 声明为可为 null。 [C:\Users\Administrator\RiderProjects\AdvancedTimeIsland\AdvancedTimeIsland.csproj::TargetFramework=net10.0]
C:\Users\Administrator\RiderProjects\AdvancedTimeIsland\Views\Main\FpsMonitorControl.cs(48,12): warning CS8618: 在退出构造函数时，不可为 null 的 字段 "valueMinTb" 必须包含非 null 值。请考虑添加 "required" 修饰符或将该 字段 声明为可为 null。 [C:\Users\Administrator\RiderProjects\AdvancedTimeIsland\AdvancedTimeIsland.csproj::TargetFramework=net10.0]
C:\Users\Administrator\RiderProjects\AdvancedTimeIsland\Views\Main\FpsMonitorControl.cs(48,12): warning CS8618: 在退出构造函数时，不可为 null 的 字段 "labelLow1Tb" 必须包含非 null 值。请考虑添加 "required" 修饰符或将该 字段 声明为可为 null。 [C:\Users\Administrator\RiderProjects\AdvancedTimeIsland\AdvancedTimeIsland.csproj::TargetFramework=net10.0]
C:\Users\Administrator\RiderProjects\AdvancedTimeIsland\Views\Main\FpsMonitorControl.cs(48,12): warning CS8618: 在退出构造函数时，不可为 null 的 字段 "valueLow1Tb" 必须包含非 null 值。请考虑添加 "required" 修饰符或将该 字段 声明为可为 null。 [C:\Users\Administrator\RiderProjects\AdvancedTimeIsland\AdvancedTimeIsland.csproj::TargetFramework=net10.0]
C:\Users\Administrator\RiderProjects\AdvancedTimeIsland\Views\Main\FpsMonitorControl.cs(48,12): warning CS8618: 在退出构造函数时，不可为 null 的 字段 "labelOneSecondFrameCountTb" 必须包含非 null 值。请考虑添加 "required" 修饰符或将该 字段 声明为可为 null。 [C:\Users\Administrator\RiderProjects\AdvancedTimeIsland\AdvancedTimeIsland.csproj::TargetFramework=net10.0]
C:\Users\Administrator\RiderProjects\AdvancedTimeIsland\Views\Main\FpsMonitorControl.cs(48,12): warning CS8618: 在退出构造函数时，不可为 null 的 字段 "valueOneSecondFrameCountTb" 必须包含非 null 值。请考虑添加 "required" 修饰符或将该 字段 声明为可为 null。 [C:\Users\Administrator\RiderProjects\AdvancedTimeIsland\AdvancedTimeIsland.csproj::TargetFramework=net10.0]
C:\Users\Administrator\RiderProjects\AdvancedTimeIsland\Views\Main\FpsMonitorControl.cs(48,12): warning CS8618: 在退出构造函数时，不可为 null 的 字段 "rootBorder" 必须包含非 null 值。请考虑添加 "required" 修饰符或将该 字段 声明为可为 null。 [C:\Users\Administrator\RiderProjects\AdvancedTimeIsland\AdvancedTimeIsland.csproj::TargetFramework=net10.0]
C:\Users\Administrator\RiderProjects\AdvancedTimeIsland\Views\Main\ForwardTimerSettingsControl.cs(597,9): warning CS8602: 解引用可能出现空引用。 [C:\Users\Administrator\RiderProjects\AdvancedTimeIsland\AdvancedTimeIsland.csproj::TargetFramework=net10.0]
C:\Users\Administrator\RiderProjects\AdvancedTimeIsland\Views\Main\ForwardTimerSettingsControl.cs(598,9): warning CS8602: 解引用可能出现空引用。 [C:\Users\Administrator\RiderProjects\AdvancedTimeIsland\AdvancedTimeIsland.csproj::TargetFramework=net10.0]
C:\Users\Administrator\RiderProjects\AdvancedTimeIsland\Views\Main\ForwardTimerSettingsControl.cs(599,9): warning CS8602: 解引用可能出现空引用。 [C:\Users\Administrator\RiderProjects\AdvancedTimeIsland\AdvancedTimeIsland.csproj::TargetFramework=net10.0]
C:\Users\Administrator\RiderProjects\AdvancedTimeIsland\Views\Main\ForwardTimerSettingsControl.cs(600,9): warning CS8602: 解引用可能出现空引用。 [C:\Users\Administrator\RiderProjects\AdvancedTimeIsland\AdvancedTimeIsland.csproj::TargetFramework=net10.0]
C:\Users\Administrator\RiderProjects\AdvancedTimeIsland\Views\Main\ForwardTimerSettingsControl.cs(601,9): warning CS8602: 解引用可能出现空引用。 [C:\Users\Administrator\RiderProjects\AdvancedTimeIsland\AdvancedTimeIsland.csproj::TargetFramework=net10.0]
C:\Users\Administrator\RiderProjects\AdvancedTimeIsland\Views\Main\ForwardTimerSettingsControl.cs(602,9): warning CS8602: 解引用可能出现空引用。 [C:\Users\Administrator\RiderProjects\AdvancedTimeIsland\AdvancedTimeIsland.csproj::TargetFramework=net10.0]
C:\Users\Administrator\RiderProjects\AdvancedTimeIsland\Views\Main\ForwardTimerSettingsControl.cs(603,9): warning CS8602: 解引用可能出现空引用。 [C:\Users\Administrator\RiderProjects\AdvancedTimeIsland\AdvancedTimeIsland.csproj::TargetFramework=net10.0]
C:\Users\Administrator\RiderProjects\AdvancedTimeIsland\Views\Main\ForwardTimerSettingsControl.cs(604,9): warning CS8602: 解引用可能出现空引用。 [C:\Users\Administrator\RiderProjects\AdvancedTimeIsland\AdvancedTimeIsland.csproj::TargetFramework=net10.0]
C:\Users\Administrator\RiderProjects\AdvancedTimeIsland\Views\Main\ForwardTimerSettingsControl.cs(605,9): warning CS8602: 解引用可能出现空引用。 [C:\Users\Administrator\RiderProjects\AdvancedTimeIsland\AdvancedTimeIsland.csproj::TargetFramework=net10.0]
C:\Users\Administrator\RiderProjects\AdvancedTimeIsland\Views\Main\ForwardTimerSettingsControl.cs(606,9): warning CS8602: 解引用可能出现空引用。 [C:\Users\Administrator\RiderProjects\AdvancedTimeIsland\AdvancedTimeIsland.csproj::TargetFramework=net10.0]
C:\Users\Administrator\RiderProjects\AdvancedTimeIsland\Views\Main\ForwardTimerSettingsControl.cs(607,9): warning CS8602: 解引用可能出现空引用。 [C:\Users\Administrator\RiderProjects\AdvancedTimeIsland\AdvancedTimeIsland.csproj::TargetFramework=net10.0]
C:\Users\Administrator\RiderProjects\AdvancedTimeIsland\Views\Main\ForwardTimerSettingsControl.cs(608,9): warning CS8602: 解引用可能出现空引用。 [C:\Users\Administrator\RiderProjects\AdvancedTimeIsland\AdvancedTimeIsland.csproj::TargetFramework=net10.0]
C:\Users\Administrator\RiderProjects\AdvancedTimeIsland\Views\Main\ForwardTimerSettingsControl.cs(609,9): warning CS8602: 解引用可能出现空引用。 [C:\Users\Administrator\RiderProjects\AdvancedTimeIsland\AdvancedTimeIsland.csproj::TargetFramework=net10.0]
C:\Users\Administrator\RiderProjects\AdvancedTimeIsland\Views\Main\ForwardTimerSettingsControl.cs(610,9): warning CS8602: 解引用可能出现空引用。 [C:\Users\Administrator\RiderProjects\AdvancedTimeIsland\AdvancedTimeIsland.csproj::TargetFramework=net10.0]
C:\Users\Administrator\RiderProjects\AdvancedTimeIsland\Views\Main\ForwardTimerSettingsControl.cs(611,9): warning CS8602: 解引用可能出现空引用。 [C:\Users\Administrator\RiderProjects\AdvancedTimeIsland\AdvancedTimeIsland.csproj::TargetFramework=net10.0]
C:\Users\Administrator\RiderProjects\AdvancedTimeIsland\Views\Main\ForwardTimerSettingsControl.cs(612,9): warning CS8602: 解引用可能出现空引用。 [C:\Users\Administrator\RiderProjects\AdvancedTimeIsland\AdvancedTimeIsland.csproj::TargetFramework=net10.0]
C:\Users\Administrator\RiderProjects\AdvancedTimeIsland\Views\Main\ForwardTimerSettingsControl.cs(613,9): warning CS8602: 解引用可能出现空引用。 [C:\Users\Administrator\RiderProjects\AdvancedTimeIsland\AdvancedTimeIsland.csproj::TargetFramework=net10.0]
C:\Users\Administrator\RiderProjects\AdvancedTimeIsland\Views\Main\ForwardTimerSettingsControl.cs(614,9): warning CS8602: 解引用可能出现空引用。 [C:\Users\Administrator\RiderProjects\AdvancedTimeIsland\AdvancedTimeIsland.csproj::TargetFramework=net10.0]
C:\Users\Administrator\RiderProjects\AdvancedTimeIsland\Views\Main\ForwardTimerSettingsControl.cs(615,9): warning CS8602: 解引用可能出现空引用。 [C:\Users\Administrator\RiderProjects\AdvancedTimeIsland\AdvancedTimeIsland.csproj::TargetFramework=net10.0]
C:\Users\Administrator\RiderProjects\AdvancedTimeIsland\Views\Main\ForwardTimerSettingsControl.cs(616,9): warning CS8602: 解引用可能出现空引用。 [C:\Users\Administrator\RiderProjects\AdvancedTimeIsland\AdvancedTimeIsland.csproj::TargetFramework=net10.0]
C:\Users\Administrator\RiderProjects\AdvancedTimeIsland\Automation\Triggers\MinutelyTimeIntervalTriggerSettingsControl.cs(77,13): warning CS0618: “TextBox.Watermark”已过时:“Use PlaceholderText instead.” [C:\Users\Administrator\RiderProjects\AdvancedTimeIsland\AdvancedTimeIsland.csproj::TargetFramework=net10.0]
C:\Users\Administrator\RiderProjects\AdvancedTimeIsland\Automation\Triggers\MinutelyTimeTriggerSettingsControl.cs(77,13): warning CS0618: “TextBox.Watermark”已过时:“Use PlaceholderText instead.” [C:\Users\Administrator\RiderProjects\AdvancedTimeIsland\AdvancedTimeIsland.csproj::TargetFramework=net10.0]
C:\Users\Administrator\RiderProjects\AdvancedTimeIsland\Views\Settings\TimeCalculatorPage.cs(261,9): warning CS8602: 解引用可能出现空引用。 [C:\Users\Administrator\RiderProjects\AdvancedTimeIsland\AdvancedTimeIsland.csproj::TargetFramework=net10.0]
C:\Users\Administrator\RiderProjects\AdvancedTimeIsland\Views\Settings\EasterEggPage.cs(745,56): warning CS8604: “int AvaloniaList<Control>.IndexOf(Control item)”中的形参“item”可能传入 null 引用实参。 [C:\Users\Administrator\RiderProjects\AdvancedTimeIsland\AdvancedTimeIsland.csproj::TargetFramework=net10.0]
C:\Users\Administrator\RiderProjects\AdvancedTimeIsland\Automation\Triggers\MinutelyTimeIntervalTriggerSettingsControl.cs(199,39): warning CS8604: “int MinutelyTimeIntervalTriggerSettingsControl.ParseSecond(string text)”中的形参“text”可能传入 null 引用实参。 [C:\Users\Administrator\RiderProjects\AdvancedTimeIsland\AdvancedTimeIsland.csproj::TargetFramework=net10.0]
C:\Users\Administrator\RiderProjects\AdvancedTimeIsland\Automation\Triggers\MinutelyTimeIntervalTriggerSettingsControl.cs(202,37): warning CS8604: “int MinutelyTimeIntervalTriggerSettingsControl.ParseSecond(string text)”中的形参“text”可能传入 null 引用实参。 [C:\Users\Administrator\RiderProjects\AdvancedTimeIsland\AdvancedTimeIsland.csproj::TargetFramework=net10.0]
C:\Users\Administrator\RiderProjects\AdvancedTimeIsland\Views\Main\FpsMonitorSettingsControl.cs(40,12): warning CS8618: 在退出构造函数时，不可为 null 的 字段 "_labelColorPicker" 必须包含非 null 值。请考虑添加 "required" 修饰符或将该 字段 声明为可为 null。 [C:\Users\Administrator\RiderProjects\AdvancedTimeIsland\AdvancedTimeIsland.csproj::TargetFramework=net10.0]
C:\Users\Administrator\RiderProjects\AdvancedTimeIsland\Views\Main\FpsMonitorSettingsControl.cs(40,12): warning CS8618: 在退出构造函数时，不可为 null 的 字段 "_labelFontSizeNumericUpDown" 必须包含非 null 值。请考虑添加 "required" 修饰符或将该 字段 声明为可为 null。 [C:\Users\Administrator\RiderProjects\AdvancedTimeIsland\AdvancedTimeIsland.csproj::TargetFramework=net10.0]
C:\Users\Administrator\RiderProjects\AdvancedTimeIsland\Views\Main\FpsMonitorSettingsControl.cs(40,12): warning CS8618: 在退出构造函数时，不可为 null 的 字段 "_valueColorPicker" 必须包含非 null 值。请考虑添加 "required" 修饰符或将该 字段 声明为可为 null。 [C:\Users\Administrator\RiderProjects\AdvancedTimeIsland\AdvancedTimeIsland.csproj::TargetFramework=net10.0]
C:\Users\Administrator\RiderProjects\AdvancedTimeIsland\Views\Main\FpsMonitorSettingsControl.cs(40,12): warning CS8618: 在退出构造函数时，不可为 null 的 字段 "_valueFontSizeNumericUpDown" 必须包含非 null 值。请考虑添加 "required" 修饰符或将该 字段 声明为可为 null。 [C:\Users\Administrator\RiderProjects\AdvancedTimeIsland\AdvancedTimeIsland.csproj::TargetFramework=net10.0]
C:\Users\Administrator\RiderProjects\AdvancedTimeIsland\Views\Main\FpsMonitorSettingsControl.cs(40,12): warning CS8618: 在退出构造函数时，不可为 null 的 字段 "_enableComponentToggle" 必须包含非 null 值。请考虑添加 "required" 修饰符或将该 字段 声明为可为 null。 [C:\Users\Administrator\RiderProjects\AdvancedTimeIsland\AdvancedTimeIsland.csproj::TargetFramework=net10.0]
C:\Users\Administrator\RiderProjects\AdvancedTimeIsland\Views\Main\FpsMonitorSettingsControl.cs(40,12): warning CS8618: 在退出构造函数时，不可为 null 的 字段 "_labelTitleTextBlock" 必须包含非 null 值。请考虑添加 "required" 修饰符或将该 字段 声明为可为 null。 [C:\Users\Administrator\RiderProjects\AdvancedTimeIsland\AdvancedTimeIsland.csproj::TargetFramework=net10.0]
C:\Users\Administrator\RiderProjects\AdvancedTimeIsland\Views\Main\FpsMonitorSettingsControl.cs(40,12): warning CS8618: 在退出构造函数时，不可为 null 的 字段 "_labelColorLabelTextBlock" 必须包含非 null 值。请考虑添加 "required" 修饰符或将该 字段 声明为可为 null。 [C:\Users\Administrator\RiderProjects\AdvancedTimeIsland\AdvancedTimeIsland.csproj::TargetFramework=net10.0]
C:\Users\Administrator\RiderProjects\AdvancedTimeIsland\Views\Main\FpsMonitorSettingsControl.cs(40,12): warning CS8618: 在退出构造函数时，不可为 null 的 字段 "_labelFontSizeLabelTextBlock" 必须包含非 null 值。请考虑添加 "required" 修饰符或将该 字段 声明为可为 null。 [C:\Users\Administrator\RiderProjects\AdvancedTimeIsland\AdvancedTimeIsland.csproj::TargetFramework=net10.0]
C:\Users\Administrator\RiderProjects\AdvancedTimeIsland\Views\Main\FpsMonitorSettingsControl.cs(40,12): warning CS8618: 在退出构造函数时，不可为 null 的 字段 "_valueTitleTextBlock" 必须包含非 null 值。请考虑添加 "required" 修饰符或将该 字段 声明为可为 null。 [C:\Users\Administrator\RiderProjects\AdvancedTimeIsland\AdvancedTimeIsland.csproj::TargetFramework=net10.0]
C:\Users\Administrator\RiderProjects\AdvancedTimeIsland\Views\Main\FpsMonitorSettingsControl.cs(40,12): warning CS8618: 在退出构造函数时，不可为 null 的 字段 "_valueColorNoteTextBlock" 必须包含非 null 值。请考虑添加 "required" 修饰符或将该 字段 声明为可为 null。 [C:\Users\Administrator\RiderProjects\AdvancedTimeIsland\AdvancedTimeIsland.csproj::TargetFramework=net10.0]
C:\Users\Administrator\RiderProjects\AdvancedTimeIsland\Views\Main\FpsMonitorSettingsControl.cs(40,12): warning CS8618: 在退出构造函数时，不可为 null 的 字段 "_valueColorLabelTextBlock" 必须包含非 null 值。请考虑添加 "required" 修饰符或将该 字段 声明为可为 null。 [C:\Users\Administrator\RiderProjects\AdvancedTimeIsland\AdvancedTimeIsland.csproj::TargetFramework=net10.0]
C:\Users\Administrator\RiderProjects\AdvancedTimeIsland\Views\Main\FpsMonitorSettingsControl.cs(40,12): warning CS8618: 在退出构造函数时，不可为 null 的 字段 "_valueFontSizeLabelTextBlock" 必须包含非 null 值。请考虑添加 "required" 修饰符或将该 字段 声明为可为 null。 [C:\Users\Administrator\RiderProjects\AdvancedTimeIsland\AdvancedTimeIsland.csproj::TargetFramework=net10.0]
C:\Users\Administrator\RiderProjects\AdvancedTimeIsland\Automation\Triggers\LocalSolarMinutelyTimeIntervalTriggerSettingsControl.cs(107,13): warning CS0618: “TextBox.Watermark”已过时:“Use PlaceholderText instead.” [C:\Users\Administrator\RiderProjects\AdvancedTimeIsland\AdvancedTimeIsland.csproj::TargetFramework=net10.0]
C:\Users\Administrator\RiderProjects\AdvancedTimeIsland\Views\Main\FpsMonitorSettingsControl.cs(88,9): warning CS8602: 解引用可能出现空引用。 [C:\Users\Administrator\RiderProjects\AdvancedTimeIsland\AdvancedTimeIsland.csproj::TargetFramework=net10.0]
C:\Users\Administrator\RiderProjects\AdvancedTimeIsland\Views\Main\FpsMonitorSettingsControl.cs(89,9): warning CS8602: 解引用可能出现空引用。 [C:\Users\Administrator\RiderProjects\AdvancedTimeIsland\AdvancedTimeIsland.csproj::TargetFramework=net10.0]
C:\Users\Administrator\RiderProjects\AdvancedTimeIsland\Views\Main\FpsMonitorSettingsControl.cs(90,9): warning CS8602: 解引用可能出现空引用。 [C:\Users\Administrator\RiderProjects\AdvancedTimeIsland\AdvancedTimeIsland.csproj::TargetFramework=net10.0]
C:\Users\Administrator\RiderProjects\AdvancedTimeIsland\Views\Main\FpsMonitorSettingsControl.cs(91,9): warning CS8602: 解引用可能出现空引用。 [C:\Users\Administrator\RiderProjects\AdvancedTimeIsland\AdvancedTimeIsland.csproj::TargetFramework=net10.0]
C:\Users\Administrator\RiderProjects\AdvancedTimeIsland\Views\Main\SunriseSunsetSettingsControl.cs(130,65): warning CS0618: “TextBox.Watermark”已过时:“Use PlaceholderText instead.” [C:\Users\Administrator\RiderProjects\AdvancedTimeIsland\AdvancedTimeIsland.csproj::TargetFramework=net10.0]
C:\Users\Administrator\RiderProjects\AdvancedTimeIsland\Views\Main\SunriseSunsetSettingsControl.cs(136,65): warning CS0618: “TextBox.Watermark”已过时:“Use PlaceholderText instead.” [C:\Users\Administrator\RiderProjects\AdvancedTimeIsland\AdvancedTimeIsland.csproj::TargetFramework=net10.0]
C:\Users\Administrator\RiderProjects\AdvancedTimeIsland\Views\Main\SunriseSunsetSettingsControl.cs(142,65): warning CS0618: “TextBox.Watermark”已过时:“Use PlaceholderText instead.” [C:\Users\Administrator\RiderProjects\AdvancedTimeIsland\AdvancedTimeIsland.csproj::TargetFramework=net10.0]
C:\Users\Administrator\RiderProjects\AdvancedTimeIsland\Views\Main\SunriseSunsetSettingsControl.cs(174,64): warning CS0618: “TextBox.Watermark”已过时:“Use PlaceholderText instead.” [C:\Users\Administrator\RiderProjects\AdvancedTimeIsland\AdvancedTimeIsland.csproj::TargetFramework=net10.0]
C:\Users\Administrator\RiderProjects\AdvancedTimeIsland\Views\Main\SunriseSunsetSettingsControl.cs(180,64): warning CS0618: “TextBox.Watermark”已过时:“Use PlaceholderText instead.” [C:\Users\Administrator\RiderProjects\AdvancedTimeIsland\AdvancedTimeIsland.csproj::TargetFramework=net10.0]
C:\Users\Administrator\RiderProjects\AdvancedTimeIsland\Views\Main\SunriseSunsetSettingsControl.cs(186,64): warning CS0618: “TextBox.Watermark”已过时:“Use PlaceholderText instead.” [C:\Users\Administrator\RiderProjects\AdvancedTimeIsland\AdvancedTimeIsland.csproj::TargetFramework=net10.0]
C:\Users\Administrator\RiderProjects\AdvancedTimeIsland\Automation\Triggers\LocalSolarMinutelyTimeTriggerSettingsControl.cs(303,39): warning CS8604: “int LocalSolarMinutelyTimeTriggerSettingsControl.ParseSecond(string text)”中的形参“text”可能传入 null 引用实参。 [C:\Users\Administrator\RiderProjects\AdvancedTimeIsland\AdvancedTimeIsland.csproj::TargetFramework=net10.0]
C:\Users\Administrator\RiderProjects\AdvancedTimeIsland\Automation\Triggers\LocalSolarMinutelyTimeIntervalTriggerSettingsControl.cs(241,39): warning CS8604: “int LocalSolarMinutelyTimeIntervalTriggerSettingsControl.ParseSecond(string text)”中的形参“text”可能传入 null 引用实参。 [C:\Users\Administrator\RiderProjects\AdvancedTimeIsland\AdvancedTimeIsland.csproj::TargetFramework=net10.0]
C:\Users\Administrator\RiderProjects\AdvancedTimeIsland\Automation\Triggers\LocalSolarMinutelyTimeIntervalTriggerSettingsControl.cs(244,37): warning CS8604: “int LocalSolarMinutelyTimeIntervalTriggerSettingsControl.ParseSecond(string text)”中的形参“text”可能传入 null 引用实参。 [C:\Users\Administrator\RiderProjects\AdvancedTimeIsland\AdvancedTimeIsland.csproj::TargetFramework=net10.0]
C:\Users\Administrator\RiderProjects\AdvancedTimeIsland\Views\Main\JieQiControl.cs(30,12): warning CS8618: 在退出构造函数时，不可为 null 的 字段 "vm" 必须包含非 null 值。请考虑添加 "required" 修饰符或将该 字段 声明为可为 null。 [C:\Users\Administrator\RiderProjects\AdvancedTimeIsland\AdvancedTimeIsland.csproj::TargetFramework=net10.0]
C:\Users\Administrator\RiderProjects\AdvancedTimeIsland\Views\Main\JieQiControl.cs(30,12): warning CS8618: 在退出构造函数时，不可为 null 的 字段 "labelTb" 必须包含非 null 值。请考虑添加 "required" 修饰符或将该 字段 声明为可为 null。 [C:\Users\Administrator\RiderProjects\AdvancedTimeIsland\AdvancedTimeIsland.csproj::TargetFramework=net10.0]
C:\Users\Administrator\RiderProjects\AdvancedTimeIsland\Views\Main\JieQiControl.cs(30,12): warning CS8618: 在退出构造函数时，不可为 null 的 字段 "valueTb" 必须包含非 null 值。请考虑添加 "required" 修饰符或将该 字段 声明为可为 null。 [C:\Users\Administrator\RiderProjects\AdvancedTimeIsland\AdvancedTimeIsland.csproj::TargetFramework=net10.0]
C:\Users\Administrator\RiderProjects\AdvancedTimeIsland\Views\Main\JieQiControl.cs(30,12): warning CS8618: 在退出构造函数时，不可为 null 的 字段 "rootBorder" 必须包含非 null 值。请考虑添加 "required" 修饰符或将该 字段 声明为可为 null。 [C:\Users\Administrator\RiderProjects\AdvancedTimeIsland\AdvancedTimeIsland.csproj::TargetFramework=net10.0]
C:\Users\Administrator\RiderProjects\AdvancedTimeIsland\Views\Main\SunriseSunsetSettingsControl.cs(312,9): warning CS8602: 解引用可能出现空引用。 [C:\Users\Administrator\RiderProjects\AdvancedTimeIsland\AdvancedTimeIsland.csproj::TargetFramework=net10.0]
C:\Users\Administrator\RiderProjects\AdvancedTimeIsland\Views\Main\SunriseSunsetSettingsControl.cs(313,9): warning CS8602: 解引用可能出现空引用。 [C:\Users\Administrator\RiderProjects\AdvancedTimeIsland\AdvancedTimeIsland.csproj::TargetFramework=net10.0]
C:\Users\Administrator\RiderProjects\AdvancedTimeIsland\Views\Main\SunriseSunsetSettingsControl.cs(314,9): warning CS8602: 解引用可能出现空引用。 [C:\Users\Administrator\RiderProjects\AdvancedTimeIsland\AdvancedTimeIsland.csproj::TargetFramework=net10.0]
C:\Users\Administrator\RiderProjects\AdvancedTimeIsland\Views\Main\SunriseSunsetSettingsControl.cs(315,9): warning CS8602: 解引用可能出现空引用。 [C:\Users\Administrator\RiderProjects\AdvancedTimeIsland\AdvancedTimeIsland.csproj::TargetFramework=net10.0]
C:\Users\Administrator\RiderProjects\AdvancedTimeIsland\Views\Main\SunriseSunsetSettingsControl.cs(316,9): warning CS8602: 解引用可能出现空引用。 [C:\Users\Administrator\RiderProjects\AdvancedTimeIsland\AdvancedTimeIsland.csproj::TargetFramework=net10.0]
C:\Users\Administrator\RiderProjects\AdvancedTimeIsland\Views\Main\SunriseSunsetSettingsControl.cs(317,9): warning CS8602: 解引用可能出现空引用。 [C:\Users\Administrator\RiderProjects\AdvancedTimeIsland\AdvancedTimeIsland.csproj::TargetFramework=net10.0]
C:\Users\Administrator\RiderProjects\AdvancedTimeIsland\Views\Main\SunriseSunsetSettingsControl.cs(318,9): warning CS8602: 解引用可能出现空引用。 [C:\Users\Administrator\RiderProjects\AdvancedTimeIsland\AdvancedTimeIsland.csproj::TargetFramework=net10.0]
C:\Users\Administrator\RiderProjects\AdvancedTimeIsland\Views\Main\SunriseSunsetSettingsControl.cs(319,9): warning CS8602: 解引用可能出现空引用。 [C:\Users\Administrator\RiderProjects\AdvancedTimeIsland\AdvancedTimeIsland.csproj::TargetFramework=net10.0]
C:\Users\Administrator\RiderProjects\AdvancedTimeIsland\Automation\Triggers\MinutelyTimeTriggerSettingsControl.cs(136,39): warning CS8604: “int MinutelyTimeTriggerSettingsControl.ParseSecond(string text)”中的形参“text”可能传入 null 引用实参。 [C:\Users\Administrator\RiderProjects\AdvancedTimeIsland\AdvancedTimeIsland.csproj::TargetFramework=net10.0]
C:\Users\Administrator\RiderProjects\AdvancedTimeIsland\Views\Settings\PluginSettingsPage.cs(975,13): warning CS0618: “TextBox.Watermark”已过时:“Use PlaceholderText instead.” [C:\Users\Administrator\RiderProjects\AdvancedTimeIsland\AdvancedTimeIsland.csproj::TargetFramework=net10.0]
C:\Users\Administrator\RiderProjects\AdvancedTimeIsland\Views\Settings\PluginSettingsPage.cs(1006,56): warning CS0618: “TextBox.Watermark”已过时:“Use PlaceholderText instead.” [C:\Users\Administrator\RiderProjects\AdvancedTimeIsland\AdvancedTimeIsland.csproj::TargetFramework=net10.0]
C:\Users\Administrator\RiderProjects\AdvancedTimeIsland\Views\Settings\PluginSettingsPage.cs(1011,56): warning CS0618: “TextBox.Watermark”已过时:“Use PlaceholderText instead.” [C:\Users\Administrator\RiderProjects\AdvancedTimeIsland\AdvancedTimeIsland.csproj::TargetFramework=net10.0]
C:\Users\Administrator\RiderProjects\AdvancedTimeIsland\Views\Settings\PluginSettingsPage.cs(1016,56): warning CS0618: “TextBox.Watermark”已过时:“Use PlaceholderText instead.” [C:\Users\Administrator\RiderProjects\AdvancedTimeIsland\AdvancedTimeIsland.csproj::TargetFramework=net10.0]
C:\Users\Administrator\RiderProjects\AdvancedTimeIsland\Views\Settings\PluginSettingsPage.cs(1040,9): warning CS8602: 解引用可能出现空引用。 [C:\Users\Administrator\RiderProjects\AdvancedTimeIsland\AdvancedTimeIsland.csproj::TargetFramework=net10.0]
C:\Users\Administrator\RiderProjects\AdvancedTimeIsland\Views\Settings\PluginSettingsPage.cs(1041,9): warning CS8602: 解引用可能出现空引用。 [C:\Users\Administrator\RiderProjects\AdvancedTimeIsland\AdvancedTimeIsland.csproj::TargetFramework=net10.0]
C:\Users\Administrator\RiderProjects\AdvancedTimeIsland\Views\Settings\hanfu_page_template.cs(975,37): warning CS8604: “void HanfuPageTemplate.ComputeSpanOffsetsRecursive(InlineCollection inlines, ref int offset, Dictionary<Span, (int, int)> result)”中的形参“inlines”可能传入 null 引用实参。 [C:\Users\Administrator\RiderProjects\AdvancedTimeIsland\AdvancedTimeIsland.csproj::TargetFramework=net10.0]
C:\Users\Administrator\RiderProjects\AdvancedTimeIsland\Views\Settings\hanfu_page_template.cs(985,27): warning CS8602: 解引用可能出现空引用。 [C:\Users\Administrator\RiderProjects\AdvancedTimeIsland\AdvancedTimeIsland.csproj::TargetFramework=net10.0]
C:\Users\Administrator\RiderProjects\AdvancedTimeIsland\Views\Main\JieQiSettingsControl.cs(41,12): warning CS8618: 在退出构造函数时，不可为 null 的 字段 "_labelColorPicker" 必须包含非 null 值。请考虑添加 "required" 修饰符或将该 字段 声明为可为 null。 [C:\Users\Administrator\RiderProjects\AdvancedTimeIsland\AdvancedTimeIsland.csproj::TargetFramework=net10.0]
C:\Users\Administrator\RiderProjects\AdvancedTimeIsland\Views\Main\JieQiSettingsControl.cs(41,12): warning CS8618: 在退出构造函数时，不可为 null 的 字段 "_labelFontSizeNumericUpDown" 必须包含非 null 值。请考虑添加 "required" 修饰符或将该 字段 声明为可为 null。 [C:\Users\Administrator\RiderProjects\AdvancedTimeIsland\AdvancedTimeIsland.csproj::TargetFramework=net10.0]
C:\Users\Administrator\RiderProjects\AdvancedTimeIsland\Views\Main\JieQiSettingsControl.cs(41,12): warning CS8618: 在退出构造函数时，不可为 null 的 字段 "_valueColorPicker" 必须包含非 null 值。请考虑添加 "required" 修饰符或将该 字段 声明为可为 null。 [C:\Users\Administrator\RiderProjects\AdvancedTimeIsland\AdvancedTimeIsland.csproj::TargetFramework=net10.0]
C:\Users\Administrator\RiderProjects\AdvancedTimeIsland\Views\Main\JieQiSettingsControl.cs(41,12): warning CS8618: 在退出构造函数时，不可为 null 的 字段 "_valueFontSizeNumericUpDown" 必须包含非 null 值。请考虑添加 "required" 修饰符或将该 字段 声明为可为 null。 [C:\Users\Administrator\RiderProjects\AdvancedTimeIsland\AdvancedTimeIsland.csproj::TargetFramework=net10.0]
C:\Users\Administrator\RiderProjects\AdvancedTimeIsland\Views\Main\JieQiSettingsControl.cs(41,12): warning CS8618: 在退出构造函数时，不可为 null 的 字段 "_labelEnableCustomFontSizeToggle" 必须包含非 null 值。请考虑添加 "required" 修饰符或将该 字段 声明为可为 null。 [C:\Users\Administrator\RiderProjects\AdvancedTimeIsland\AdvancedTimeIsland.csproj::TargetFramework=net10.0]
C:\Users\Administrator\RiderProjects\AdvancedTimeIsland\Views\Main\JieQiSettingsControl.cs(41,12): warning CS8618: 在退出构造函数时，不可为 null 的 字段 "_labelEnableCustomFontColorToggle" 必须包含非 null 值。请考虑添加 "required" 修饰符或将该 字段 声明为可为 null。 [C:\Users\Administrator\RiderProjects\AdvancedTimeIsland\AdvancedTimeIsland.csproj::TargetFramework=net10.0]
C:\Users\Administrator\RiderProjects\AdvancedTimeIsland\Views\Main\JieQiSettingsControl.cs(41,12): warning CS8618: 在退出构造函数时，不可为 null 的 字段 "_valueEnableCustomFontSizeToggle" 必须包含非 null 值。请考虑添加 "required" 修饰符或将该 字段 声明为可为 null。 [C:\Users\Administrator\RiderProjects\AdvancedTimeIsland\AdvancedTimeIsland.csproj::TargetFramework=net10.0]
C:\Users\Administrator\RiderProjects\AdvancedTimeIsland\Views\Main\JieQiSettingsControl.cs(41,12): warning CS8618: 在退出构造函数时，不可为 null 的 字段 "_valueEnableCustomFontColorToggle" 必须包含非 null 值。请考虑添加 "required" 修饰符或将该 字段 声明为可为 null。 [C:\Users\Administrator\RiderProjects\AdvancedTimeIsland\AdvancedTimeIsland.csproj::TargetFramework=net10.0]
C:\Users\Administrator\RiderProjects\AdvancedTimeIsland\Views\Main\JieQiSettingsControl.cs(41,12): warning CS8618: 在退出构造函数时，不可为 null 的 字段 "_labelEnableCustomFontFamilyToggle" 必须包含非 null 值。请考虑添加 "required" 修饰符或将该 字段 声明为可为 null。 [C:\Users\Administrator\RiderProjects\AdvancedTimeIsland\AdvancedTimeIsland.csproj::TargetFramework=net10.0]
C:\Users\Administrator\RiderProjects\AdvancedTimeIsland\Views\Main\JieQiSettingsControl.cs(41,12): warning CS8618: 在退出构造函数时，不可为 null 的 字段 "_valueEnableCustomFontFamilyToggle" 必须包含非 null 值。请考虑添加 "required" 修饰符或将该 字段 声明为可为 null。 [C:\Users\Administrator\RiderProjects\AdvancedTimeIsland\AdvancedTimeIsland.csproj::TargetFramework=net10.0]
C:\Users\Administrator\RiderProjects\AdvancedTimeIsland\Views\Main\JieQiSettingsControl.cs(41,12): warning CS8618: 在退出构造函数时，不可为 null 的 字段 "_labelEnableCustomFontWeightToggle" 必须包含非 null 值。请考虑添加 "required" 修饰符或将该 字段 声明为可为 null。 [C:\Users\Administrator\RiderProjects\AdvancedTimeIsland\AdvancedTimeIsland.csproj::TargetFramework=net10.0]
C:\Users\Administrator\RiderProjects\AdvancedTimeIsland\Views\Main\JieQiSettingsControl.cs(41,12): warning CS8618: 在退出构造函数时，不可为 null 的 字段 "_valueEnableCustomFontWeightToggle" 必须包含非 null 值。请考虑添加 "required" 修饰符或将该 字段 声明为可为 null。 [C:\Users\Administrator\RiderProjects\AdvancedTimeIsland\AdvancedTimeIsland.csproj::TargetFramework=net10.0]
C:\Users\Administrator\RiderProjects\AdvancedTimeIsland\Views\Main\JieQiSettingsControl.cs(41,12): warning CS8618: 在退出构造函数时，不可为 null 的 字段 "_labelFontFamilyComboBox" 必须包含非 null 值。请考虑添加 "required" 修饰符或将该 字段 声明为可为 null。 [C:\Users\Administrator\RiderProjects\AdvancedTimeIsland\AdvancedTimeIsland.csproj::TargetFramework=net10.0]
C:\Users\Administrator\RiderProjects\AdvancedTimeIsland\Views\Main\JieQiSettingsControl.cs(41,12): warning CS8618: 在退出构造函数时，不可为 null 的 字段 "_valueFontFamilyComboBox" 必须包含非 null 值。请考虑添加 "required" 修饰符或将该 字段 声明为可为 null。 [C:\Users\Administrator\RiderProjects\AdvancedTimeIsland\AdvancedTimeIsland.csproj::TargetFramework=net10.0]
C:\Users\Administrator\RiderProjects\AdvancedTimeIsland\Views\Main\JieQiSettingsControl.cs(41,12): warning CS8618: 在退出构造函数时，不可为 null 的 字段 "_labelFontWeightComboBox" 必须包含非 null 值。请考虑添加 "required" 修饰符或将该 字段 声明为可为 null。 [C:\Users\Administrator\RiderProjects\AdvancedTimeIsland\AdvancedTimeIsland.csproj::TargetFramework=net10.0]
C:\Users\Administrator\RiderProjects\AdvancedTimeIsland\Views\Main\JieQiSettingsControl.cs(41,12): warning CS8618: 在退出构造函数时，不可为 null 的 字段 "_valueFontWeightComboBox" 必须包含非 null 值。请考虑添加 "required" 修饰符或将该 字段 声明为可为 null。 [C:\Users\Administrator\RiderProjects\AdvancedTimeIsland\AdvancedTimeIsland.csproj::TargetFramework=net10.0]
C:\Users\Administrator\RiderProjects\AdvancedTimeIsland\Views\Main\JieQiSettingsControl.cs(41,12): warning CS8618: 在退出构造函数时，不可为 null 的 字段 "_labelTitleTextBlock" 必须包含非 null 值。请考虑添加 "required" 修饰符或将该 字段 声明为可为 null。 [C:\Users\Administrator\RiderProjects\AdvancedTimeIsland\AdvancedTimeIsland.csproj::TargetFramework=net10.0]
C:\Users\Administrator\RiderProjects\AdvancedTimeIsland\Views\Main\JieQiSettingsControl.cs(41,12): warning CS8618: 在退出构造函数时，不可为 null 的 字段 "_labelColorLabelTextBlock" 必须包含非 null 值。请考虑添加 "required" 修饰符或将该 字段 声明为可为 null。 [C:\Users\Administrator\RiderProjects\AdvancedTimeIsland\AdvancedTimeIsland.csproj::TargetFramework=net10.0]
C:\Users\Administrator\RiderProjects\AdvancedTimeIsland\Views\Main\JieQiSettingsControl.cs(41,12): warning CS8618: 在退出构造函数时，不可为 null 的 字段 "_labelFontSizeLabelTextBlock" 必须包含非 null 值。请考虑添加 "required" 修饰符或将该 字段 声明为可为 null。 [C:\Users\Administrator\RiderProjects\AdvancedTimeIsland\AdvancedTimeIsland.csproj::TargetFramework=net10.0]
C:\Users\Administrator\RiderProjects\AdvancedTimeIsland\Views\Main\JieQiSettingsControl.cs(41,12): warning CS8618: 在退出构造函数时，不可为 null 的 字段 "_valueTitleTextBlock" 必须包含非 null 值。请考虑添加 "required" 修饰符或将该 字段 声明为可为 null。 [C:\Users\Administrator\RiderProjects\AdvancedTimeIsland\AdvancedTimeIsland.csproj::TargetFramework=net10.0]
C:\Users\Administrator\RiderProjects\AdvancedTimeIsland\Views\Main\JieQiSettingsControl.cs(41,12): warning CS8618: 在退出构造函数时，不可为 null 的 字段 "_valueColorLabelTextBlock" 必须包含非 null 值。请考虑添加 "required" 修饰符或将该 字段 声明为可为 null。 [C:\Users\Administrator\RiderProjects\AdvancedTimeIsland\AdvancedTimeIsland.csproj::TargetFramework=net10.0]
C:\Users\Administrator\RiderProjects\AdvancedTimeIsland\Views\Main\JieQiSettingsControl.cs(41,12): warning CS8618: 在退出构造函数时，不可为 null 的 字段 "_valueFontSizeLabelTextBlock" 必须包含非 null 值。请考虑添加 "required" 修饰符或将该 字段 声明为可为 null。 [C:\Users\Administrator\RiderProjects\AdvancedTimeIsland\AdvancedTimeIsland.csproj::TargetFramework=net10.0]
C:\Users\Administrator\RiderProjects\AdvancedTimeIsland\Views\Main\LocalSolarTimeControl.cs(29,12): warning CS8618: 在退出构造函数时，不可为 null 的 字段 "vm" 必须包含非 null 值。请考虑添加 "required" 修饰符或将该 字段 声明为可为 null。 [C:\Users\Administrator\RiderProjects\AdvancedTimeIsland\AdvancedTimeIsland.csproj::TargetFramework=net10.0]
C:\Users\Administrator\RiderProjects\AdvancedTimeIsland\Views\Main\LocalSolarTimeControl.cs(29,12): warning CS8618: 在退出构造函数时，不可为 null 的 字段 "tb" 必须包含非 null 值。请考虑添加 "required" 修饰符或将该 字段 声明为可为 null。 [C:\Users\Administrator\RiderProjects\AdvancedTimeIsland\AdvancedTimeIsland.csproj::TargetFramework=net10.0]
C:\Users\Administrator\RiderProjects\AdvancedTimeIsland\Views\Main\LocalSolarTimeControl.cs(29,12): warning CS8618: 在退出构造函数时，不可为 null 的 字段 "rootBorder" 必须包含非 null 值。请考虑添加 "required" 修饰符或将该 字段 声明为可为 null。 [C:\Users\Administrator\RiderProjects\AdvancedTimeIsland\AdvancedTimeIsland.csproj::TargetFramework=net10.0]
C:\Users\Administrator\RiderProjects\AdvancedTimeIsland\Views\Main\LocalSolarTimeSettingsControl.cs(52,12): warning CS8618: 在退出构造函数时，不可为 null 的 字段 "_longitudeTextBox" 必须包含非 null 值。请考虑添加 "required" 修饰符或将该 字段 声明为可为 null。 [C:\Users\Administrator\RiderProjects\AdvancedTimeIsland\AdvancedTimeIsland.csproj::TargetFramework=net10.0]
C:\Users\Administrator\RiderProjects\AdvancedTimeIsland\Views\Main\LocalSolarTimeSettingsControl.cs(52,12): warning CS8618: 在退出构造函数时，不可为 null 的 字段 "_longitudeDmsDegreesTextBox" 必须包含非 null 值。请考虑添加 "required" 修饰符或将该 字段 声明为可为 null。 [C:\Users\Administrator\RiderProjects\AdvancedTimeIsland\AdvancedTimeIsland.csproj::TargetFramework=net10.0]
C:\Users\Administrator\RiderProjects\AdvancedTimeIsland\Views\Main\LocalSolarTimeSettingsControl.cs(52,12): warning CS8618: 在退出构造函数时，不可为 null 的 字段 "_longitudeDmsMinutesTextBox" 必须包含非 null 值。请考虑添加 "required" 修饰符或将该 字段 声明为可为 null。 [C:\Users\Administrator\RiderProjects\AdvancedTimeIsland\AdvancedTimeIsland.csproj::TargetFramework=net10.0]
C:\Users\Administrator\RiderProjects\AdvancedTimeIsland\Views\Main\LocalSolarTimeSettingsControl.cs(52,12): warning CS8618: 在退出构造函数时，不可为 null 的 字段 "_longitudeDmsSecondsTextBox" 必须包含非 null 值。请考虑添加 "required" 修饰符或将该 字段 声明为可为 null。 [C:\Users\Administrator\RiderProjects\AdvancedTimeIsland\AdvancedTimeIsland.csproj::TargetFramework=net10.0]
C:\Users\Administrator\RiderProjects\AdvancedTimeIsland\Views\Main\LocalSolarTimeSettingsControl.cs(52,12): warning CS8618: 在退出构造函数时，不可为 null 的 字段 "_longitudeDmsDirectionComboBox" 必须包含非 null 值。请考虑添加 "required" 修饰符或将该 字段 声明为可为 null。 [C:\Users\Administrator\RiderProjects\AdvancedTimeIsland\AdvancedTimeIsland.csproj::TargetFramework=net10.0]
C:\Users\Administrator\RiderProjects\AdvancedTimeIsland\Views\Main\LocalSolarTimeSettingsControl.cs(52,12): warning CS8618: 在退出构造函数时，不可为 null 的 字段 "_longitudeDmsPanel" 必须包含非 null 值。请考虑添加 "required" 修饰符或将该 字段 声明为可为 null。 [C:\Users\Administrator\RiderProjects\AdvancedTimeIsland\AdvancedTimeIsland.csproj::TargetFramework=net10.0]
C:\Users\Administrator\RiderProjects\AdvancedTimeIsland\Views\Main\LocalSolarTimeSettingsControl.cs(52,12): warning CS8618: 在退出构造函数时，不可为 null 的 字段 "_colorPicker" 必须包含非 null 值。请考虑添加 "required" 修饰符或将该 字段 声明为可为 null。 [C:\Users\Administrator\RiderProjects\AdvancedTimeIsland\AdvancedTimeIsland.csproj::TargetFramework=net10.0]
C:\Users\Administrator\RiderProjects\AdvancedTimeIsland\Views\Main\LocalSolarTimeSettingsControl.cs(52,12): warning CS8618: 在退出构造函数时，不可为 null 的 字段 "_fontSizeNumericUpDown" 必须包含非 null 值。请考虑添加 "required" 修饰符或将该 字段 声明为可为 null。 [C:\Users\Administrator\RiderProjects\AdvancedTimeIsland\AdvancedTimeIsland.csproj::TargetFramework=net10.0]
C:\Users\Administrator\RiderProjects\AdvancedTimeIsland\Views\Main\LocalSolarTimeSettingsControl.cs(52,12): warning CS8618: 在退出构造函数时，不可为 null 的 字段 "_enableCustomFontSizeToggle" 必须包含非 null 值。请考虑添加 "required" 修饰符或将该 字段 声明为可为 null。 [C:\Users\Administrator\RiderProjects\AdvancedTimeIsland\AdvancedTimeIsland.csproj::TargetFramework=net10.0]
C:\Users\Administrator\RiderProjects\AdvancedTimeIsland\Views\Main\LocalSolarTimeSettingsControl.cs(52,12): warning CS8618: 在退出构造函数时，不可为 null 的 字段 "_enableCustomFontColorToggle" 必须包含非 null 值。请考虑添加 "required" 修饰符或将该 字段 声明为可为 null。 [C:\Users\Administrator\RiderProjects\AdvancedTimeIsland\AdvancedTimeIsland.csproj::TargetFramework=net10.0]
C:\Users\Administrator\RiderProjects\AdvancedTimeIsland\Views\Main\LocalSolarTimeSettingsControl.cs(52,12): warning CS8618: 在退出构造函数时，不可为 null 的 字段 "_enableCustomFontFamilyToggle" 必须包含非 null 值。请考虑添加 "required" 修饰符或将该 字段 声明为可为 null。 [C:\Users\Administrator\RiderProjects\AdvancedTimeIsland\AdvancedTimeIsland.csproj::TargetFramework=net10.0]
C:\Users\Administrator\RiderProjects\AdvancedTimeIsland\Views\Main\LocalSolarTimeSettingsControl.cs(52,12): warning CS8618: 在退出构造函数时，不可为 null 的 字段 "_enableCustomFontWeightToggle" 必须包含非 null 值。请考虑添加 "required" 修饰符或将该 字段 声明为可为 null。 [C:\Users\Administrator\RiderProjects\AdvancedTimeIsland\AdvancedTimeIsland.csproj::TargetFramework=net10.0]
C:\Users\Administrator\RiderProjects\AdvancedTimeIsland\Views\Main\LocalSolarTimeSettingsControl.cs(52,12): warning CS8618: 在退出构造函数时，不可为 null 的 字段 "_fontFamilyComboBox" 必须包含非 null 值。请考虑添加 "required" 修饰符或将该 字段 声明为可为 null。 [C:\Users\Administrator\RiderProjects\AdvancedTimeIsland\AdvancedTimeIsland.csproj::TargetFramework=net10.0]
C:\Users\Administrator\RiderProjects\AdvancedTimeIsland\Views\Main\LocalSolarTimeSettingsControl.cs(52,12): warning CS8618: 在退出构造函数时，不可为 null 的 字段 "_fontWeightComboBox" 必须包含非 null 值。请考虑添加 "required" 修饰符或将该 字段 声明为可为 null。 [C:\Users\Administrator\RiderProjects\AdvancedTimeIsland\AdvancedTimeIsland.csproj::TargetFramework=net10.0]
C:\Users\Administrator\RiderProjects\AdvancedTimeIsland\Views\Main\LocalSolarTimeSettingsControl.cs(52,12): warning CS8618: 在退出构造函数时，不可为 null 的 字段 "_getLocationButton" 必须包含非 null 值。请考虑添加 "required" 修饰符或将该 字段 声明为可为 null。 [C:\Users\Administrator\RiderProjects\AdvancedTimeIsland\AdvancedTimeIsland.csproj::TargetFramework=net10.0]
C:\Users\Administrator\RiderProjects\AdvancedTimeIsland\Views\Main\LocalSolarTimeSettingsControl.cs(52,12): warning CS8618: 在退出构造函数时，不可为 null 的 字段 "_statusText" 必须包含非 null 值。请考虑添加 "required" 修饰符或将该 字段 声明为可为 null。 [C:\Users\Administrator\RiderProjects\AdvancedTimeIsland\AdvancedTimeIsland.csproj::TargetFramework=net10.0]
C:\Users\Administrator\RiderProjects\AdvancedTimeIsland\Views\Main\LocalSolarTimeSettingsControl.cs(52,12): warning CS8618: 在退出构造函数时，不可为 null 的 字段 "_titleTextBlock" 必须包含非 null 值。请考虑添加 "required" 修饰符或将该 字段 声明为可为 null。 [C:\Users\Administrator\RiderProjects\AdvancedTimeIsland\AdvancedTimeIsland.csproj::TargetFramework=net10.0]
C:\Users\Administrator\RiderProjects\AdvancedTimeIsland\Views\Main\LocalSolarTimeSettingsControl.cs(52,12): warning CS8618: 在退出构造函数时，不可为 null 的 字段 "_longitudeLabelTextBlock" 必须包含非 null 值。请考虑添加 "required" 修饰符或将该 字段 声明为可为 null。 [C:\Users\Administrator\RiderProjects\AdvancedTimeIsland\AdvancedTimeIsland.csproj::TargetFramework=net10.0]
C:\Users\Administrator\RiderProjects\AdvancedTimeIsland\Views\Main\LocalSolarTimeSettingsControl.cs(52,12): warning CS8618: 在退出构造函数时，不可为 null 的 字段 "_dmsDegreeSymbol" 必须包含非 null 值。请考虑添加 "required" 修饰符或将该 字段 声明为可为 null。 [C:\Users\Administrator\RiderProjects\AdvancedTimeIsland\AdvancedTimeIsland.csproj::TargetFramework=net10.0]
C:\Users\Administrator\RiderProjects\AdvancedTimeIsland\Views\Main\LocalSolarTimeSettingsControl.cs(52,12): warning CS8618: 在退出构造函数时，不可为 null 的 字段 "_dmsMinuteSymbol" 必须包含非 null 值。请考虑添加 "required" 修饰符或将该 字段 声明为可为 null。 [C:\Users\Administrator\RiderProjects\AdvancedTimeIsland\AdvancedTimeIsland.csproj::TargetFramework=net10.0]
C:\Users\Administrator\RiderProjects\AdvancedTimeIsland\Views\Main\LocalSolarTimeSettingsControl.cs(52,12): warning CS8618: 在退出构造函数时，不可为 null 的 字段 "_dmsSecondSymbol" 必须包含非 null 值。请考虑添加 "required" 修饰符或将该 字段 声明为可为 null。 [C:\Users\Administrator\RiderProjects\AdvancedTimeIsland\AdvancedTimeIsland.csproj::TargetFramework=net10.0]
C:\Users\Administrator\RiderProjects\AdvancedTimeIsland\Views\Main\LocalSolarTimeSettingsControl.cs(52,12): warning CS8618: 在退出构造函数时，不可为 null 的 字段 "_hintTextBlock" 必须包含非 null 值。请考虑添加 "required" 修饰符或将该 字段 声明为可为 null。 [C:\Users\Administrator\RiderProjects\AdvancedTimeIsland\AdvancedTimeIsland.csproj::TargetFramework=net10.0]
C:\Users\Administrator\RiderProjects\AdvancedTimeIsland\Views\Main\LocalSolarTimeSettingsControl.cs(52,12): warning CS8618: 在退出构造函数时，不可为 null 的 字段 "_styleTitleTextBlock" 必须包含非 null 值。请考虑添加 "required" 修饰符或将该 字段 声明为可为 null。 [C:\Users\Administrator\RiderProjects\AdvancedTimeIsland\AdvancedTimeIsland.csproj::TargetFramework=net10.0]
C:\Users\Administrator\RiderProjects\AdvancedTimeIsland\Views\Main\LocalSolarTimeSettingsControl.cs(52,12): warning CS8618: 在退出构造函数时，不可为 null 的 字段 "_colorLabelTextBlock" 必须包含非 null 值。请考虑添加 "required" 修饰符或将该 字段 声明为可为 null。 [C:\Users\Administrator\RiderProjects\AdvancedTimeIsland\AdvancedTimeIsland.csproj::TargetFramework=net10.0]
C:\Users\Administrator\RiderProjects\AdvancedTimeIsland\Views\Main\LocalSolarTimeSettingsControl.cs(52,12): warning CS8618: 在退出构造函数时，不可为 null 的 字段 "_fontSizeLabelTextBlock" 必须包含非 null 值。请考虑添加 "required" 修饰符或将该 字段 声明为可为 null。 [C:\Users\Administrator\RiderProjects\AdvancedTimeIsland\AdvancedTimeIsland.csproj::TargetFramework=net10.0]
C:\Users\Administrator\RiderProjects\AdvancedTimeIsland\Views\Main\LunarCountdownControl.cs(39,12): warning CS8618: 在退出构造函数时，不可为 null 的 字段 "vm" 必须包含非 null 值。请考虑添加 "required" 修饰符或将该 字段 声明为可为 null。 [C:\Users\Administrator\RiderProjects\AdvancedTimeIsland\AdvancedTimeIsland.csproj::TargetFramework=net10.0]
C:\Users\Administrator\RiderProjects\AdvancedTimeIsland\Views\Main\LunarCountdownControl.cs(39,12): warning CS8618: 在退出构造函数时，不可为 null 的 字段 "tbText1" 必须包含非 null 值。请考虑添加 "required" 修饰符或将该 字段 声明为可为 null。 [C:\Users\Administrator\RiderProjects\AdvancedTimeIsland\AdvancedTimeIsland.csproj::TargetFramework=net10.0]
C:\Users\Administrator\RiderProjects\AdvancedTimeIsland\Views\Main\LunarCountdownControl.cs(39,12): warning CS8618: 在退出构造函数时，不可为 null 的 字段 "tbName" 必须包含非 null 值。请考虑添加 "required" 修饰符或将该 字段 声明为可为 null。 [C:\Users\Administrator\RiderProjects\AdvancedTimeIsland\AdvancedTimeIsland.csproj::TargetFramework=net10.0]
C:\Users\Administrator\RiderProjects\AdvancedTimeIsland\Views\Main\LunarCountdownControl.cs(39,12): warning CS8618: 在退出构造函数时，不可为 null 的 字段 "tbText3" 必须包含非 null 值。请考虑添加 "required" 修饰符或将该 字段 声明为可为 null。 [C:\Users\Administrator\RiderProjects\AdvancedTimeIsland\AdvancedTimeIsland.csproj::TargetFramework=net10.0]
C:\Users\Administrator\RiderProjects\AdvancedTimeIsland\Views\Main\LunarCountdownControl.cs(39,12): warning CS8618: 在退出构造函数时，不可为 null 的 字段 "tbTime" 必须包含非 null 值。请考虑添加 "required" 修饰符或将该 字段 声明为可为 null。 [C:\Users\Administrator\RiderProjects\AdvancedTimeIsland\AdvancedTimeIsland.csproj::TargetFramework=net10.0]
C:\Users\Administrator\RiderProjects\AdvancedTimeIsland\Views\Main\LunarCountdownControl.cs(39,12): warning CS8618: 在退出构造函数时，不可为 null 的 字段 "tbText4" 必须包含非 null 值。请考虑添加 "required" 修饰符或将该 字段 声明为可为 null。 [C:\Users\Administrator\RiderProjects\AdvancedTimeIsland\AdvancedTimeIsland.csproj::TargetFramework=net10.0]
C:\Users\Administrator\RiderProjects\AdvancedTimeIsland\Views\Main\LunarCountdownControl.cs(39,12): warning CS8618: 在退出构造函数时，不可为 null 的 字段 "rootBorder" 必须包含非 null 值。请考虑添加 "required" 修饰符或将该 字段 声明为可为 null。 [C:\Users\Administrator\RiderProjects\AdvancedTimeIsland\AdvancedTimeIsland.csproj::TargetFramework=net10.0]
C:\Users\Administrator\RiderProjects\AdvancedTimeIsland\Views\Main\LunarCountdownControl.cs(39,12): warning CS8618: 在退出构造函数时，不可为 null 的 字段 "contentPanel" 必须包含非 null 值。请考虑添加 "required" 修饰符或将该 字段 声明为可为 null。 [C:\Users\Administrator\RiderProjects\AdvancedTimeIsland\AdvancedTimeIsland.csproj::TargetFramework=net10.0]
C:\Users\Administrator\RiderProjects\AdvancedTimeIsland\Views\Main\LunarCountdownControl.cs(39,12): warning CS8618: 在退出构造函数时，不可为 null 的 字段 "progressBar" 必须包含非 null 值。请考虑添加 "required" 修饰符或将该 字段 声明为可为 null。 [C:\Users\Administrator\RiderProjects\AdvancedTimeIsland\AdvancedTimeIsland.csproj::TargetFramework=net10.0]
C:\Users\Administrator\RiderProjects\AdvancedTimeIsland\Views\Main\LunarCountdownControl.cs(39,12): warning CS8618: 在退出构造函数时，不可为 null 的 字段 "circleProgressRoot" 必须包含非 null 值。请考虑添加 "required" 修饰符或将该 字段 声明为可为 null。 [C:\Users\Administrator\RiderProjects\AdvancedTimeIsland\AdvancedTimeIsland.csproj::TargetFramework=net10.0]
C:\Users\Administrator\RiderProjects\AdvancedTimeIsland\Views\Main\LunarCountdownControl.cs(39,12): warning CS8618: 在退出构造函数时，不可为 null 的 字段 "circleProgressBackground" 必须包含非 null 值。请考虑添加 "required" 修饰符或将该 字段 声明为可为 null。 [C:\Users\Administrator\RiderProjects\AdvancedTimeIsland\AdvancedTimeIsland.csproj::TargetFramework=net10.0]
C:\Users\Administrator\RiderProjects\AdvancedTimeIsland\Views\Main\LunarCountdownControl.cs(39,12): warning CS8618: 在退出构造函数时，不可为 null 的 字段 "circleProgressPath" 必须包含非 null 值。请考虑添加 "required" 修饰符或将该 字段 声明为可为 null。 [C:\Users\Administrator\RiderProjects\AdvancedTimeIsland\AdvancedTimeIsland.csproj::TargetFramework=net10.0]
C:\Users\Administrator\RiderProjects\AdvancedTimeIsland\Views\Main\NextFestivalCountdownControl.cs(27,12): warning CS8618: 在退出构造函数时，不可为 null 的 字段 "vm" 必须包含非 null 值。请考虑添加 "required" 修饰符或将该 字段 声明为可为 null。 [C:\Users\Administrator\RiderProjects\AdvancedTimeIsland\AdvancedTimeIsland.csproj::TargetFramework=net10.0]
C:\Users\Administrator\RiderProjects\AdvancedTimeIsland\Views\Main\NextFestivalCountdownControl.cs(27,12): warning CS8618: 在退出构造函数时，不可为 null 的 字段 "text1Tb" 必须包含非 null 值。请考虑添加 "required" 修饰符或将该 字段 声明为可为 null。 [C:\Users\Administrator\RiderProjects\AdvancedTimeIsland\AdvancedTimeIsland.csproj::TargetFramework=net10.0]
C:\Users\Administrator\RiderProjects\AdvancedTimeIsland\Views\Main\NextFestivalCountdownControl.cs(27,12): warning CS8618: 在退出构造函数时，不可为 null 的 字段 "nameTb" 必须包含非 null 值。请考虑添加 "required" 修饰符或将该 字段 声明为可为 null。 [C:\Users\Administrator\RiderProjects\AdvancedTimeIsland\AdvancedTimeIsland.csproj::TargetFramework=net10.0]
C:\Users\Administrator\RiderProjects\AdvancedTimeIsland\Views\Main\NextFestivalCountdownControl.cs(27,12): warning CS8618: 在退出构造函数时，不可为 null 的 字段 "text3Tb" 必须包含非 null 值。请考虑添加 "required" 修饰符或将该 字段 声明为可为 null。 [C:\Users\Administrator\RiderProjects\AdvancedTimeIsland\AdvancedTimeIsland.csproj::TargetFramework=net10.0]
C:\Users\Administrator\RiderProjects\AdvancedTimeIsland\Views\Main\NextFestivalCountdownControl.cs(27,12): warning CS8618: 在退出构造函数时，不可为 null 的 字段 "timeTb" 必须包含非 null 值。请考虑添加 "required" 修饰符或将该 字段 声明为可为 null。 [C:\Users\Administrator\RiderProjects\AdvancedTimeIsland\AdvancedTimeIsland.csproj::TargetFramework=net10.0]
C:\Users\Administrator\RiderProjects\AdvancedTimeIsland\Views\Main\NextFestivalCountdownControl.cs(27,12): warning CS8618: 在退出构造函数时，不可为 null 的 字段 "rootBorder" 必须包含非 null 值。请考虑添加 "required" 修饰符或将该 字段 声明为可为 null。 [C:\Users\Administrator\RiderProjects\AdvancedTimeIsland\AdvancedTimeIsland.csproj::TargetFramework=net10.0]
C:\Users\Administrator\RiderProjects\AdvancedTimeIsland\Views\Main\NextFestivalCountdownSettingsControl.cs(57,12): warning CS8618: 在退出构造函数时，不可为 null 的 字段 "_formatTextBox" 必须包含非 null 值。请考虑添加 "required" 修饰符或将该 字段 声明为可为 null。 [C:\Users\Administrator\RiderProjects\AdvancedTimeIsland\AdvancedTimeIsland.csproj::TargetFramework=net10.0]
C:\Users\Administrator\RiderProjects\AdvancedTimeIsland\Views\Main\NextFestivalCountdownSettingsControl.cs(57,12): warning CS8618: 在退出构造函数时，不可为 null 的 字段 "_text1FontSizeNumericUpDown" 必须包含非 null 值。请考虑添加 "required" 修饰符或将该 字段 声明为可为 null。 [C:\Users\Administrator\RiderProjects\AdvancedTimeIsland\AdvancedTimeIsland.csproj::TargetFramework=net10.0]
C:\Users\Administrator\RiderProjects\AdvancedTimeIsland\Views\Main\NextFestivalCountdownSettingsControl.cs(57,12): warning CS8618: 在退出构造函数时，不可为 null 的 字段 "_text1FontColorPicker" 必须包含非 null 值。请考虑添加 "required" 修饰符或将该 字段 声明为可为 null。 [C:\Users\Administrator\RiderProjects\AdvancedTimeIsland\AdvancedTimeIsland.csproj::TargetFramework=net10.0]
C:\Users\Administrator\RiderProjects\AdvancedTimeIsland\Views\Main\NextFestivalCountdownSettingsControl.cs(57,12): warning CS8618: 在退出构造函数时，不可为 null 的 字段 "_nameFontSizeNumericUpDown" 必须包含非 null 值。请考虑添加 "required" 修饰符或将该 字段 声明为可为 null。 [C:\Users\Administrator\RiderProjects\AdvancedTimeIsland\AdvancedTimeIsland.csproj::TargetFramework=net10.0]
C:\Users\Administrator\RiderProjects\AdvancedTimeIsland\Views\Main\NextFestivalCountdownSettingsControl.cs(57,12): warning CS8618: 在退出构造函数时，不可为 null 的 字段 "_nameFontColorPicker" 必须包含非 null 值。请考虑添加 "required" 修饰符或将该 字段 声明为可为 null。 [C:\Users\Administrator\RiderProjects\AdvancedTimeIsland\AdvancedTimeIsland.csproj::TargetFramework=net10.0]
C:\Users\Administrator\RiderProjects\AdvancedTimeIsland\Views\Main\NextFestivalCountdownSettingsControl.cs(57,12): warning CS8618: 在退出构造函数时，不可为 null 的 字段 "_text3FontSizeNumericUpDown" 必须包含非 null 值。请考虑添加 "required" 修饰符或将该 字段 声明为可为 null。 [C:\Users\Administrator\RiderProjects\AdvancedTimeIsland\AdvancedTimeIsland.csproj::TargetFramework=net10.0]
C:\Users\Administrator\RiderProjects\AdvancedTimeIsland\Views\Main\NextFestivalCountdownSettingsControl.cs(57,12): warning CS8618: 在退出构造函数时，不可为 null 的 字段 "_text3FontColorPicker" 必须包含非 null 值。请考虑添加 "required" 修饰符或将该 字段 声明为可为 null。 [C:\Users\Administrator\RiderProjects\AdvancedTimeIsland\AdvancedTimeIsland.csproj::TargetFramework=net10.0]
C:\Users\Administrator\RiderProjects\AdvancedTimeIsland\Views\Main\NextFestivalCountdownSettingsControl.cs(57,12): warning CS8618: 在退出构造函数时，不可为 null 的 字段 "_timeFontSizeNumericUpDown" 必须包含非 null 值。请考虑添加 "required" 修饰符或将该 字段 声明为可为 null。 [C:\Users\Administrator\RiderProjects\AdvancedTimeIsland\AdvancedTimeIsland.csproj::TargetFramework=net10.0]
C:\Users\Administrator\RiderProjects\AdvancedTimeIsland\Views\Main\NextFestivalCountdownSettingsControl.cs(57,12): warning CS8618: 在退出构造函数时，不可为 null 的 字段 "_timeFontColorPicker" 必须包含非 null 值。请考虑添加 "required" 修饰符或将该 字段 声明为可为 null。 [C:\Users\Administrator\RiderProjects\AdvancedTimeIsland\AdvancedTimeIsland.csproj::TargetFramework=net10.0]
C:\Users\Administrator\RiderProjects\AdvancedTimeIsland\Views\Main\NextFestivalCountdownSettingsControl.cs(57,12): warning CS8618: 在退出构造函数时，不可为 null 的 字段 "_internationalToggle" 必须包含非 null 值。请考虑添加 "required" 修饰符或将该 字段 声明为可为 null。 [C:\Users\Administrator\RiderProjects\AdvancedTimeIsland\AdvancedTimeIsland.csproj::TargetFramework=net10.0]
C:\Users\Administrator\RiderProjects\AdvancedTimeIsland\Views\Main\NextFestivalCountdownSettingsControl.cs(57,12): warning CS8618: 在退出构造函数时，不可为 null 的 字段 "_traditionalToggle" 必须包含非 null 值。请考虑添加 "required" 修饰符或将该 字段 声明为可为 null。 [C:\Users\Administrator\RiderProjects\AdvancedTimeIsland\AdvancedTimeIsland.csproj::TargetFramework=net10.0]
C:\Users\Administrator\RiderProjects\AdvancedTimeIsland\Views\Main\NextFestivalCountdownSettingsControl.cs(57,12): warning CS8618: 在退出构造函数时，不可为 null 的 字段 "_redToggle" 必须包含非 null 值。请考虑添加 "required" 修饰符或将该 字段 声明为可为 null。 [C:\Users\Administrator\RiderProjects\AdvancedTimeIsland\AdvancedTimeIsland.csproj::TargetFramework=net10.0]
C:\Users\Administrator\RiderProjects\AdvancedTimeIsland\Views\Main\NextFestivalCountdownSettingsControl.cs(57,12): warning CS8618: 在退出构造函数时，不可为 null 的 字段 "_formatTitle" 必须包含非 null 值。请考虑添加 "required" 修饰符或将该 字段 声明为可为 null。 [C:\Users\Administrator\RiderProjects\AdvancedTimeIsland\AdvancedTimeIsland.csproj::TargetFramework=net10.0]
C:\Users\Administrator\RiderProjects\AdvancedTimeIsland\Views\Main\NextFestivalCountdownSettingsControl.cs(57,12): warning CS8618: 在退出构造函数时，不可为 null 的 字段 "_formatLabel" 必须包含非 null 值。请考虑添加 "required" 修饰符或将该 字段 声明为可为 null。 [C:\Users\Administrator\RiderProjects\AdvancedTimeIsland\AdvancedTimeIsland.csproj::TargetFramework=net10.0]
C:\Users\Administrator\RiderProjects\AdvancedTimeIsland\Views\Main\NextFestivalCountdownSettingsControl.cs(57,12): warning CS8618: 在退出构造函数时，不可为 null 的 字段 "_formatHelpText" 必须包含非 null 值。请考虑添加 "required" 修饰符或将该 字段 声明为可为 null。 [C:\Users\Administrator\RiderProjects\AdvancedTimeIsland\AdvancedTimeIsland.csproj::TargetFramework=net10.0]
C:\Users\Administrator\RiderProjects\AdvancedTimeIsland\Views\Main\NextFestivalCountdownSettingsControl.cs(57,12): warning CS8618: 在退出构造函数时，不可为 null 的 字段 "_festivalTypeTitle" 必须包含非 null 值。请考虑添加 "required" 修饰符或将该 字段 声明为可为 null。 [C:\Users\Administrator\RiderProjects\AdvancedTimeIsland\AdvancedTimeIsland.csproj::TargetFramework=net10.0]
C:\Users\Administrator\RiderProjects\AdvancedTimeIsland\Views\Main\NextFestivalCountdownSettingsControl.cs(57,12): warning CS8618: 在退出构造函数时，不可为 null 的 字段 "_text1Title" 必须包含非 null 值。请考虑添加 "required" 修饰符或将该 字段 声明为可为 null。 [C:\Users\Administrator\RiderProjects\AdvancedTimeIsland\AdvancedTimeIsland.csproj::TargetFramework=net10.0]
C:\Users\Administrator\RiderProjects\AdvancedTimeIsland\Views\Main\NextFestivalCountdownSettingsControl.cs(57,12): warning CS8618: 在退出构造函数时，不可为 null 的 字段 "_text1ColorLabel" 必须包含非 null 值。请考虑添加 "required" 修饰符或将该 字段 声明为可为 null。 [C:\Users\Administrator\RiderProjects\AdvancedTimeIsland\AdvancedTimeIsland.csproj::TargetFramework=net10.0]
C:\Users\Administrator\RiderProjects\AdvancedTimeIsland\Views\Main\NextFestivalCountdownSettingsControl.cs(57,12): warning CS8618: 在退出构造函数时，不可为 null 的 字段 "_text1FontSizeLabel" 必须包含非 null 值。请考虑添加 "required" 修饰符或将该 字段 声明为可为 null。 [C:\Users\Administrator\RiderProjects\AdvancedTimeIsland\AdvancedTimeIsland.csproj::TargetFramework=net10.0]
C:\Users\Administrator\RiderProjects\AdvancedTimeIsland\Views\Main\NextFestivalCountdownSettingsControl.cs(57,12): warning CS8618: 在退出构造函数时，不可为 null 的 字段 "_nameTitle" 必须包含非 null 值。请考虑添加 "required" 修饰符或将该 字段 声明为可为 null。 [C:\Users\Administrator\RiderProjects\AdvancedTimeIsland\AdvancedTimeIsland.csproj::TargetFramework=net10.0]
C:\Users\Administrator\RiderProjects\AdvancedTimeIsland\Views\Main\NextFestivalCountdownSettingsControl.cs(57,12): warning CS8618: 在退出构造函数时，不可为 null 的 字段 "_nameColorLabel" 必须包含非 null 值。请考虑添加 "required" 修饰符或将该 字段 声明为可为 null。 [C:\Users\Administrator\RiderProjects\AdvancedTimeIsland\AdvancedTimeIsland.csproj::TargetFramework=net10.0]
C:\Users\Administrator\RiderProjects\AdvancedTimeIsland\Views\Main\NextFestivalCountdownSettingsControl.cs(57,12): warning CS8618: 在退出构造函数时，不可为 null 的 字段 "_nameFontSizeLabel" 必须包含非 null 值。请考虑添加 "required" 修饰符或将该 字段 声明为可为 null。 [C:\Users\Administrator\RiderProjects\AdvancedTimeIsland\AdvancedTimeIsland.csproj::TargetFramework=net10.0]
C:\Users\Administrator\RiderProjects\AdvancedTimeIsland\Views\Main\NextFestivalCountdownSettingsControl.cs(57,12): warning CS8618: 在退出构造函数时，不可为 null 的 字段 "_text3Title" 必须包含非 null 值。请考虑添加 "required" 修饰符或将该 字段 声明为可为 null。 [C:\Users\Administrator\RiderProjects\AdvancedTimeIsland\AdvancedTimeIsland.csproj::TargetFramework=net10.0]
C:\Users\Administrator\RiderProjects\AdvancedTimeIsland\Views\Main\NextFestivalCountdownSettingsControl.cs(57,12): warning CS8618: 在退出构造函数时，不可为 null 的 字段 "_text3ColorLabel" 必须包含非 null 值。请考虑添加 "required" 修饰符或将该 字段 声明为可为 null。 [C:\Users\Administrator\RiderProjects\AdvancedTimeIsland\AdvancedTimeIsland.csproj::TargetFramework=net10.0]
C:\Users\Administrator\RiderProjects\AdvancedTimeIsland\Views\Main\NextFestivalCountdownSettingsControl.cs(57,12): warning CS8618: 在退出构造函数时，不可为 null 的 字段 "_text3FontSizeLabel" 必须包含非 null 值。请考虑添加 "required" 修饰符或将该 字段 声明为可为 null。 [C:\Users\Administrator\RiderProjects\AdvancedTimeIsland\AdvancedTimeIsland.csproj::TargetFramework=net10.0]
C:\Users\Administrator\RiderProjects\AdvancedTimeIsland\Views\Main\NextFestivalCountdownSettingsControl.cs(57,12): warning CS8618: 在退出构造函数时，不可为 null 的 字段 "_timeTitle" 必须包含非 null 值。请考虑添加 "required" 修饰符或将该 字段 声明为可为 null。 [C:\Users\Administrator\RiderProjects\AdvancedTimeIsland\AdvancedTimeIsland.csproj::TargetFramework=net10.0]
C:\Users\Administrator\RiderProjects\AdvancedTimeIsland\Views\Main\NextFestivalCountdownSettingsControl.cs(57,12): warning CS8618: 在退出构造函数时，不可为 null 的 字段 "_timeColorLabel" 必须包含非 null 值。请考虑添加 "required" 修饰符或将该 字段 声明为可为 null。 [C:\Users\Administrator\RiderProjects\AdvancedTimeIsland\AdvancedTimeIsland.csproj::TargetFramework=net10.0]
C:\Users\Administrator\RiderProjects\AdvancedTimeIsland\Views\Main\NextFestivalCountdownSettingsControl.cs(57,12): warning CS8618: 在退出构造函数时，不可为 null 的 字段 "_timeFontSizeLabel" 必须包含非 null 值。请考虑添加 "required" 修饰符或将该 字段 声明为可为 null。 [C:\Users\Administrator\RiderProjects\AdvancedTimeIsland\AdvancedTimeIsland.csproj::TargetFramework=net10.0]
C:\Users\Administrator\RiderProjects\AdvancedTimeIsland\Views\Main\LocalSolarTimeSettingsControl.cs(88,65): warning CS0618: “TextBox.Watermark”已过时:“Use PlaceholderText instead.” [C:\Users\Administrator\RiderProjects\AdvancedTimeIsland\AdvancedTimeIsland.csproj::TargetFramework=net10.0]
C:\Users\Administrator\RiderProjects\AdvancedTimeIsland\Views\Main\LocalSolarTimeSettingsControl.cs(94,65): warning CS0618: “TextBox.Watermark”已过时:“Use PlaceholderText instead.” [C:\Users\Administrator\RiderProjects\AdvancedTimeIsland\AdvancedTimeIsland.csproj::TargetFramework=net10.0]
C:\Users\Administrator\RiderProjects\AdvancedTimeIsland\Views\Main\LocalSolarTimeSettingsControl.cs(100,65): warning CS0618: “TextBox.Watermark”已过时:“Use PlaceholderText instead.” [C:\Users\Administrator\RiderProjects\AdvancedTimeIsland\AdvancedTimeIsland.csproj::TargetFramework=net10.0]
C:\Users\Administrator\RiderProjects\AdvancedTimeIsland\Views\Main\FpsMonitorSettingsControl.cs(401,9): warning CS8602: 解引用可能出现空引用。 [C:\Users\Administrator\RiderProjects\AdvancedTimeIsland\AdvancedTimeIsland.csproj::TargetFramework=net10.0]
C:\Users\Administrator\RiderProjects\AdvancedTimeIsland\Views\Main\FpsMonitorSettingsControl.cs(402,9): warning CS8602: 解引用可能出现空引用。 [C:\Users\Administrator\RiderProjects\AdvancedTimeIsland\AdvancedTimeIsland.csproj::TargetFramework=net10.0]
C:\Users\Administrator\RiderProjects\AdvancedTimeIsland\Views\Main\FpsMonitorSettingsControl.cs(403,9): warning CS8602: 解引用可能出现空引用。 [C:\Users\Administrator\RiderProjects\AdvancedTimeIsland\AdvancedTimeIsland.csproj::TargetFramework=net10.0]
C:\Users\Administrator\RiderProjects\AdvancedTimeIsland\Views\Main\FpsMonitorSettingsControl.cs(404,9): warning CS8602: 解引用可能出现空引用。 [C:\Users\Administrator\RiderProjects\AdvancedTimeIsland\AdvancedTimeIsland.csproj::TargetFramework=net10.0]
C:\Users\Administrator\RiderProjects\AdvancedTimeIsland\Views\Main\NextJieQiCountdownControl.cs(27,12): warning CS8618: 在退出构造函数时，不可为 null 的 字段 "vm" 必须包含非 null 值。请考虑添加 "required" 修饰符或将该 字段 声明为可为 null。 [C:\Users\Administrator\RiderProjects\AdvancedTimeIsland\AdvancedTimeIsland.csproj::TargetFramework=net10.0]
C:\Users\Administrator\RiderProjects\AdvancedTimeIsland\Views\Main\NextJieQiCountdownControl.cs(27,12): warning CS8618: 在退出构造函数时，不可为 null 的 字段 "text1Tb" 必须包含非 null 值。请考虑添加 "required" 修饰符或将该 字段 声明为可为 null。 [C:\Users\Administrator\RiderProjects\AdvancedTimeIsland\AdvancedTimeIsland.csproj::TargetFramework=net10.0]
C:\Users\Administrator\RiderProjects\AdvancedTimeIsland\Views\Main\NextJieQiCountdownControl.cs(27,12): warning CS8618: 在退出构造函数时，不可为 null 的 字段 "nameTb" 必须包含非 null 值。请考虑添加 "required" 修饰符或将该 字段 声明为可为 null。 [C:\Users\Administrator\RiderProjects\AdvancedTimeIsland\AdvancedTimeIsland.csproj::TargetFramework=net10.0]
C:\Users\Administrator\RiderProjects\AdvancedTimeIsland\Views\Main\NextJieQiCountdownControl.cs(27,12): warning CS8618: 在退出构造函数时，不可为 null 的 字段 "text3Tb" 必须包含非 null 值。请考虑添加 "required" 修饰符或将该 字段 声明为可为 null。 [C:\Users\Administrator\RiderProjects\AdvancedTimeIsland\AdvancedTimeIsland.csproj::TargetFramework=net10.0]
C:\Users\Administrator\RiderProjects\AdvancedTimeIsland\Views\Main\NextJieQiCountdownControl.cs(27,12): warning CS8618: 在退出构造函数时，不可为 null 的 字段 "timeTb" 必须包含非 null 值。请考虑添加 "required" 修饰符或将该 字段 声明为可为 null。 [C:\Users\Administrator\RiderProjects\AdvancedTimeIsland\AdvancedTimeIsland.csproj::TargetFramework=net10.0]
C:\Users\Administrator\RiderProjects\AdvancedTimeIsland\Views\Main\NextJieQiCountdownControl.cs(27,12): warning CS8618: 在退出构造函数时，不可为 null 的 字段 "rootBorder" 必须包含非 null 值。请考虑添加 "required" 修饰符或将该 字段 声明为可为 null。 [C:\Users\Administrator\RiderProjects\AdvancedTimeIsland\AdvancedTimeIsland.csproj::TargetFramework=net10.0]
C:\Users\Administrator\RiderProjects\AdvancedTimeIsland\Views\Main\NextJieQiCountdownSettingsControl.cs(53,12): warning CS8618: 在退出构造函数时，不可为 null 的 字段 "_formatTextBox" 必须包含非 null 值。请考虑添加 "required" 修饰符或将该 字段 声明为可为 null。 [C:\Users\Administrator\RiderProjects\AdvancedTimeIsland\AdvancedTimeIsland.csproj::TargetFramework=net10.0]
C:\Users\Administrator\RiderProjects\AdvancedTimeIsland\Views\Main\NextJieQiCountdownSettingsControl.cs(53,12): warning CS8618: 在退出构造函数时，不可为 null 的 字段 "_text1FontSizeTextBox" 必须包含非 null 值。请考虑添加 "required" 修饰符或将该 字段 声明为可为 null。 [C:\Users\Administrator\RiderProjects\AdvancedTimeIsland\AdvancedTimeIsland.csproj::TargetFramework=net10.0]
C:\Users\Administrator\RiderProjects\AdvancedTimeIsland\Views\Main\NextJieQiCountdownSettingsControl.cs(53,12): warning CS8618: 在退出构造函数时，不可为 null 的 字段 "_text1FontColorPicker" 必须包含非 null 值。请考虑添加 "required" 修饰符或将该 字段 声明为可为 null。 [C:\Users\Administrator\RiderProjects\AdvancedTimeIsland\AdvancedTimeIsland.csproj::TargetFramework=net10.0]
C:\Users\Administrator\RiderProjects\AdvancedTimeIsland\Views\Main\NextJieQiCountdownSettingsControl.cs(53,12): warning CS8618: 在退出构造函数时，不可为 null 的 字段 "_nameFontSizeTextBox" 必须包含非 null 值。请考虑添加 "required" 修饰符或将该 字段 声明为可为 null。 [C:\Users\Administrator\RiderProjects\AdvancedTimeIsland\AdvancedTimeIsland.csproj::TargetFramework=net10.0]
C:\Users\Administrator\RiderProjects\AdvancedTimeIsland\Views\Main\NextJieQiCountdownSettingsControl.cs(53,12): warning CS8618: 在退出构造函数时，不可为 null 的 字段 "_nameFontColorPicker" 必须包含非 null 值。请考虑添加 "required" 修饰符或将该 字段 声明为可为 null。 [C:\Users\Administrator\RiderProjects\AdvancedTimeIsland\AdvancedTimeIsland.csproj::TargetFramework=net10.0]
C:\Users\Administrator\RiderProjects\AdvancedTimeIsland\Views\Main\NextJieQiCountdownSettingsControl.cs(53,12): warning CS8618: 在退出构造函数时，不可为 null 的 字段 "_text3FontSizeTextBox" 必须包含非 null 值。请考虑添加 "required" 修饰符或将该 字段 声明为可为 null。 [C:\Users\Administrator\RiderProjects\AdvancedTimeIsland\AdvancedTimeIsland.csproj::TargetFramework=net10.0]
C:\Users\Administrator\RiderProjects\AdvancedTimeIsland\Views\Main\NextJieQiCountdownSettingsControl.cs(53,12): warning CS8618: 在退出构造函数时，不可为 null 的 字段 "_text3FontColorPicker" 必须包含非 null 值。请考虑添加 "required" 修饰符或将该 字段 声明为可为 null。 [C:\Users\Administrator\RiderProjects\AdvancedTimeIsland\AdvancedTimeIsland.csproj::TargetFramework=net10.0]
C:\Users\Administrator\RiderProjects\AdvancedTimeIsland\Views\Main\NextJieQiCountdownSettingsControl.cs(53,12): warning CS8618: 在退出构造函数时，不可为 null 的 字段 "_timeFontSizeTextBox" 必须包含非 null 值。请考虑添加 "required" 修饰符或将该 字段 声明为可为 null。 [C:\Users\Administrator\RiderProjects\AdvancedTimeIsland\AdvancedTimeIsland.csproj::TargetFramework=net10.0]
C:\Users\Administrator\RiderProjects\AdvancedTimeIsland\Views\Main\NextJieQiCountdownSettingsControl.cs(53,12): warning CS8618: 在退出构造函数时，不可为 null 的 字段 "_timeFontColorPicker" 必须包含非 null 值。请考虑添加 "required" 修饰符或将该 字段 声明为可为 null。 [C:\Users\Administrator\RiderProjects\AdvancedTimeIsland\AdvancedTimeIsland.csproj::TargetFramework=net10.0]
C:\Users\Administrator\RiderProjects\AdvancedTimeIsland\Views\Main\NextJieQiCountdownSettingsControl.cs(53,12): warning CS8618: 在退出构造函数时，不可为 null 的 字段 "_text1EnableCustomFontSizeToggle" 必须包含非 null 值。请考虑添加 "required" 修饰符或将该 字段 声明为可为 null。 [C:\Users\Administrator\RiderProjects\AdvancedTimeIsland\AdvancedTimeIsland.csproj::TargetFramework=net10.0]
C:\Users\Administrator\RiderProjects\AdvancedTimeIsland\Views\Main\NextJieQiCountdownSettingsControl.cs(53,12): warning CS8618: 在退出构造函数时，不可为 null 的 字段 "_text1EnableCustomFontColorToggle" 必须包含非 null 值。请考虑添加 "required" 修饰符或将该 字段 声明为可为 null。 [C:\Users\Administrator\RiderProjects\AdvancedTimeIsland\AdvancedTimeIsland.csproj::TargetFramework=net10.0]
C:\Users\Administrator\RiderProjects\AdvancedTimeIsland\Views\Main\NextJieQiCountdownSettingsControl.cs(53,12): warning CS8618: 在退出构造函数时，不可为 null 的 字段 "_nameEnableCustomFontSizeToggle" 必须包含非 null 值。请考虑添加 "required" 修饰符或将该 字段 声明为可为 null。 [C:\Users\Administrator\RiderProjects\AdvancedTimeIsland\AdvancedTimeIsland.csproj::TargetFramework=net10.0]
C:\Users\Administrator\RiderProjects\AdvancedTimeIsland\Views\Main\NextJieQiCountdownSettingsControl.cs(53,12): warning CS8618: 在退出构造函数时，不可为 null 的 字段 "_nameEnableCustomFontColorToggle" 必须包含非 null 值。请考虑添加 "required" 修饰符或将该 字段 声明为可为 null。 [C:\Users\Administrator\RiderProjects\AdvancedTimeIsland\AdvancedTimeIsland.csproj::TargetFramework=net10.0]
C:\Users\Administrator\RiderProjects\AdvancedTimeIsland\Views\Main\NextJieQiCountdownSettingsControl.cs(53,12): warning CS8618: 在退出构造函数时，不可为 null 的 字段 "_text3EnableCustomFontSizeToggle" 必须包含非 null 值。请考虑添加 "required" 修饰符或将该 字段 声明为可为 null。 [C:\Users\Administrator\RiderProjects\AdvancedTimeIsland\AdvancedTimeIsland.csproj::TargetFramework=net10.0]
C:\Users\Administrator\RiderProjects\AdvancedTimeIsland\Views\Main\NextJieQiCountdownSettingsControl.cs(53,12): warning CS8618: 在退出构造函数时，不可为 null 的 字段 "_text3EnableCustomFontColorToggle" 必须包含非 null 值。请考虑添加 "required" 修饰符或将该 字段 声明为可为 null。 [C:\Users\Administrator\RiderProjects\AdvancedTimeIsland\AdvancedTimeIsland.csproj::TargetFramework=net10.0]
C:\Users\Administrator\RiderProjects\AdvancedTimeIsland\Views\Main\NextJieQiCountdownSettingsControl.cs(53,12): warning CS8618: 在退出构造函数时，不可为 null 的 字段 "_timeEnableCustomFontSizeToggle" 必须包含非 null 值。请考虑添加 "required" 修饰符或将该 字段 声明为可为 null。 [C:\Users\Administrator\RiderProjects\AdvancedTimeIsland\AdvancedTimeIsland.csproj::TargetFramework=net10.0]
C:\Users\Administrator\RiderProjects\AdvancedTimeIsland\Views\Main\NextJieQiCountdownSettingsControl.cs(53,12): warning CS8618: 在退出构造函数时，不可为 null 的 字段 "_timeEnableCustomFontColorToggle" 必须包含非 null 值。请考虑添加 "required" 修饰符或将该 字段 声明为可为 null。 [C:\Users\Administrator\RiderProjects\AdvancedTimeIsland\AdvancedTimeIsland.csproj::TargetFramework=net10.0]
C:\Users\Administrator\RiderProjects\AdvancedTimeIsland\Views\Main\NextJieQiCountdownSettingsControl.cs(53,12): warning CS8618: 在退出构造函数时，不可为 null 的 字段 "_formatTitle" 必须包含非 null 值。请考虑添加 "required" 修饰符或将该 字段 声明为可为 null。 [C:\Users\Administrator\RiderProjects\AdvancedTimeIsland\AdvancedTimeIsland.csproj::TargetFramework=net10.0]
C:\Users\Administrator\RiderProjects\AdvancedTimeIsland\Views\Main\NextJieQiCountdownSettingsControl.cs(53,12): warning CS8618: 在退出构造函数时，不可为 null 的 字段 "_formatLabel" 必须包含非 null 值。请考虑添加 "required" 修饰符或将该 字段 声明为可为 null。 [C:\Users\Administrator\RiderProjects\AdvancedTimeIsland\AdvancedTimeIsland.csproj::TargetFramework=net10.0]
C:\Users\Administrator\RiderProjects\AdvancedTimeIsland\Views\Main\NextJieQiCountdownSettingsControl.cs(53,12): warning CS8618: 在退出构造函数时，不可为 null 的 字段 "_formatHelpText" 必须包含非 null 值。请考虑添加 "required" 修饰符或将该 字段 声明为可为 null。 [C:\Users\Administrator\RiderProjects\AdvancedTimeIsland\AdvancedTimeIsland.csproj::TargetFramework=net10.0]
C:\Users\Administrator\RiderProjects\AdvancedTimeIsland\Views\Main\NextJieQiCountdownSettingsControl.cs(53,12): warning CS8618: 在退出构造函数时，不可为 null 的 字段 "_text1Title" 必须包含非 null 值。请考虑添加 "required" 修饰符或将该 字段 声明为可为 null。 [C:\Users\Administrator\RiderProjects\AdvancedTimeIsland\AdvancedTimeIsland.csproj::TargetFramework=net10.0]
C:\Users\Administrator\RiderProjects\AdvancedTimeIsland\Views\Main\NextJieQiCountdownSettingsControl.cs(53,12): warning CS8618: 在退出构造函数时，不可为 null 的 字段 "_text1ColorLabel" 必须包含非 null 值。请考虑添加 "required" 修饰符或将该 字段 声明为可为 null。 [C:\Users\Administrator\RiderProjects\AdvancedTimeIsland\AdvancedTimeIsland.csproj::TargetFramework=net10.0]
C:\Users\Administrator\RiderProjects\AdvancedTimeIsland\Views\Main\NextJieQiCountdownSettingsControl.cs(53,12): warning CS8618: 在退出构造函数时，不可为 null 的 字段 "_text1FontSizeLabel" 必须包含非 null 值。请考虑添加 "required" 修饰符或将该 字段 声明为可为 null。 [C:\Users\Administrator\RiderProjects\AdvancedTimeIsland\AdvancedTimeIsland.csproj::TargetFramework=net10.0]
C:\Users\Administrator\RiderProjects\AdvancedTimeIsland\Views\Main\NextJieQiCountdownSettingsControl.cs(53,12): warning CS8618: 在退出构造函数时，不可为 null 的 字段 "_nameTitle" 必须包含非 null 值。请考虑添加 "required" 修饰符或将该 字段 声明为可为 null。 [C:\Users\Administrator\RiderProjects\AdvancedTimeIsland\AdvancedTimeIsland.csproj::TargetFramework=net10.0]
C:\Users\Administrator\RiderProjects\AdvancedTimeIsland\Views\Main\NextJieQiCountdownSettingsControl.cs(53,12): warning CS8618: 在退出构造函数时，不可为 null 的 字段 "_nameColorLabel" 必须包含非 null 值。请考虑添加 "required" 修饰符或将该 字段 声明为可为 null。 [C:\Users\Administrator\RiderProjects\AdvancedTimeIsland\AdvancedTimeIsland.csproj::TargetFramework=net10.0]
C:\Users\Administrator\RiderProjects\AdvancedTimeIsland\Views\Main\NextJieQiCountdownSettingsControl.cs(53,12): warning CS8618: 在退出构造函数时，不可为 null 的 字段 "_nameFontSizeLabel" 必须包含非 null 值。请考虑添加 "required" 修饰符或将该 字段 声明为可为 null。 [C:\Users\Administrator\RiderProjects\AdvancedTimeIsland\AdvancedTimeIsland.csproj::TargetFramework=net10.0]
C:\Users\Administrator\RiderProjects\AdvancedTimeIsland\Views\Main\NextJieQiCountdownSettingsControl.cs(53,12): warning CS8618: 在退出构造函数时，不可为 null 的 字段 "_text3Title" 必须包含非 null 值。请考虑添加 "required" 修饰符或将该 字段 声明为可为 null。 [C:\Users\Administrator\RiderProjects\AdvancedTimeIsland\AdvancedTimeIsland.csproj::TargetFramework=net10.0]
C:\Users\Administrator\RiderProjects\AdvancedTimeIsland\Views\Main\NextJieQiCountdownSettingsControl.cs(53,12): warning CS8618: 在退出构造函数时，不可为 null 的 字段 "_text3ColorLabel" 必须包含非 null 值。请考虑添加 "required" 修饰符或将该 字段 声明为可为 null。 [C:\Users\Administrator\RiderProjects\AdvancedTimeIsland\AdvancedTimeIsland.csproj::TargetFramework=net10.0]
C:\Users\Administrator\RiderProjects\AdvancedTimeIsland\Views\Main\NextJieQiCountdownSettingsControl.cs(53,12): warning CS8618: 在退出构造函数时，不可为 null 的 字段 "_text3FontSizeLabel" 必须包含非 null 值。请考虑添加 "required" 修饰符或将该 字段 声明为可为 null。 [C:\Users\Administrator\RiderProjects\AdvancedTimeIsland\AdvancedTimeIsland.csproj::TargetFramework=net10.0]
C:\Users\Administrator\RiderProjects\AdvancedTimeIsland\Views\Main\NextJieQiCountdownSettingsControl.cs(53,12): warning CS8618: 在退出构造函数时，不可为 null 的 字段 "_timeTitle" 必须包含非 null 值。请考虑添加 "required" 修饰符或将该 字段 声明为可为 null。 [C:\Users\Administrator\RiderProjects\AdvancedTimeIsland\AdvancedTimeIsland.csproj::TargetFramework=net10.0]
C:\Users\Administrator\RiderProjects\AdvancedTimeIsland\Views\Main\NextJieQiCountdownSettingsControl.cs(53,12): warning CS8618: 在退出构造函数时，不可为 null 的 字段 "_timeColorLabel" 必须包含非 null 值。请考虑添加 "required" 修饰符或将该 字段 声明为可为 null。 [C:\Users\Administrator\RiderProjects\AdvancedTimeIsland\AdvancedTimeIsland.csproj::TargetFramework=net10.0]
C:\Users\Administrator\RiderProjects\AdvancedTimeIsland\Views\Main\NextJieQiCountdownSettingsControl.cs(53,12): warning CS8618: 在退出构造函数时，不可为 null 的 字段 "_timeFontSizeLabel" 必须包含非 null 值。请考虑添加 "required" 修饰符或将该 字段 声明为可为 null。 [C:\Users\Administrator\RiderProjects\AdvancedTimeIsland\AdvancedTimeIsland.csproj::TargetFramework=net10.0]
C:\Users\Administrator\RiderProjects\AdvancedTimeIsland\Views\Main\NextFestivalCountdownSettingsControl.cs(74,53): warning CS0618: “TextBox.Watermark”已过时:“Use PlaceholderText instead.” [C:\Users\Administrator\RiderProjects\AdvancedTimeIsland\AdvancedTimeIsland.csproj::TargetFramework=net10.0]
C:\Users\Administrator\RiderProjects\AdvancedTimeIsland\Views\Main\NextXingZuoCountdownControl.cs(27,12): warning CS8618: 在退出构造函数时，不可为 null 的 字段 "vm" 必须包含非 null 值。请考虑添加 "required" 修饰符或将该 字段 声明为可为 null。 [C:\Users\Administrator\RiderProjects\AdvancedTimeIsland\AdvancedTimeIsland.csproj::TargetFramework=net10.0]
C:\Users\Administrator\RiderProjects\AdvancedTimeIsland\Views\Main\NextXingZuoCountdownControl.cs(27,12): warning CS8618: 在退出构造函数时，不可为 null 的 字段 "text1Tb" 必须包含非 null 值。请考虑添加 "required" 修饰符或将该 字段 声明为可为 null。 [C:\Users\Administrator\RiderProjects\AdvancedTimeIsland\AdvancedTimeIsland.csproj::TargetFramework=net10.0]
C:\Users\Administrator\RiderProjects\AdvancedTimeIsland\Views\Main\NextXingZuoCountdownControl.cs(27,12): warning CS8618: 在退出构造函数时，不可为 null 的 字段 "nameTb" 必须包含非 null 值。请考虑添加 "required" 修饰符或将该 字段 声明为可为 null。 [C:\Users\Administrator\RiderProjects\AdvancedTimeIsland\AdvancedTimeIsland.csproj::TargetFramework=net10.0]
C:\Users\Administrator\RiderProjects\AdvancedTimeIsland\Views\Main\NextXingZuoCountdownControl.cs(27,12): warning CS8618: 在退出构造函数时，不可为 null 的 字段 "text3Tb" 必须包含非 null 值。请考虑添加 "required" 修饰符或将该 字段 声明为可为 null。 [C:\Users\Administrator\RiderProjects\AdvancedTimeIsland\AdvancedTimeIsland.csproj::TargetFramework=net10.0]
C:\Users\Administrator\RiderProjects\AdvancedTimeIsland\Views\Main\NextXingZuoCountdownControl.cs(27,12): warning CS8618: 在退出构造函数时，不可为 null 的 字段 "timeTb" 必须包含非 null 值。请考虑添加 "required" 修饰符或将该 字段 声明为可为 null。 [C:\Users\Administrator\RiderProjects\AdvancedTimeIsland\AdvancedTimeIsland.csproj::TargetFramework=net10.0]
C:\Users\Administrator\RiderProjects\AdvancedTimeIsland\Views\Main\NextXingZuoCountdownControl.cs(27,12): warning CS8618: 在退出构造函数时，不可为 null 的 字段 "rootBorder" 必须包含非 null 值。请考虑添加 "required" 修饰符或将该 字段 声明为可为 null。 [C:\Users\Administrator\RiderProjects\AdvancedTimeIsland\AdvancedTimeIsland.csproj::TargetFramework=net10.0]
C:\Users\Administrator\RiderProjects\AdvancedTimeIsland\Views\Main\NextJieQiCountdownSettingsControl.cs(70,53): warning CS0618: “TextBox.Watermark”已过时:“Use PlaceholderText instead.” [C:\Users\Administrator\RiderProjects\AdvancedTimeIsland\AdvancedTimeIsland.csproj::TargetFramework=net10.0]
C:\Users\Administrator\RiderProjects\AdvancedTimeIsland\Views\Main\NextXingZuoCountdownSettingsControl.cs(53,12): warning CS8618: 在退出构造函数时，不可为 null 的 字段 "_formatTextBox" 必须包含非 null 值。请考虑添加 "required" 修饰符或将该 字段 声明为可为 null。 [C:\Users\Administrator\RiderProjects\AdvancedTimeIsland\AdvancedTimeIsland.csproj::TargetFramework=net10.0]
C:\Users\Administrator\RiderProjects\AdvancedTimeIsland\Views\Main\NextXingZuoCountdownSettingsControl.cs(53,12): warning CS8618: 在退出构造函数时，不可为 null 的 字段 "_text1FontSizeTextBox" 必须包含非 null 值。请考虑添加 "required" 修饰符或将该 字段 声明为可为 null。 [C:\Users\Administrator\RiderProjects\AdvancedTimeIsland\AdvancedTimeIsland.csproj::TargetFramework=net10.0]
C:\Users\Administrator\RiderProjects\AdvancedTimeIsland\Views\Main\NextXingZuoCountdownSettingsControl.cs(53,12): warning CS8618: 在退出构造函数时，不可为 null 的 字段 "_text1FontColorPicker" 必须包含非 null 值。请考虑添加 "required" 修饰符或将该 字段 声明为可为 null。 [C:\Users\Administrator\RiderProjects\AdvancedTimeIsland\AdvancedTimeIsland.csproj::TargetFramework=net10.0]
C:\Users\Administrator\RiderProjects\AdvancedTimeIsland\Views\Main\NextXingZuoCountdownSettingsControl.cs(53,12): warning CS8618: 在退出构造函数时，不可为 null 的 字段 "_nameFontSizeTextBox" 必须包含非 null 值。请考虑添加 "required" 修饰符或将该 字段 声明为可为 null。 [C:\Users\Administrator\RiderProjects\AdvancedTimeIsland\AdvancedTimeIsland.csproj::TargetFramework=net10.0]
C:\Users\Administrator\RiderProjects\AdvancedTimeIsland\Views\Main\NextXingZuoCountdownSettingsControl.cs(53,12): warning CS8618: 在退出构造函数时，不可为 null 的 字段 "_nameFontColorPicker" 必须包含非 null 值。请考虑添加 "required" 修饰符或将该 字段 声明为可为 null。 [C:\Users\Administrator\RiderProjects\AdvancedTimeIsland\AdvancedTimeIsland.csproj::TargetFramework=net10.0]
C:\Users\Administrator\RiderProjects\AdvancedTimeIsland\Views\Main\NextXingZuoCountdownSettingsControl.cs(53,12): warning CS8618: 在退出构造函数时，不可为 null 的 字段 "_text3FontSizeTextBox" 必须包含非 null 值。请考虑添加 "required" 修饰符或将该 字段 声明为可为 null。 [C:\Users\Administrator\RiderProjects\AdvancedTimeIsland\AdvancedTimeIsland.csproj::TargetFramework=net10.0]
C:\Users\Administrator\RiderProjects\AdvancedTimeIsland\Views\Main\NextXingZuoCountdownSettingsControl.cs(53,12): warning CS8618: 在退出构造函数时，不可为 null 的 字段 "_text3FontColorPicker" 必须包含非 null 值。请考虑添加 "required" 修饰符或将该 字段 声明为可为 null。 [C:\Users\Administrator\RiderProjects\AdvancedTimeIsland\AdvancedTimeIsland.csproj::TargetFramework=net10.0]
C:\Users\Administrator\RiderProjects\AdvancedTimeIsland\Views\Main\NextXingZuoCountdownSettingsControl.cs(53,12): warning CS8618: 在退出构造函数时，不可为 null 的 字段 "_timeFontSizeTextBox" 必须包含非 null 值。请考虑添加 "required" 修饰符或将该 字段 声明为可为 null。 [C:\Users\Administrator\RiderProjects\AdvancedTimeIsland\AdvancedTimeIsland.csproj::TargetFramework=net10.0]
C:\Users\Administrator\RiderProjects\AdvancedTimeIsland\Views\Main\NextXingZuoCountdownSettingsControl.cs(53,12): warning CS8618: 在退出构造函数时，不可为 null 的 字段 "_timeFontColorPicker" 必须包含非 null 值。请考虑添加 "required" 修饰符或将该 字段 声明为可为 null。 [C:\Users\Administrator\RiderProjects\AdvancedTimeIsland\AdvancedTimeIsland.csproj::TargetFramework=net10.0]
C:\Users\Administrator\RiderProjects\AdvancedTimeIsland\Views\Main\NextXingZuoCountdownSettingsControl.cs(53,12): warning CS8618: 在退出构造函数时，不可为 null 的 字段 "_text1EnableCustomFontSizeToggle" 必须包含非 null 值。请考虑添加 "required" 修饰符或将该 字段 声明为可为 null。 [C:\Users\Administrator\RiderProjects\AdvancedTimeIsland\AdvancedTimeIsland.csproj::TargetFramework=net10.0]
C:\Users\Administrator\RiderProjects\AdvancedTimeIsland\Views\Main\NextXingZuoCountdownSettingsControl.cs(53,12): warning CS8618: 在退出构造函数时，不可为 null 的 字段 "_text1EnableCustomFontColorToggle" 必须包含非 null 值。请考虑添加 "required" 修饰符或将该 字段 声明为可为 null。 [C:\Users\Administrator\RiderProjects\AdvancedTimeIsland\AdvancedTimeIsland.csproj::TargetFramework=net10.0]
C:\Users\Administrator\RiderProjects\AdvancedTimeIsland\Views\Main\NextXingZuoCountdownSettingsControl.cs(53,12): warning CS8618: 在退出构造函数时，不可为 null 的 字段 "_nameEnableCustomFontSizeToggle" 必须包含非 null 值。请考虑添加 "required" 修饰符或将该 字段 声明为可为 null。 [C:\Users\Administrator\RiderProjects\AdvancedTimeIsland\AdvancedTimeIsland.csproj::TargetFramework=net10.0]
C:\Users\Administrator\RiderProjects\AdvancedTimeIsland\Views\Main\NextXingZuoCountdownSettingsControl.cs(53,12): warning CS8618: 在退出构造函数时，不可为 null 的 字段 "_nameEnableCustomFontColorToggle" 必须包含非 null 值。请考虑添加 "required" 修饰符或将该 字段 声明为可为 null。 [C:\Users\Administrator\RiderProjects\AdvancedTimeIsland\AdvancedTimeIsland.csproj::TargetFramework=net10.0]
C:\Users\Administrator\RiderProjects\AdvancedTimeIsland\Views\Main\NextXingZuoCountdownSettingsControl.cs(53,12): warning CS8618: 在退出构造函数时，不可为 null 的 字段 "_text3EnableCustomFontSizeToggle" 必须包含非 null 值。请考虑添加 "required" 修饰符或将该 字段 声明为可为 null。 [C:\Users\Administrator\RiderProjects\AdvancedTimeIsland\AdvancedTimeIsland.csproj::TargetFramework=net10.0]
C:\Users\Administrator\RiderProjects\AdvancedTimeIsland\Views\Main\NextXingZuoCountdownSettingsControl.cs(53,12): warning CS8618: 在退出构造函数时，不可为 null 的 字段 "_text3EnableCustomFontColorToggle" 必须包含非 null 值。请考虑添加 "required" 修饰符或将该 字段 声明为可为 null。 [C:\Users\Administrator\RiderProjects\AdvancedTimeIsland\AdvancedTimeIsland.csproj::TargetFramework=net10.0]
C:\Users\Administrator\RiderProjects\AdvancedTimeIsland\Views\Main\NextXingZuoCountdownSettingsControl.cs(53,12): warning CS8618: 在退出构造函数时，不可为 null 的 字段 "_timeEnableCustomFontSizeToggle" 必须包含非 null 值。请考虑添加 "required" 修饰符或将该 字段 声明为可为 null。 [C:\Users\Administrator\RiderProjects\AdvancedTimeIsland\AdvancedTimeIsland.csproj::TargetFramework=net10.0]
C:\Users\Administrator\RiderProjects\AdvancedTimeIsland\Views\Main\NextXingZuoCountdownSettingsControl.cs(53,12): warning CS8618: 在退出构造函数时，不可为 null 的 字段 "_timeEnableCustomFontColorToggle" 必须包含非 null 值。请考虑添加 "required" 修饰符或将该 字段 声明为可为 null。 [C:\Users\Administrator\RiderProjects\AdvancedTimeIsland\AdvancedTimeIsland.csproj::TargetFramework=net10.0]
C:\Users\Administrator\RiderProjects\AdvancedTimeIsland\Views\Main\NextXingZuoCountdownSettingsControl.cs(53,12): warning CS8618: 在退出构造函数时，不可为 null 的 字段 "_formatTitle" 必须包含非 null 值。请考虑添加 "required" 修饰符或将该 字段 声明为可为 null。 [C:\Users\Administrator\RiderProjects\AdvancedTimeIsland\AdvancedTimeIsland.csproj::TargetFramework=net10.0]
C:\Users\Administrator\RiderProjects\AdvancedTimeIsland\Views\Main\NextXingZuoCountdownSettingsControl.cs(53,12): warning CS8618: 在退出构造函数时，不可为 null 的 字段 "_formatLabel" 必须包含非 null 值。请考虑添加 "required" 修饰符或将该 字段 声明为可为 null。 [C:\Users\Administrator\RiderProjects\AdvancedTimeIsland\AdvancedTimeIsland.csproj::TargetFramework=net10.0]
C:\Users\Administrator\RiderProjects\AdvancedTimeIsland\Views\Main\NextXingZuoCountdownSettingsControl.cs(53,12): warning CS8618: 在退出构造函数时，不可为 null 的 字段 "_formatHelpText" 必须包含非 null 值。请考虑添加 "required" 修饰符或将该 字段 声明为可为 null。 [C:\Users\Administrator\RiderProjects\AdvancedTimeIsland\AdvancedTimeIsland.csproj::TargetFramework=net10.0]
C:\Users\Administrator\RiderProjects\AdvancedTimeIsland\Views\Main\NextXingZuoCountdownSettingsControl.cs(53,12): warning CS8618: 在退出构造函数时，不可为 null 的 字段 "_text1Title" 必须包含非 null 值。请考虑添加 "required" 修饰符或将该 字段 声明为可为 null。 [C:\Users\Administrator\RiderProjects\AdvancedTimeIsland\AdvancedTimeIsland.csproj::TargetFramework=net10.0]
C:\Users\Administrator\RiderProjects\AdvancedTimeIsland\Views\Main\NextXingZuoCountdownSettingsControl.cs(53,12): warning CS8618: 在退出构造函数时，不可为 null 的 字段 "_text1ColorLabel" 必须包含非 null 值。请考虑添加 "required" 修饰符或将该 字段 声明为可为 null。 [C:\Users\Administrator\RiderProjects\AdvancedTimeIsland\AdvancedTimeIsland.csproj::TargetFramework=net10.0]
C:\Users\Administrator\RiderProjects\AdvancedTimeIsland\Views\Main\NextXingZuoCountdownSettingsControl.cs(53,12): warning CS8618: 在退出构造函数时，不可为 null 的 字段 "_text1FontSizeLabel" 必须包含非 null 值。请考虑添加 "required" 修饰符或将该 字段 声明为可为 null。 [C:\Users\Administrator\RiderProjects\AdvancedTimeIsland\AdvancedTimeIsland.csproj::TargetFramework=net10.0]
C:\Users\Administrator\RiderProjects\AdvancedTimeIsland\Views\Main\NextXingZuoCountdownSettingsControl.cs(53,12): warning CS8618: 在退出构造函数时，不可为 null 的 字段 "_nameTitle" 必须包含非 null 值。请考虑添加 "required" 修饰符或将该 字段 声明为可为 null。 [C:\Users\Administrator\RiderProjects\AdvancedTimeIsland\AdvancedTimeIsland.csproj::TargetFramework=net10.0]
C:\Users\Administrator\RiderProjects\AdvancedTimeIsland\Views\Main\NextXingZuoCountdownSettingsControl.cs(53,12): warning CS8618: 在退出构造函数时，不可为 null 的 字段 "_nameColorLabel" 必须包含非 null 值。请考虑添加 "required" 修饰符或将该 字段 声明为可为 null。 [C:\Users\Administrator\RiderProjects\AdvancedTimeIsland\AdvancedTimeIsland.csproj::TargetFramework=net10.0]
C:\Users\Administrator\RiderProjects\AdvancedTimeIsland\Views\Main\NextXingZuoCountdownSettingsControl.cs(53,12): warning CS8618: 在退出构造函数时，不可为 null 的 字段 "_nameFontSizeLabel" 必须包含非 null 值。请考虑添加 "required" 修饰符或将该 字段 声明为可为 null。 [C:\Users\Administrator\RiderProjects\AdvancedTimeIsland\AdvancedTimeIsland.csproj::TargetFramework=net10.0]
C:\Users\Administrator\RiderProjects\AdvancedTimeIsland\Views\Main\NextXingZuoCountdownSettingsControl.cs(53,12): warning CS8618: 在退出构造函数时，不可为 null 的 字段 "_text3Title" 必须包含非 null 值。请考虑添加 "required" 修饰符或将该 字段 声明为可为 null。 [C:\Users\Administrator\RiderProjects\AdvancedTimeIsland\AdvancedTimeIsland.csproj::TargetFramework=net10.0]
C:\Users\Administrator\RiderProjects\AdvancedTimeIsland\Views\Main\NextXingZuoCountdownSettingsControl.cs(53,12): warning CS8618: 在退出构造函数时，不可为 null 的 字段 "_text3ColorLabel" 必须包含非 null 值。请考虑添加 "required" 修饰符或将该 字段 声明为可为 null。 [C:\Users\Administrator\RiderProjects\AdvancedTimeIsland\AdvancedTimeIsland.csproj::TargetFramework=net10.0]
C:\Users\Administrator\RiderProjects\AdvancedTimeIsland\Views\Main\NextXingZuoCountdownSettingsControl.cs(53,12): warning CS8618: 在退出构造函数时，不可为 null 的 字段 "_text3FontSizeLabel" 必须包含非 null 值。请考虑添加 "required" 修饰符或将该 字段 声明为可为 null。 [C:\Users\Administrator\RiderProjects\AdvancedTimeIsland\AdvancedTimeIsland.csproj::TargetFramework=net10.0]
C:\Users\Administrator\RiderProjects\AdvancedTimeIsland\Views\Main\NextXingZuoCountdownSettingsControl.cs(53,12): warning CS8618: 在退出构造函数时，不可为 null 的 字段 "_timeTitle" 必须包含非 null 值。请考虑添加 "required" 修饰符或将该 字段 声明为可为 null。 [C:\Users\Administrator\RiderProjects\AdvancedTimeIsland\AdvancedTimeIsland.csproj::TargetFramework=net10.0]
C:\Users\Administrator\RiderProjects\AdvancedTimeIsland\Views\Main\NextXingZuoCountdownSettingsControl.cs(53,12): warning CS8618: 在退出构造函数时，不可为 null 的 字段 "_timeColorLabel" 必须包含非 null 值。请考虑添加 "required" 修饰符或将该 字段 声明为可为 null。 [C:\Users\Administrator\RiderProjects\AdvancedTimeIsland\AdvancedTimeIsland.csproj::TargetFramework=net10.0]
C:\Users\Administrator\RiderProjects\AdvancedTimeIsland\Views\Main\NextXingZuoCountdownSettingsControl.cs(53,12): warning CS8618: 在退出构造函数时，不可为 null 的 字段 "_timeFontSizeLabel" 必须包含非 null 值。请考虑添加 "required" 修饰符或将该 字段 声明为可为 null。 [C:\Users\Administrator\RiderProjects\AdvancedTimeIsland\AdvancedTimeIsland.csproj::TargetFramework=net10.0]
C:\Users\Administrator\RiderProjects\AdvancedTimeIsland\Views\Main\NextJieQiCountdownSettingsControl.cs(127,45): warning CS0618: “TextBox.Watermark”已过时:“Use PlaceholderText instead.” [C:\Users\Administrator\RiderProjects\AdvancedTimeIsland\AdvancedTimeIsland.csproj::TargetFramework=net10.0]
C:\Users\Administrator\RiderProjects\AdvancedTimeIsland\Views\Main\PeriodicCountdownControl.cs(39,12): warning CS8618: 在退出构造函数时，不可为 null 的 字段 "vm" 必须包含非 null 值。请考虑添加 "required" 修饰符或将该 字段 声明为可为 null。 [C:\Users\Administrator\RiderProjects\AdvancedTimeIsland\AdvancedTimeIsland.csproj::TargetFramework=net10.0]
C:\Users\Administrator\RiderProjects\AdvancedTimeIsland\Views\Main\PeriodicCountdownControl.cs(39,12): warning CS8618: 在退出构造函数时，不可为 null 的 字段 "tbText1" 必须包含非 null 值。请考虑添加 "required" 修饰符或将该 字段 声明为可为 null。 [C:\Users\Administrator\RiderProjects\AdvancedTimeIsland\AdvancedTimeIsland.csproj::TargetFramework=net10.0]
C:\Users\Administrator\RiderProjects\AdvancedTimeIsland\Views\Main\PeriodicCountdownControl.cs(39,12): warning CS8618: 在退出构造函数时，不可为 null 的 字段 "tbText2" 必须包含非 null 值。请考虑添加 "required" 修饰符或将该 字段 声明为可为 null。 [C:\Users\Administrator\RiderProjects\AdvancedTimeIsland\AdvancedTimeIsland.csproj::TargetFramework=net10.0]
C:\Users\Administrator\RiderProjects\AdvancedTimeIsland\Views\Main\PeriodicCountdownControl.cs(39,12): warning CS8618: 在退出构造函数时，不可为 null 的 字段 "tbText3" 必须包含非 null 值。请考虑添加 "required" 修饰符或将该 字段 声明为可为 null。 [C:\Users\Administrator\RiderProjects\AdvancedTimeIsland\AdvancedTimeIsland.csproj::TargetFramework=net10.0]
C:\Users\Administrator\RiderProjects\AdvancedTimeIsland\Views\Main\PeriodicCountdownControl.cs(39,12): warning CS8618: 在退出构造函数时，不可为 null 的 字段 "tbTime" 必须包含非 null 值。请考虑添加 "required" 修饰符或将该 字段 声明为可为 null。 [C:\Users\Administrator\RiderProjects\AdvancedTimeIsland\AdvancedTimeIsland.csproj::TargetFramework=net10.0]
C:\Users\Administrator\RiderProjects\AdvancedTimeIsland\Views\Main\PeriodicCountdownControl.cs(39,12): warning CS8618: 在退出构造函数时，不可为 null 的 字段 "tbText4" 必须包含非 null 值。请考虑添加 "required" 修饰符或将该 字段 声明为可为 null。 [C:\Users\Administrator\RiderProjects\AdvancedTimeIsland\AdvancedTimeIsland.csproj::TargetFramework=net10.0]
C:\Users\Administrator\RiderProjects\AdvancedTimeIsland\Views\Main\PeriodicCountdownControl.cs(39,12): warning CS8618: 在退出构造函数时，不可为 null 的 字段 "rootBorder" 必须包含非 null 值。请考虑添加 "required" 修饰符或将该 字段 声明为可为 null。 [C:\Users\Administrator\RiderProjects\AdvancedTimeIsland\AdvancedTimeIsland.csproj::TargetFramework=net10.0]
C:\Users\Administrator\RiderProjects\AdvancedTimeIsland\Views\Main\PeriodicCountdownControl.cs(39,12): warning CS8618: 在退出构造函数时，不可为 null 的 字段 "contentPanel" 必须包含非 null 值。请考虑添加 "required" 修饰符或将该 字段 声明为可为 null。 [C:\Users\Administrator\RiderProjects\AdvancedTimeIsland\AdvancedTimeIsland.csproj::TargetFramework=net10.0]
C:\Users\Administrator\RiderProjects\AdvancedTimeIsland\Views\Main\PeriodicCountdownControl.cs(39,12): warning CS8618: 在退出构造函数时，不可为 null 的 字段 "progressBar" 必须包含非 null 值。请考虑添加 "required" 修饰符或将该 字段 声明为可为 null。 [C:\Users\Administrator\RiderProjects\AdvancedTimeIsland\AdvancedTimeIsland.csproj::TargetFramework=net10.0]
C:\Users\Administrator\RiderProjects\AdvancedTimeIsland\Views\Main\PeriodicCountdownControl.cs(39,12): warning CS8618: 在退出构造函数时，不可为 null 的 字段 "circleProgressRoot" 必须包含非 null 值。请考虑添加 "required" 修饰符或将该 字段 声明为可为 null。 [C:\Users\Administrator\RiderProjects\AdvancedTimeIsland\AdvancedTimeIsland.csproj::TargetFramework=net10.0]
C:\Users\Administrator\RiderProjects\AdvancedTimeIsland\Views\Main\PeriodicCountdownControl.cs(39,12): warning CS8618: 在退出构造函数时，不可为 null 的 字段 "circleProgressBackground" 必须包含非 null 值。请考虑添加 "required" 修饰符或将该 字段 声明为可为 null。 [C:\Users\Administrator\RiderProjects\AdvancedTimeIsland\AdvancedTimeIsland.csproj::TargetFramework=net10.0]
C:\Users\Administrator\RiderProjects\AdvancedTimeIsland\Views\Main\PeriodicCountdownControl.cs(39,12): warning CS8618: 在退出构造函数时，不可为 null 的 字段 "circleProgressPath" 必须包含非 null 值。请考虑添加 "required" 修饰符或将该 字段 声明为可为 null。 [C:\Users\Administrator\RiderProjects\AdvancedTimeIsland\AdvancedTimeIsland.csproj::TargetFramework=net10.0]
C:\Users\Administrator\RiderProjects\AdvancedTimeIsland\Views\Main\ShengXiaoControl.cs(30,12): warning CS8618: 在退出构造函数时，不可为 null 的 字段 "vm" 必须包含非 null 值。请考虑添加 "required" 修饰符或将该 字段 声明为可为 null。 [C:\Users\Administrator\RiderProjects\AdvancedTimeIsland\AdvancedTimeIsland.csproj::TargetFramework=net10.0]
C:\Users\Administrator\RiderProjects\AdvancedTimeIsland\Views\Main\ShengXiaoControl.cs(30,12): warning CS8618: 在退出构造函数时，不可为 null 的 字段 "labelTb" 必须包含非 null 值。请考虑添加 "required" 修饰符或将该 字段 声明为可为 null。 [C:\Users\Administrator\RiderProjects\AdvancedTimeIsland\AdvancedTimeIsland.csproj::TargetFramework=net10.0]
C:\Users\Administrator\RiderProjects\AdvancedTimeIsland\Views\Main\ShengXiaoControl.cs(30,12): warning CS8618: 在退出构造函数时，不可为 null 的 字段 "valueTb" 必须包含非 null 值。请考虑添加 "required" 修饰符或将该 字段 声明为可为 null。 [C:\Users\Administrator\RiderProjects\AdvancedTimeIsland\AdvancedTimeIsland.csproj::TargetFramework=net10.0]
C:\Users\Administrator\RiderProjects\AdvancedTimeIsland\Views\Main\ShengXiaoControl.cs(30,12): warning CS8618: 在退出构造函数时，不可为 null 的 字段 "rootBorder" 必须包含非 null 值。请考虑添加 "required" 修饰符或将该 字段 声明为可为 null。 [C:\Users\Administrator\RiderProjects\AdvancedTimeIsland\AdvancedTimeIsland.csproj::TargetFramework=net10.0]
C:\Users\Administrator\RiderProjects\AdvancedTimeIsland\Views\Main\NextXingZuoCountdownSettingsControl.cs(70,53): warning CS0618: “TextBox.Watermark”已过时:“Use PlaceholderText instead.” [C:\Users\Administrator\RiderProjects\AdvancedTimeIsland\AdvancedTimeIsland.csproj::TargetFramework=net10.0]
C:\Users\Administrator\RiderProjects\AdvancedTimeIsland\Automation\Triggers\LocalSolarHourlyTimeTriggerSettingsControl.cs(228,13): warning CS0618: “TextBox.Watermark”已过时:“Use PlaceholderText instead.” [C:\Users\Administrator\RiderProjects\AdvancedTimeIsland\AdvancedTimeIsland.csproj::TargetFramework=net10.0]
C:\Users\Administrator\RiderProjects\AdvancedTimeIsland\Automation\Triggers\LocalSolarHourlyTimeTriggerSettingsControl.cs(235,13): warning CS0618: “TextBox.Watermark”已过时:“Use PlaceholderText instead.” [C:\Users\Administrator\RiderProjects\AdvancedTimeIsland\AdvancedTimeIsland.csproj::TargetFramework=net10.0]
C:\Users\Administrator\RiderProjects\AdvancedTimeIsland\Views\Main\NextXingZuoCountdownSettingsControl.cs(127,45): warning CS0618: “TextBox.Watermark”已过时:“Use PlaceholderText instead.” [C:\Users\Administrator\RiderProjects\AdvancedTimeIsland\AdvancedTimeIsland.csproj::TargetFramework=net10.0]
C:\Users\Administrator\RiderProjects\AdvancedTimeIsland\Views\Main\ShengXiaoSettingsControl.cs(41,12): warning CS8618: 在退出构造函数时，不可为 null 的 字段 "_labelColorPicker" 必须包含非 null 值。请考虑添加 "required" 修饰符或将该 字段 声明为可为 null。 [C:\Users\Administrator\RiderProjects\AdvancedTimeIsland\AdvancedTimeIsland.csproj::TargetFramework=net10.0]
C:\Users\Administrator\RiderProjects\AdvancedTimeIsland\Views\Main\ShengXiaoSettingsControl.cs(41,12): warning CS8618: 在退出构造函数时，不可为 null 的 字段 "_labelFontSizeNumericUpDown" 必须包含非 null 值。请考虑添加 "required" 修饰符或将该 字段 声明为可为 null。 [C:\Users\Administrator\RiderProjects\AdvancedTimeIsland\AdvancedTimeIsland.csproj::TargetFramework=net10.0]
C:\Users\Administrator\RiderProjects\AdvancedTimeIsland\Views\Main\ShengXiaoSettingsControl.cs(41,12): warning CS8618: 在退出构造函数时，不可为 null 的 字段 "_valueColorPicker" 必须包含非 null 值。请考虑添加 "required" 修饰符或将该 字段 声明为可为 null。 [C:\Users\Administrator\RiderProjects\AdvancedTimeIsland\AdvancedTimeIsland.csproj::TargetFramework=net10.0]
C:\Users\Administrator\RiderProjects\AdvancedTimeIsland\Views\Main\ShengXiaoSettingsControl.cs(41,12): warning CS8618: 在退出构造函数时，不可为 null 的 字段 "_valueFontSizeNumericUpDown" 必须包含非 null 值。请考虑添加 "required" 修饰符或将该 字段 声明为可为 null。 [C:\Users\Administrator\RiderProjects\AdvancedTimeIsland\AdvancedTimeIsland.csproj::TargetFramework=net10.0]
C:\Users\Administrator\RiderProjects\AdvancedTimeIsland\Views\Main\ShengXiaoSettingsControl.cs(41,12): warning CS8618: 在退出构造函数时，不可为 null 的 字段 "_labelEnableCustomFontSizeToggle" 必须包含非 null 值。请考虑添加 "required" 修饰符或将该 字段 声明为可为 null。 [C:\Users\Administrator\RiderProjects\AdvancedTimeIsland\AdvancedTimeIsland.csproj::TargetFramework=net10.0]
C:\Users\Administrator\RiderProjects\AdvancedTimeIsland\Views\Main\ShengXiaoSettingsControl.cs(41,12): warning CS8618: 在退出构造函数时，不可为 null 的 字段 "_labelEnableCustomFontColorToggle" 必须包含非 null 值。请考虑添加 "required" 修饰符或将该 字段 声明为可为 null。 [C:\Users\Administrator\RiderProjects\AdvancedTimeIsland\AdvancedTimeIsland.csproj::TargetFramework=net10.0]
C:\Users\Administrator\RiderProjects\AdvancedTimeIsland\Views\Main\ShengXiaoSettingsControl.cs(41,12): warning CS8618: 在退出构造函数时，不可为 null 的 字段 "_valueEnableCustomFontSizeToggle" 必须包含非 null 值。请考虑添加 "required" 修饰符或将该 字段 声明为可为 null。 [C:\Users\Administrator\RiderProjects\AdvancedTimeIsland\AdvancedTimeIsland.csproj::TargetFramework=net10.0]
C:\Users\Administrator\RiderProjects\AdvancedTimeIsland\Views\Main\ShengXiaoSettingsControl.cs(41,12): warning CS8618: 在退出构造函数时，不可为 null 的 字段 "_valueEnableCustomFontColorToggle" 必须包含非 null 值。请考虑添加 "required" 修饰符或将该 字段 声明为可为 null。 [C:\Users\Administrator\RiderProjects\AdvancedTimeIsland\AdvancedTimeIsland.csproj::TargetFramework=net10.0]
C:\Users\Administrator\RiderProjects\AdvancedTimeIsland\Views\Main\ShengXiaoSettingsControl.cs(41,12): warning CS8618: 在退出构造函数时，不可为 null 的 字段 "_labelEnableCustomFontFamilyToggle" 必须包含非 null 值。请考虑添加 "required" 修饰符或将该 字段 声明为可为 null。 [C:\Users\Administrator\RiderProjects\AdvancedTimeIsland\AdvancedTimeIsland.csproj::TargetFramework=net10.0]
C:\Users\Administrator\RiderProjects\AdvancedTimeIsland\Views\Main\ShengXiaoSettingsControl.cs(41,12): warning CS8618: 在退出构造函数时，不可为 null 的 字段 "_valueEnableCustomFontFamilyToggle" 必须包含非 null 值。请考虑添加 "required" 修饰符或将该 字段 声明为可为 null。 [C:\Users\Administrator\RiderProjects\AdvancedTimeIsland\AdvancedTimeIsland.csproj::TargetFramework=net10.0]
C:\Users\Administrator\RiderProjects\AdvancedTimeIsland\Views\Main\ShengXiaoSettingsControl.cs(41,12): warning CS8618: 在退出构造函数时，不可为 null 的 字段 "_labelEnableCustomFontWeightToggle" 必须包含非 null 值。请考虑添加 "required" 修饰符或将该 字段 声明为可为 null。 [C:\Users\Administrator\RiderProjects\AdvancedTimeIsland\AdvancedTimeIsland.csproj::TargetFramework=net10.0]
C:\Users\Administrator\RiderProjects\AdvancedTimeIsland\Views\Main\ShengXiaoSettingsControl.cs(41,12): warning CS8618: 在退出构造函数时，不可为 null 的 字段 "_valueEnableCustomFontWeightToggle" 必须包含非 null 值。请考虑添加 "required" 修饰符或将该 字段 声明为可为 null。 [C:\Users\Administrator\RiderProjects\AdvancedTimeIsland\AdvancedTimeIsland.csproj::TargetFramework=net10.0]
C:\Users\Administrator\RiderProjects\AdvancedTimeIsland\Views\Main\ShengXiaoSettingsControl.cs(41,12): warning CS8618: 在退出构造函数时，不可为 null 的 字段 "_labelFontFamilyComboBox" 必须包含非 null 值。请考虑添加 "required" 修饰符或将该 字段 声明为可为 null。 [C:\Users\Administrator\RiderProjects\AdvancedTimeIsland\AdvancedTimeIsland.csproj::TargetFramework=net10.0]
C:\Users\Administrator\RiderProjects\AdvancedTimeIsland\Views\Main\ShengXiaoSettingsControl.cs(41,12): warning CS8618: 在退出构造函数时，不可为 null 的 字段 "_valueFontFamilyComboBox" 必须包含非 null 值。请考虑添加 "required" 修饰符或将该 字段 声明为可为 null。 [C:\Users\Administrator\RiderProjects\AdvancedTimeIsland\AdvancedTimeIsland.csproj::TargetFramework=net10.0]
C:\Users\Administrator\RiderProjects\AdvancedTimeIsland\Views\Main\ShengXiaoSettingsControl.cs(41,12): warning CS8618: 在退出构造函数时，不可为 null 的 字段 "_labelFontWeightComboBox" 必须包含非 null 值。请考虑添加 "required" 修饰符或将该 字段 声明为可为 null。 [C:\Users\Administrator\RiderProjects\AdvancedTimeIsland\AdvancedTimeIsland.csproj::TargetFramework=net10.0]
C:\Users\Administrator\RiderProjects\AdvancedTimeIsland\Views\Main\ShengXiaoSettingsControl.cs(41,12): warning CS8618: 在退出构造函数时，不可为 null 的 字段 "_valueFontWeightComboBox" 必须包含非 null 值。请考虑添加 "required" 修饰符或将该 字段 声明为可为 null。 [C:\Users\Administrator\RiderProjects\AdvancedTimeIsland\AdvancedTimeIsland.csproj::TargetFramework=net10.0]
C:\Users\Administrator\RiderProjects\AdvancedTimeIsland\Views\Main\ShengXiaoSettingsControl.cs(41,12): warning CS8618: 在退出构造函数时，不可为 null 的 字段 "_labelTitleTextBlock" 必须包含非 null 值。请考虑添加 "required" 修饰符或将该 字段 声明为可为 null。 [C:\Users\Administrator\RiderProjects\AdvancedTimeIsland\AdvancedTimeIsland.csproj::TargetFramework=net10.0]
C:\Users\Administrator\RiderProjects\AdvancedTimeIsland\Views\Main\ShengXiaoSettingsControl.cs(41,12): warning CS8618: 在退出构造函数时，不可为 null 的 字段 "_labelColorLabelTextBlock" 必须包含非 null 值。请考虑添加 "required" 修饰符或将该 字段 声明为可为 null。 [C:\Users\Administrator\RiderProjects\AdvancedTimeIsland\AdvancedTimeIsland.csproj::TargetFramework=net10.0]
C:\Users\Administrator\RiderProjects\AdvancedTimeIsland\Views\Main\ShengXiaoSettingsControl.cs(41,12): warning CS8618: 在退出构造函数时，不可为 null 的 字段 "_labelFontSizeLabelTextBlock" 必须包含非 null 值。请考虑添加 "required" 修饰符或将该 字段 声明为可为 null。 [C:\Users\Administrator\RiderProjects\AdvancedTimeIsland\AdvancedTimeIsland.csproj::TargetFramework=net10.0]
C:\Users\Administrator\RiderProjects\AdvancedTimeIsland\Views\Main\ShengXiaoSettingsControl.cs(41,12): warning CS8618: 在退出构造函数时，不可为 null 的 字段 "_valueTitleTextBlock" 必须包含非 null 值。请考虑添加 "required" 修饰符或将该 字段 声明为可为 null。 [C:\Users\Administrator\RiderProjects\AdvancedTimeIsland\AdvancedTimeIsland.csproj::TargetFramework=net10.0]
C:\Users\Administrator\RiderProjects\AdvancedTimeIsland\Views\Main\ShengXiaoSettingsControl.cs(41,12): warning CS8618: 在退出构造函数时，不可为 null 的 字段 "_valueColorLabelTextBlock" 必须包含非 null 值。请考虑添加 "required" 修饰符或将该 字段 声明为可为 null。 [C:\Users\Administrator\RiderProjects\AdvancedTimeIsland\AdvancedTimeIsland.csproj::TargetFramework=net10.0]
C:\Users\Administrator\RiderProjects\AdvancedTimeIsland\Views\Main\ShengXiaoSettingsControl.cs(41,12): warning CS8618: 在退出构造函数时，不可为 null 的 字段 "_valueFontSizeLabelTextBlock" 必须包含非 null 值。请考虑添加 "required" 修饰符或将该 字段 声明为可为 null。 [C:\Users\Administrator\RiderProjects\AdvancedTimeIsland\AdvancedTimeIsland.csproj::TargetFramework=net10.0]
C:\Users\Administrator\RiderProjects\AdvancedTimeIsland\Views\Main\SunriseSunsetSettingsControl.cs(553,9): warning CS8602: 解引用可能出现空引用。 [C:\Users\Administrator\RiderProjects\AdvancedTimeIsland\AdvancedTimeIsland.csproj::TargetFramework=net10.0]
C:\Users\Administrator\RiderProjects\AdvancedTimeIsland\Views\Main\SunriseSunsetSettingsControl.cs(554,9): warning CS8602: 解引用可能出现空引用。 [C:\Users\Administrator\RiderProjects\AdvancedTimeIsland\AdvancedTimeIsland.csproj::TargetFramework=net10.0]
C:\Users\Administrator\RiderProjects\AdvancedTimeIsland\Views\Main\SunriseSunsetSettingsControl.cs(555,9): warning CS8602: 解引用可能出现空引用。 [C:\Users\Administrator\RiderProjects\AdvancedTimeIsland\AdvancedTimeIsland.csproj::TargetFramework=net10.0]
C:\Users\Administrator\RiderProjects\AdvancedTimeIsland\Views\Main\SunriseSunsetSettingsControl.cs(556,9): warning CS8602: 解引用可能出现空引用。 [C:\Users\Administrator\RiderProjects\AdvancedTimeIsland\AdvancedTimeIsland.csproj::TargetFramework=net10.0]
C:\Users\Administrator\RiderProjects\AdvancedTimeIsland\Views\Main\SunriseSunsetSettingsControl.cs(557,9): warning CS8602: 解引用可能出现空引用。 [C:\Users\Administrator\RiderProjects\AdvancedTimeIsland\AdvancedTimeIsland.csproj::TargetFramework=net10.0]
C:\Users\Administrator\RiderProjects\AdvancedTimeIsland\Views\Main\SunriseSunsetSettingsControl.cs(558,9): warning CS8602: 解引用可能出现空引用。 [C:\Users\Administrator\RiderProjects\AdvancedTimeIsland\AdvancedTimeIsland.csproj::TargetFramework=net10.0]
C:\Users\Administrator\RiderProjects\AdvancedTimeIsland\Views\Main\SunriseSunsetSettingsControl.cs(559,9): warning CS8602: 解引用可能出现空引用。 [C:\Users\Administrator\RiderProjects\AdvancedTimeIsland\AdvancedTimeIsland.csproj::TargetFramework=net10.0]
C:\Users\Administrator\RiderProjects\AdvancedTimeIsland\Views\Main\SunriseSunsetSettingsControl.cs(560,9): warning CS8602: 解引用可能出现空引用。 [C:\Users\Administrator\RiderProjects\AdvancedTimeIsland\AdvancedTimeIsland.csproj::TargetFramework=net10.0]
C:\Users\Administrator\RiderProjects\AdvancedTimeIsland\Views\Main\SunriseSunsetControl.cs(33,12): warning CS8618: 在退出构造函数时，不可为 null 的 字段 "vm" 必须包含非 null 值。请考虑添加 "required" 修饰符或将该 字段 声明为可为 null。 [C:\Users\Administrator\RiderProjects\AdvancedTimeIsland\AdvancedTimeIsland.csproj::TargetFramework=net10.0]
C:\Users\Administrator\RiderProjects\AdvancedTimeIsland\Views\Main\SunriseSunsetControl.cs(33,12): warning CS8618: 在退出构造函数时，不可为 null 的 字段 "_sunriseLabel" 必须包含非 null 值。请考虑添加 "required" 修饰符或将该 字段 声明为可为 null。 [C:\Users\Administrator\RiderProjects\AdvancedTimeIsland\AdvancedTimeIsland.csproj::TargetFramework=net10.0]
C:\Users\Administrator\RiderProjects\AdvancedTimeIsland\Views\Main\SunriseSunsetControl.cs(33,12): warning CS8618: 在退出构造函数时，不可为 null 的 字段 "_sunriseTime" 必须包含非 null 值。请考虑添加 "required" 修饰符或将该 字段 声明为可为 null。 [C:\Users\Administrator\RiderProjects\AdvancedTimeIsland\AdvancedTimeIsland.csproj::TargetFramework=net10.0]
C:\Users\Administrator\RiderProjects\AdvancedTimeIsland\Views\Main\SunriseSunsetControl.cs(33,12): warning CS8618: 在退出构造函数时，不可为 null 的 字段 "_sunsetLabel" 必须包含非 null 值。请考虑添加 "required" 修饰符或将该 字段 声明为可为 null。 [C:\Users\Administrator\RiderProjects\AdvancedTimeIsland\AdvancedTimeIsland.csproj::TargetFramework=net10.0]
C:\Users\Administrator\RiderProjects\AdvancedTimeIsland\Views\Main\SunriseSunsetControl.cs(33,12): warning CS8618: 在退出构造函数时，不可为 null 的 字段 "_sunsetTime" 必须包含非 null 值。请考虑添加 "required" 修饰符或将该 字段 声明为可为 null。 [C:\Users\Administrator\RiderProjects\AdvancedTimeIsland\AdvancedTimeIsland.csproj::TargetFramework=net10.0]
C:\Users\Administrator\RiderProjects\AdvancedTimeIsland\Views\Main\SunriseSunsetControl.cs(33,12): warning CS8618: 在退出构造函数时，不可为 null 的 字段 "rootBorder" 必须包含非 null 值。请考虑添加 "required" 修饰符或将该 字段 声明为可为 null。 [C:\Users\Administrator\RiderProjects\AdvancedTimeIsland\AdvancedTimeIsland.csproj::TargetFramework=net10.0]
C:\Users\Administrator\RiderProjects\AdvancedTimeIsland\Automation\Triggers\LocalSolarHourlyTimeTriggerSettingsControl.cs(321,39): warning CS8604: “int LocalSolarHourlyTimeTriggerSettingsControl.ParseMinute(string text)”中的形参“text”可能传入 null 引用实参。 [C:\Users\Administrator\RiderProjects\AdvancedTimeIsland\AdvancedTimeIsland.csproj::TargetFramework=net10.0]
C:\Users\Administrator\RiderProjects\AdvancedTimeIsland\Automation\Triggers\LocalSolarHourlyTimeTriggerSettingsControl.cs(322,39): warning CS8604: “int LocalSolarHourlyTimeTriggerSettingsControl.ParseSecond(string text)”中的形参“text”可能传入 null 引用实参。 [C:\Users\Administrator\RiderProjects\AdvancedTimeIsland\AdvancedTimeIsland.csproj::TargetFramework=net10.0]
C:\Users\Administrator\RiderProjects\AdvancedTimeIsland\Views\Settings\TimeCalculatorPage.cs(683,9): warning CS8602: 解引用可能出现空引用。 [C:\Users\Administrator\RiderProjects\AdvancedTimeIsland\AdvancedTimeIsland.csproj::TargetFramework=net10.0]
C:\Users\Administrator\RiderProjects\AdvancedTimeIsland\Views\Settings\TimeCalculatorPage.cs(756,9): warning CS8602: 解引用可能出现空引用。 [C:\Users\Administrator\RiderProjects\AdvancedTimeIsland\AdvancedTimeIsland.csproj::TargetFramework=net10.0]
C:\Users\Administrator\RiderProjects\AdvancedTimeIsland\Views\Main\SunriseSunsetSettingsControl.cs(661,48): warning CS8604: “bool LongitudeConverter.TryParseDecimal(string input, out double result)”中的形参“input”可能传入 null 引用实参。 [C:\Users\Administrator\RiderProjects\AdvancedTimeIsland\AdvancedTimeIsland.csproj::TargetFramework=net10.0]
C:\Users\Administrator\RiderProjects\AdvancedTimeIsland\Views\Main\SunriseSunsetSettingsControl.cs(701,47): warning CS8604: “bool LatitudeConverter.TryParseDecimal(string input, out double result)”中的形参“input”可能传入 null 引用实参。 [C:\Users\Administrator\RiderProjects\AdvancedTimeIsland\AdvancedTimeIsland.csproj::TargetFramework=net10.0]
C:\Users\Administrator\RiderProjects\AdvancedTimeIsland\Views\Settings\hanfu_page_template.cs(1112,17): warning CS8602: 解引用可能出现空引用。 [C:\Users\Administrator\RiderProjects\AdvancedTimeIsland\AdvancedTimeIsland.csproj::TargetFramework=net10.0]
C:\Users\Administrator\RiderProjects\AdvancedTimeIsland\Views\Main\LunarCountdownControl.cs(302,37): warning CS8603: 可能返回 null 引用。 [C:\Users\Administrator\RiderProjects\AdvancedTimeIsland\AdvancedTimeIsland.csproj::TargetFramework=net10.0]
C:\Users\Administrator\RiderProjects\AdvancedTimeIsland\Views\Settings\hanfu_page_template.cs(1150,21): warning CS8602: 解引用可能出现空引用。 [C:\Users\Administrator\RiderProjects\AdvancedTimeIsland\AdvancedTimeIsland.csproj::TargetFramework=net10.0]
C:\Users\Administrator\RiderProjects\AdvancedTimeIsland\Views\Settings\hanfu_page_template.cs(1173,35): warning CS8670: 对象或集合初始值设定项会隐式解引用可能为 null 的成员“TextBlock.Inlines”。 [C:\Users\Administrator\RiderProjects\AdvancedTimeIsland\AdvancedTimeIsland.csproj::TargetFramework=net10.0]
C:\Users\Administrator\RiderProjects\AdvancedTimeIsland\Views\Settings\hanfu_page_template.cs(1208,17): warning CS8602: 解引用可能出现空引用。 [C:\Users\Administrator\RiderProjects\AdvancedTimeIsland\AdvancedTimeIsland.csproj::TargetFramework=net10.0]
C:\Users\Administrator\RiderProjects\AdvancedTimeIsland\Views\Settings\hanfu_page_template.cs(1214,21): warning CS8602: 解引用可能出现空引用。 [C:\Users\Administrator\RiderProjects\AdvancedTimeIsland\AdvancedTimeIsland.csproj::TargetFramework=net10.0]
C:\Users\Administrator\RiderProjects\AdvancedTimeIsland\Views\Settings\hanfu_page_template.cs(1219,13): warning CS8602: 解引用可能出现空引用。 [C:\Users\Administrator\RiderProjects\AdvancedTimeIsland\AdvancedTimeIsland.csproj::TargetFramework=net10.0]
C:\Users\Administrator\RiderProjects\AdvancedTimeIsland\Views\Main\LunarCountdownSettingsControl.cs(142,44): warning CS0618: “TextBox.Watermark”已过时:“Use PlaceholderText instead.” [C:\Users\Administrator\RiderProjects\AdvancedTimeIsland\AdvancedTimeIsland.csproj::TargetFramework=net10.0]
C:\Users\Administrator\RiderProjects\AdvancedTimeIsland\Views\Main\LocalSolarTimeSettingsControl.cs(414,48): warning CS8604: “bool LongitudeConverter.TryParseDecimal(string input, out double result)”中的形参“input”可能传入 null 引用实参。 [C:\Users\Administrator\RiderProjects\AdvancedTimeIsland\AdvancedTimeIsland.csproj::TargetFramework=net10.0]
C:\Users\Administrator\RiderProjects\AdvancedTimeIsland\Views\Main\PeriodicCountdownControl.cs(302,37): warning CS8603: 可能返回 null 引用。 [C:\Users\Administrator\RiderProjects\AdvancedTimeIsland\AdvancedTimeIsland.csproj::TargetFramework=net10.0]
C:\Users\Administrator\RiderProjects\AdvancedTimeIsland\Views\Main\NextFestivalCountdownSettingsControl.cs(376,9): warning CS8602: 解引用可能出现空引用。 [C:\Users\Administrator\RiderProjects\AdvancedTimeIsland\AdvancedTimeIsland.csproj::TargetFramework=net10.0]
C:\Users\Administrator\RiderProjects\AdvancedTimeIsland\Views\Main\NextFestivalCountdownSettingsControl.cs(377,9): warning CS8602: 解引用可能出现空引用。 [C:\Users\Administrator\RiderProjects\AdvancedTimeIsland\AdvancedTimeIsland.csproj::TargetFramework=net10.0]
C:\Users\Administrator\RiderProjects\AdvancedTimeIsland\Views\Main\NextFestivalCountdownSettingsControl.cs(378,9): warning CS8602: 解引用可能出现空引用。 [C:\Users\Administrator\RiderProjects\AdvancedTimeIsland\AdvancedTimeIsland.csproj::TargetFramework=net10.0]
C:\Users\Administrator\RiderProjects\AdvancedTimeIsland\Views\Main\NextFestivalCountdownSettingsControl.cs(379,9): warning CS8602: 解引用可能出现空引用。 [C:\Users\Administrator\RiderProjects\AdvancedTimeIsland\AdvancedTimeIsland.csproj::TargetFramework=net10.0]
C:\Users\Administrator\RiderProjects\AdvancedTimeIsland\Views\Main\NextFestivalCountdownSettingsControl.cs(380,9): warning CS8602: 解引用可能出现空引用。 [C:\Users\Administrator\RiderProjects\AdvancedTimeIsland\AdvancedTimeIsland.csproj::TargetFramework=net10.0]
C:\Users\Administrator\RiderProjects\AdvancedTimeIsland\Views\Main\NextFestivalCountdownSettingsControl.cs(381,9): warning CS8602: 解引用可能出现空引用。 [C:\Users\Administrator\RiderProjects\AdvancedTimeIsland\AdvancedTimeIsland.csproj::TargetFramework=net10.0]
C:\Users\Administrator\RiderProjects\AdvancedTimeIsland\Views\Main\NextFestivalCountdownSettingsControl.cs(382,9): warning CS8602: 解引用可能出现空引用。 [C:\Users\Administrator\RiderProjects\AdvancedTimeIsland\AdvancedTimeIsland.csproj::TargetFramework=net10.0]
C:\Users\Administrator\RiderProjects\AdvancedTimeIsland\Views\Main\NextFestivalCountdownSettingsControl.cs(383,9): warning CS8602: 解引用可能出现空引用。 [C:\Users\Administrator\RiderProjects\AdvancedTimeIsland\AdvancedTimeIsland.csproj::TargetFramework=net10.0]
C:\Users\Administrator\RiderProjects\AdvancedTimeIsland\Views\Main\PeriodicCountdownSettingsControl.cs(126,44): warning CS0618: “TextBox.Watermark”已过时:“Use PlaceholderText instead.” [C:\Users\Administrator\RiderProjects\AdvancedTimeIsland\AdvancedTimeIsland.csproj::TargetFramework=net10.0]
C:\Users\Administrator\RiderProjects\AdvancedTimeIsland\Views\Main\PeriodicCountdownSettingsControl.cs(346,33): warning CS0618: “TextBox.Watermark”已过时:“Use PlaceholderText instead.” [C:\Users\Administrator\RiderProjects\AdvancedTimeIsland\AdvancedTimeIsland.csproj::TargetFramework=net10.0]
C:\Users\Administrator\RiderProjects\AdvancedTimeIsland\Views\Settings\PluginSettingsPage.cs(1596,93): warning CS8604: “Task<object> FluentAvaloniaCompatibilityHelper.ShowContentDialogAsync(object dialog, TopLevel topLevel)”中的形参“topLevel”可能传入 null 引用实参。 [C:\Users\Administrator\RiderProjects\AdvancedTimeIsland\AdvancedTimeIsland.csproj::TargetFramework=net10.0]
C:\Users\Administrator\RiderProjects\AdvancedTimeIsland\Views\Main\PeriodicCountdownSettingsControl.cs(366,45): warning CS0618: “TextBox.Watermark”已过时:“Use PlaceholderText instead.” [C:\Users\Administrator\RiderProjects\AdvancedTimeIsland\AdvancedTimeIsland.csproj::TargetFramework=net10.0]
C:\Users\Administrator\RiderProjects\AdvancedTimeIsland\Views\Settings\PluginSettingsPage.cs(1668,74): warning CS8604: “Task<object> FluentAvaloniaCompatibilityHelper.ShowContentDialogAsync(object dialog, TopLevel topLevel)”中的形参“topLevel”可能传入 null 引用实参。 [C:\Users\Administrator\RiderProjects\AdvancedTimeIsland\AdvancedTimeIsland.csproj::TargetFramework=net10.0]
C:\Users\Administrator\RiderProjects\AdvancedTimeIsland\Views\Main\CountdownSettingsControl.cs(1341,53): warning CS0618: “TextBox.Watermark”已过时:“Use PlaceholderText instead.” [C:\Users\Administrator\RiderProjects\AdvancedTimeIsland\AdvancedTimeIsland.csproj::TargetFramework=net10.0]
C:\Users\Administrator\RiderProjects\AdvancedTimeIsland\Views\Main\CountdownSettingsControl.cs(1455,80): warning CS8604: “Task<object> FluentAvaloniaCompatibilityHelper.ShowContentDialogAsync(object dialog, TopLevel topLevel)”中的形参“topLevel”可能传入 null 引用实参。 [C:\Users\Administrator\RiderProjects\AdvancedTimeIsland\AdvancedTimeIsland.csproj::TargetFramework=net10.0]
C:\Users\Administrator\RiderProjects\AdvancedTimeIsland\Views\Settings\hanfu_page_template.cs(1413,55): warning CS8604: “Control? HanfuPageTemplate.CreateImageControl(string url)”中的形参“url”可能传入 null 引用实参。 [C:\Users\Administrator\RiderProjects\AdvancedTimeIsland\AdvancedTimeIsland.csproj::TargetFramework=net10.0]
C:\Users\Administrator\RiderProjects\AdvancedTimeIsland\Views\Settings\hanfu_page_template.cs(1429,45): warning CS8604: “string HanfuPageTemplate.NormalizeRouteUrl(string url)”中的形参“url”可能传入 null 引用实参。 [C:\Users\Administrator\RiderProjects\AdvancedTimeIsland\AdvancedTimeIsland.csproj::TargetFramework=net10.0]
C:\Users\Administrator\RiderProjects\AdvancedTimeIsland\Views\Settings\hanfu_page_template.cs(1430,54): warning CS8604: “Span HanfuPageTemplate.CreateHyperlink(string url, string displayText, TextBlock? parentTextBlock = null)”中的形参“displayText”可能传入 null 引用实参。 [C:\Users\Administrator\RiderProjects\AdvancedTimeIsland\AdvancedTimeIsland.csproj::TargetFramework=net10.0]
C:\Users\Administrator\RiderProjects\AdvancedTimeIsland\Views\Settings\hanfu_page_template.cs(1598,13): warning CS4014: 由于此调用不会等待，因此在此调用完成之前将会继续执行当前方法。请考虑将 "await" 运算符应用于调用结果。 [C:\Users\Administrator\RiderProjects\AdvancedTimeIsland\AdvancedTimeIsland.csproj::TargetFramework=net10.0]
C:\Users\Administrator\RiderProjects\AdvancedTimeIsland\Views\Settings\hanfu_page_template.cs(1602,32): warning CS8600: 将 null 文本或可能的 null 值转换为不可为 null 类型。 [C:\Users\Administrator\RiderProjects\AdvancedTimeIsland\AdvancedTimeIsland.csproj::TargetFramework=net10.0]
C:\Users\Administrator\RiderProjects\AdvancedTimeIsland\Views\Main\PeriodicCountdownSettingsControl.cs(577,9): warning CS8602: 解引用可能出现空引用。 [C:\Users\Administrator\RiderProjects\AdvancedTimeIsland\AdvancedTimeIsland.csproj::TargetFramework=net10.0]
C:\Users\Administrator\RiderProjects\AdvancedTimeIsland\Views\Main\PeriodicCountdownSettingsControl.cs(578,9): warning CS8602: 解引用可能出现空引用。 [C:\Users\Administrator\RiderProjects\AdvancedTimeIsland\AdvancedTimeIsland.csproj::TargetFramework=net10.0]
C:\Users\Administrator\RiderProjects\AdvancedTimeIsland\Views\Main\PeriodicCountdownSettingsControl.cs(579,9): warning CS8602: 解引用可能出现空引用。 [C:\Users\Administrator\RiderProjects\AdvancedTimeIsland\AdvancedTimeIsland.csproj::TargetFramework=net10.0]
C:\Users\Administrator\RiderProjects\AdvancedTimeIsland\Views\Main\PeriodicCountdownSettingsControl.cs(580,9): warning CS8602: 解引用可能出现空引用。 [C:\Users\Administrator\RiderProjects\AdvancedTimeIsland\AdvancedTimeIsland.csproj::TargetFramework=net10.0]
C:\Users\Administrator\RiderProjects\AdvancedTimeIsland\Views\Main\PeriodicCountdownSettingsControl.cs(581,9): warning CS8602: 解引用可能出现空引用。 [C:\Users\Administrator\RiderProjects\AdvancedTimeIsland\AdvancedTimeIsland.csproj::TargetFramework=net10.0]
C:\Users\Administrator\RiderProjects\AdvancedTimeIsland\Views\Main\PeriodicCountdownSettingsControl.cs(582,9): warning CS8602: 解引用可能出现空引用。 [C:\Users\Administrator\RiderProjects\AdvancedTimeIsland\AdvancedTimeIsland.csproj::TargetFramework=net10.0]
C:\Users\Administrator\RiderProjects\AdvancedTimeIsland\Views\Main\PeriodicCountdownSettingsControl.cs(583,9): warning CS8602: 解引用可能出现空引用。 [C:\Users\Administrator\RiderProjects\AdvancedTimeIsland\AdvancedTimeIsland.csproj::TargetFramework=net10.0]
C:\Users\Administrator\RiderProjects\AdvancedTimeIsland\Views\Main\PeriodicCountdownSettingsControl.cs(584,9): warning CS8602: 解引用可能出现空引用。 [C:\Users\Administrator\RiderProjects\AdvancedTimeIsland\AdvancedTimeIsland.csproj::TargetFramework=net10.0]
C:\Users\Administrator\RiderProjects\AdvancedTimeIsland\Views\Main\PeriodicCountdownSettingsControl.cs(585,9): warning CS8602: 解引用可能出现空引用。 [C:\Users\Administrator\RiderProjects\AdvancedTimeIsland\AdvancedTimeIsland.csproj::TargetFramework=net10.0]
C:\Users\Administrator\RiderProjects\AdvancedTimeIsland\Views\Main\PeriodicCountdownSettingsControl.cs(586,9): warning CS8602: 解引用可能出现空引用。 [C:\Users\Administrator\RiderProjects\AdvancedTimeIsland\AdvancedTimeIsland.csproj::TargetFramework=net10.0]
C:\Users\Administrator\RiderProjects\AdvancedTimeIsland\Views\Main\PeriodicCountdownSettingsControl.cs(595,9): warning CS8602: 解引用可能出现空引用。 [C:\Users\Administrator\RiderProjects\AdvancedTimeIsland\AdvancedTimeIsland.csproj::TargetFramework=net10.0]
C:\Users\Administrator\RiderProjects\AdvancedTimeIsland\Views\Main\PeriodicCountdownSettingsControl.cs(596,9): warning CS8602: 解引用可能出现空引用。 [C:\Users\Administrator\RiderProjects\AdvancedTimeIsland\AdvancedTimeIsland.csproj::TargetFramework=net10.0]
C:\Users\Administrator\RiderProjects\AdvancedTimeIsland\Views\Main\LunarCountdownSettingsControl.cs(473,60): warning CS0618: “TextBox.Watermark”已过时:“Use PlaceholderText instead.” [C:\Users\Administrator\RiderProjects\AdvancedTimeIsland\AdvancedTimeIsland.csproj::TargetFramework=net10.0]
C:\Users\Administrator\RiderProjects\AdvancedTimeIsland\Views\Settings\hanfu_page_template.cs(1828,54): warning CS8604: “InlineUIContainer? HanfuPageTemplate.CreateInlineImage(string url)”中的形参“url”可能传入 null 引用实参。 [C:\Users\Administrator\RiderProjects\AdvancedTimeIsland\AdvancedTimeIsland.csproj::TargetFramework=net10.0]
C:\Users\Administrator\RiderProjects\AdvancedTimeIsland\Views\Settings\hanfu_page_template.cs(1848,45): warning CS8604: “string HanfuPageTemplate.NormalizeRouteUrl(string url)”中的形参“url”可能传入 null 引用实参。 [C:\Users\Administrator\RiderProjects\AdvancedTimeIsland\AdvancedTimeIsland.csproj::TargetFramework=net10.0]
C:\Users\Administrator\RiderProjects\AdvancedTimeIsland\Views\Settings\hanfu_page_template.cs(1849,54): warning CS8604: “Span HanfuPageTemplate.CreateHyperlink(string url, string displayText, TextBlock? parentTextBlock = null)”中的形参“displayText”可能传入 null 引用实参。 [C:\Users\Administrator\RiderProjects\AdvancedTimeIsland\AdvancedTimeIsland.csproj::TargetFramework=net10.0]
C:\Users\Administrator\RiderProjects\AdvancedTimeIsland\Views\Main\LunarCountdownSettingsControl.cs(634,13): warning CS8602: 解引用可能出现空引用。 [C:\Users\Administrator\RiderProjects\AdvancedTimeIsland\AdvancedTimeIsland.csproj::TargetFramework=net10.0]
C:\Users\Administrator\RiderProjects\AdvancedTimeIsland\Views\Main\LunarCountdownSettingsControl.cs(635,13): warning CS8602: 解引用可能出现空引用。 [C:\Users\Administrator\RiderProjects\AdvancedTimeIsland\AdvancedTimeIsland.csproj::TargetFramework=net10.0]
C:\Users\Administrator\RiderProjects\AdvancedTimeIsland\Views\Main\LunarCountdownSettingsControl.cs(636,13): warning CS8602: 解引用可能出现空引用。 [C:\Users\Administrator\RiderProjects\AdvancedTimeIsland\AdvancedTimeIsland.csproj::TargetFramework=net10.0]
C:\Users\Administrator\RiderProjects\AdvancedTimeIsland\Views\Main\LunarCountdownSettingsControl.cs(637,13): warning CS8602: 解引用可能出现空引用。 [C:\Users\Administrator\RiderProjects\AdvancedTimeIsland\AdvancedTimeIsland.csproj::TargetFramework=net10.0]
C:\Users\Administrator\RiderProjects\AdvancedTimeIsland\Views\Main\LunarCountdownSettingsControl.cs(638,13): warning CS8602: 解引用可能出现空引用。 [C:\Users\Administrator\RiderProjects\AdvancedTimeIsland\AdvancedTimeIsland.csproj::TargetFramework=net10.0]
C:\Users\Administrator\RiderProjects\AdvancedTimeIsland\Views\Main\LunarCountdownSettingsControl.cs(639,13): warning CS8602: 解引用可能出现空引用。 [C:\Users\Administrator\RiderProjects\AdvancedTimeIsland\AdvancedTimeIsland.csproj::TargetFramework=net10.0]
C:\Users\Administrator\RiderProjects\AdvancedTimeIsland\Views\Main\LunarCountdownSettingsControl.cs(768,33): warning CS0618: “TextBox.Watermark”已过时:“Use PlaceholderText instead.” [C:\Users\Administrator\RiderProjects\AdvancedTimeIsland\AdvancedTimeIsland.csproj::TargetFramework=net10.0]
C:\Users\Administrator\RiderProjects\AdvancedTimeIsland\Views\Settings\hanfu_page_template.cs(2523,29): warning CS8602: 解引用可能出现空引用。 [C:\Users\Administrator\RiderProjects\AdvancedTimeIsland\AdvancedTimeIsland.csproj::TargetFramework=net10.0]
C:\Users\Administrator\RiderProjects\AdvancedTimeIsland\Views\Settings\hanfu_page_template.cs(2525,29): warning CS8602: 解引用可能出现空引用。 [C:\Users\Administrator\RiderProjects\AdvancedTimeIsland\AdvancedTimeIsland.csproj::TargetFramework=net10.0]
C:\Users\Administrator\RiderProjects\AdvancedTimeIsland\Views\Settings\hanfu_page_template.cs(2542,21): warning CS8602: 解引用可能出现空引用。 [C:\Users\Administrator\RiderProjects\AdvancedTimeIsland\AdvancedTimeIsland.csproj::TargetFramework=net10.0]
C:\Users\Administrator\RiderProjects\AdvancedTimeIsland\Views\Settings\hanfu_page_template.cs(2570,13): warning CS8602: 解引用可能出现空引用。 [C:\Users\Administrator\RiderProjects\AdvancedTimeIsland\AdvancedTimeIsland.csproj::TargetFramework=net10.0]
C:\Users\Administrator\RiderProjects\AdvancedTimeIsland\Views\Main\PeriodicCountdownSettingsControl.cs(1116,78): warning CS8604: “Task<object> FluentAvaloniaCompatibilityHelper.ShowContentDialogAsync(object dialog, TopLevel topLevel)”中的形参“topLevel”可能传入 null 引用实参。 [C:\Users\Administrator\RiderProjects\AdvancedTimeIsland\AdvancedTimeIsland.csproj::TargetFramework=net10.0]
C:\Users\Administrator\RiderProjects\AdvancedTimeIsland\Views\Settings\hanfu_page_template.cs(2830,39): warning CS8629: 可为 null 的值类型可为 null。 [C:\Users\Administrator\RiderProjects\AdvancedTimeIsland\AdvancedTimeIsland.csproj::TargetFramework=net10.0]
C:\Users\Administrator\RiderProjects\AdvancedTimeIsland\Views\Settings\hanfu_page_template.cs(2841,40): warning CS8629: 可为 null 的值类型可为 null。 [C:\Users\Administrator\RiderProjects\AdvancedTimeIsland\AdvancedTimeIsland.csproj::TargetFramework=net10.0]
C:\Users\Administrator\RiderProjects\AdvancedTimeIsland\Views\Main\LunarCountdownSettingsControl.cs(1070,9): warning CS8602: 解引用可能出现空引用。 [C:\Users\Administrator\RiderProjects\AdvancedTimeIsland\AdvancedTimeIsland.csproj::TargetFramework=net10.0]
C:\Users\Administrator\RiderProjects\AdvancedTimeIsland\Views\Main\LunarCountdownSettingsControl.cs(1071,9): warning CS8602: 解引用可能出现空引用。 [C:\Users\Administrator\RiderProjects\AdvancedTimeIsland\AdvancedTimeIsland.csproj::TargetFramework=net10.0]
C:\Users\Administrator\RiderProjects\AdvancedTimeIsland\Views\Main\LunarCountdownSettingsControl.cs(1072,9): warning CS8602: 解引用可能出现空引用。 [C:\Users\Administrator\RiderProjects\AdvancedTimeIsland\AdvancedTimeIsland.csproj::TargetFramework=net10.0]
C:\Users\Administrator\RiderProjects\AdvancedTimeIsland\Views\Main\LunarCountdownSettingsControl.cs(1073,9): warning CS8602: 解引用可能出现空引用。 [C:\Users\Administrator\RiderProjects\AdvancedTimeIsland\AdvancedTimeIsland.csproj::TargetFramework=net10.0]
C:\Users\Administrator\RiderProjects\AdvancedTimeIsland\Views\Main\LunarCountdownSettingsControl.cs(1074,9): warning CS8602: 解引用可能出现空引用。 [C:\Users\Administrator\RiderProjects\AdvancedTimeIsland\AdvancedTimeIsland.csproj::TargetFramework=net10.0]
C:\Users\Administrator\RiderProjects\AdvancedTimeIsland\Views\Main\LunarCountdownSettingsControl.cs(1075,9): warning CS8602: 解引用可能出现空引用。 [C:\Users\Administrator\RiderProjects\AdvancedTimeIsland\AdvancedTimeIsland.csproj::TargetFramework=net10.0]
C:\Users\Administrator\RiderProjects\AdvancedTimeIsland\Views\Main\LunarCountdownSettingsControl.cs(1076,9): warning CS8602: 解引用可能出现空引用。 [C:\Users\Administrator\RiderProjects\AdvancedTimeIsland\AdvancedTimeIsland.csproj::TargetFramework=net10.0]
C:\Users\Administrator\RiderProjects\AdvancedTimeIsland\Views\Main\LunarCountdownSettingsControl.cs(1077,9): warning CS8602: 解引用可能出现空引用。 [C:\Users\Administrator\RiderProjects\AdvancedTimeIsland\AdvancedTimeIsland.csproj::TargetFramework=net10.0]
C:\Users\Administrator\RiderProjects\AdvancedTimeIsland\Views\Main\LunarCountdownSettingsControl.cs(1078,9): warning CS8602: 解引用可能出现空引用。 [C:\Users\Administrator\RiderProjects\AdvancedTimeIsland\AdvancedTimeIsland.csproj::TargetFramework=net10.0]
C:\Users\Administrator\RiderProjects\AdvancedTimeIsland\Views\Main\LunarCountdownSettingsControl.cs(1079,9): warning CS8602: 解引用可能出现空引用。 [C:\Users\Administrator\RiderProjects\AdvancedTimeIsland\AdvancedTimeIsland.csproj::TargetFramework=net10.0]
C:\Users\Administrator\RiderProjects\AdvancedTimeIsland\Views\Main\LunarCountdownSettingsControl.cs(1088,9): warning CS8602: 解引用可能出现空引用。 [C:\Users\Administrator\RiderProjects\AdvancedTimeIsland\AdvancedTimeIsland.csproj::TargetFramework=net10.0]
C:\Users\Administrator\RiderProjects\AdvancedTimeIsland\Views\Main\LunarCountdownSettingsControl.cs(1089,9): warning CS8602: 解引用可能出现空引用。 [C:\Users\Administrator\RiderProjects\AdvancedTimeIsland\AdvancedTimeIsland.csproj::TargetFramework=net10.0]
C:\Users\Administrator\RiderProjects\AdvancedTimeIsland\Views\Main\LunarCountdownSettingsControl.cs(1145,9): warning CS8602: 解引用可能出现空引用。 [C:\Users\Administrator\RiderProjects\AdvancedTimeIsland\AdvancedTimeIsland.csproj::TargetFramework=net10.0]
C:\Users\Administrator\RiderProjects\AdvancedTimeIsland\Views\Main\LunarCountdownSettingsControl.cs(1146,9): warning CS8602: 解引用可能出现空引用。 [C:\Users\Administrator\RiderProjects\AdvancedTimeIsland\AdvancedTimeIsland.csproj::TargetFramework=net10.0]
C:\Users\Administrator\RiderProjects\AdvancedTimeIsland\Views\Main\LunarCountdownSettingsControl.cs(1147,9): warning CS8602: 解引用可能出现空引用。 [C:\Users\Administrator\RiderProjects\AdvancedTimeIsland\AdvancedTimeIsland.csproj::TargetFramework=net10.0]
C:\Users\Administrator\RiderProjects\AdvancedTimeIsland\Views\Main\LunarCountdownSettingsControl.cs(1148,9): warning CS8602: 解引用可能出现空引用。 [C:\Users\Administrator\RiderProjects\AdvancedTimeIsland\AdvancedTimeIsland.csproj::TargetFramework=net10.0]
C:\Users\Administrator\RiderProjects\AdvancedTimeIsland\Views\Main\LunarCountdownSettingsControl.cs(1149,9): warning CS8602: 解引用可能出现空引用。 [C:\Users\Administrator\RiderProjects\AdvancedTimeIsland\AdvancedTimeIsland.csproj::TargetFramework=net10.0]
C:\Users\Administrator\RiderProjects\AdvancedTimeIsland\Views\Main\LunarCountdownSettingsControl.cs(1150,9): warning CS8602: 解引用可能出现空引用。 [C:\Users\Administrator\RiderProjects\AdvancedTimeIsland\AdvancedTimeIsland.csproj::TargetFramework=net10.0]
C:\Users\Administrator\RiderProjects\AdvancedTimeIsland\Views\Main\LunarCountdownSettingsControl.cs(1151,9): warning CS8602: 解引用可能出现空引用。 [C:\Users\Administrator\RiderProjects\AdvancedTimeIsland\AdvancedTimeIsland.csproj::TargetFramework=net10.0]
C:\Users\Administrator\RiderProjects\AdvancedTimeIsland\Views\Main\LunarCountdownSettingsControl.cs(1152,9): warning CS8602: 解引用可能出现空引用。 [C:\Users\Administrator\RiderProjects\AdvancedTimeIsland\AdvancedTimeIsland.csproj::TargetFramework=net10.0]
C:\Users\Administrator\RiderProjects\AdvancedTimeIsland\Views\Main\LunarCountdownSettingsControl.cs(1153,9): warning CS8602: 解引用可能出现空引用。 [C:\Users\Administrator\RiderProjects\AdvancedTimeIsland\AdvancedTimeIsland.csproj::TargetFramework=net10.0]
C:\Users\Administrator\RiderProjects\AdvancedTimeIsland\Views\Main\LunarCountdownSettingsControl.cs(1154,9): warning CS8602: 解引用可能出现空引用。 [C:\Users\Administrator\RiderProjects\AdvancedTimeIsland\AdvancedTimeIsland.csproj::TargetFramework=net10.0]
C:\Users\Administrator\RiderProjects\AdvancedTimeIsland\Views\Settings\hanfu_page_template.cs(2937,32): warning CS8600: 将 null 文本或可能的 null 值转换为不可为 null 类型。 [C:\Users\Administrator\RiderProjects\AdvancedTimeIsland\AdvancedTimeIsland.csproj::TargetFramework=net10.0]
C:\Users\Administrator\RiderProjects\AdvancedTimeIsland\Views\Settings\hanfu_page_template.cs(3053,28): warning CS8600: 将 null 文本或可能的 null 值转换为不可为 null 类型。 [C:\Users\Administrator\RiderProjects\AdvancedTimeIsland\AdvancedTimeIsland.csproj::TargetFramework=net10.0]
C:\Users\Administrator\RiderProjects\AdvancedTimeIsland\Views\Main\LunarCountdownSettingsControl.cs(1698,58): warning CS0618: “TextBox.Watermark”已过时:“Use PlaceholderText instead.” [C:\Users\Administrator\RiderProjects\AdvancedTimeIsland\AdvancedTimeIsland.csproj::TargetFramework=net10.0]
C:\Users\Administrator\RiderProjects\AdvancedTimeIsland\Views\Main\LunarCountdownSettingsControl.cs(1932,78): warning CS8604: “Task<object> FluentAvaloniaCompatibilityHelper.ShowContentDialogAsync(object dialog, TopLevel topLevel)”中的形参“topLevel”可能传入 null 引用实参。 [C:\Users\Administrator\RiderProjects\AdvancedTimeIsland\AdvancedTimeIsland.csproj::TargetFramework=net10.0]
C:\Users\Administrator\RiderProjects\AdvancedTimeIsland\Views\Settings\AboutPage.cs(57,30): warning CS0649: 从未对字段“AboutPage._infoRowLabelTextBlocks”赋值，字段将一直保持其默认值 null [C:\Users\Administrator\RiderProjects\AdvancedTimeIsland\AdvancedTimeIsland.csproj::TargetFramework=net10.0]
C:\Users\Administrator\RiderProjects\AdvancedTimeIsland\Views\Settings\AboutPage.cs(58,30): warning CS0649: 从未对字段“AboutPage._infoRowValueTextBlocks”赋值，字段将一直保持其默认值 null [C:\Users\Administrator\RiderProjects\AdvancedTimeIsland\AdvancedTimeIsland.csproj::TargetFramework=net10.0]
C:\Users\Administrator\RiderProjects\AdvancedTimeIsland\Views\Settings\GlossaryPage.cs(22,27): warning CS0649: 从未对字段“GlossaryPage._separatorBorders”赋值，字段将一直保持其默认值 null [C:\Users\Administrator\RiderProjects\AdvancedTimeIsland\AdvancedTimeIsland.csproj::TargetFramework=net10.0]
C:\Users\Administrator\RiderProjects\AdvancedTimeIsland\Views\Main\AdvancedDateControl.cs(29,18): warning CS0414: 字段“AdvancedDateControl._isDisposed”已被赋值，但从未使用过它的值 [C:\Users\Administrator\RiderProjects\AdvancedTimeIsland\AdvancedTimeIsland.csproj::TargetFramework=net10.0]
C:\Users\Administrator\RiderProjects\AdvancedTimeIsland\Views\Main\SunriseSunsetControl.cs(31,18): warning CS0414: 字段“SunriseSunsetControl._isDisposed”已被赋值，但从未使用过它的值 [C:\Users\Administrator\RiderProjects\AdvancedTimeIsland\AdvancedTimeIsland.csproj::TargetFramework=net10.0]
C:\Users\Administrator\RiderProjects\AdvancedTimeIsland\Helpers\CrossPluginHelper.cs(71,32): warning CA1416: 可在所有平台上访问此调用站点。"EventWaitHandle.OpenExisting(string)" 仅在 'windows' 上受支持。 (https://learn.microsoft.com/dotnet/fundamentals/code-analysis/quality-rules/ca1416) [C:\Users\Administrator\RiderProjects\AdvancedTimeIsland\AdvancedTimeIsland.csproj::TargetFramework=net10.0]
  AdvancedTimeIsland -> C:\Users\Administrator\RiderProjects\AdvancedTimeIsland\bin\Debug\net10.0\AdvancedTimeIsland.dll

生成失败。

C:\Users\Administrator\RiderProjects\AdvancedTimeIsland\ViewModels\Main\AdvancedDateViewModel.cs(25,46): warning CS8625: 无法将 null 字面量转换为非 null 的引用类型。 [C:\Users\Administrator\RiderProjects\AdvancedTimeIsland\AdvancedTimeIsland.csproj::TargetFramework=net10.0]
C:\Users\Administrator\RiderProjects\AdvancedTimeIsland\ViewModels\Main\AdvancedDateViewModel.cs(25,88): warning CS8625: 无法将 null 字面量转换为非 null 的引用类型。 [C:\Users\Administrator\RiderProjects\AdvancedTimeIsland\AdvancedTimeIsland.csproj::TargetFramework=net10.0]
C:\Users\Administrator\RiderProjects\AdvancedTimeIsland\ViewModels\Main\AdvancedDateViewModel.cs(26,49): warning CS8625: 无法将 null 字面量转换为非 null 的引用类型。 [C:\Users\Administrator\RiderProjects\AdvancedTimeIsland\AdvancedTimeIsland.csproj::TargetFramework=net10.0]
C:\Users\Administrator\RiderProjects\AdvancedTimeIsland\ViewModels\Main\AdvancedDateViewModel.cs(26,94): warning CS8625: 无法将 null 字面量转换为非 null 的引用类型。 [C:\Users\Administrator\RiderProjects\AdvancedTimeIsland\AdvancedTimeIsland.csproj::TargetFramework=net10.0]
C:\Users\Administrator\RiderProjects\AdvancedTimeIsland\ViewModels\Main\CountdownViewModel.cs(157,51): warning CS8625: 无法将 null 字面量转换为非 null 的引用类型。 [C:\Users\Administrator\RiderProjects\AdvancedTimeIsland\AdvancedTimeIsland.csproj::TargetFramework=net10.0]
C:\Users\Administrator\RiderProjects\AdvancedTimeIsland\ViewModels\Main\CountdownViewModel.cs(158,51): warning CS8625: 无法将 null 字面量转换为非 null 的引用类型。 [C:\Users\Administrator\RiderProjects\AdvancedTimeIsland\AdvancedTimeIsland.csproj::TargetFramework=net10.0]
C:\Users\Administrator\RiderProjects\AdvancedTimeIsland\ViewModels\Main\CountdownViewModel.cs(159,51): warning CS8625: 无法将 null 字面量转换为非 null 的引用类型。 [C:\Users\Administrator\RiderProjects\AdvancedTimeIsland\AdvancedTimeIsland.csproj::TargetFramework=net10.0]
C:\Users\Administrator\RiderProjects\AdvancedTimeIsland\ViewModels\Main\CountdownViewModel.cs(160,50): warning CS8625: 无法将 null 字面量转换为非 null 的引用类型。 [C:\Users\Administrator\RiderProjects\AdvancedTimeIsland\AdvancedTimeIsland.csproj::TargetFramework=net10.0]
C:\Users\Administrator\RiderProjects\AdvancedTimeIsland\ViewModels\Main\CountdownViewModel.cs(161,51): warning CS8625: 无法将 null 字面量转换为非 null 的引用类型。 [C:\Users\Administrator\RiderProjects\AdvancedTimeIsland\AdvancedTimeIsland.csproj::TargetFramework=net10.0]
C:\Users\Administrator\RiderProjects\AdvancedTimeIsland\ViewModels\Main\DayYiJiViewModel.cs(30,49): warning CS8625: 无法将 null 字面量转换为非 null 的引用类型。 [C:\Users\Administrator\RiderProjects\AdvancedTimeIsland\AdvancedTimeIsland.csproj::TargetFramework=net10.0]
C:\Users\Administrator\RiderProjects\AdvancedTimeIsland\ViewModels\Main\DayYiJiViewModel.cs(30,95): warning CS8625: 无法将 null 字面量转换为非 null 的引用类型。 [C:\Users\Administrator\RiderProjects\AdvancedTimeIsland\AdvancedTimeIsland.csproj::TargetFramework=net10.0]
C:\Users\Administrator\RiderProjects\AdvancedTimeIsland\ViewModels\Main\DayYiJiViewModel.cs(31,48): warning CS8625: 无法将 null 字面量转换为非 null 的引用类型。 [C:\Users\Administrator\RiderProjects\AdvancedTimeIsland\AdvancedTimeIsland.csproj::TargetFramework=net10.0]
C:\Users\Administrator\RiderProjects\AdvancedTimeIsland\ViewModels\Main\DayYiJiViewModel.cs(31,93): warning CS8625: 无法将 null 字面量转换为非 null 的引用类型。 [C:\Users\Administrator\RiderProjects\AdvancedTimeIsland\AdvancedTimeIsland.csproj::TargetFramework=net10.0]
C:\Users\Administrator\RiderProjects\AdvancedTimeIsland\ViewModels\Main\DayYiJiViewModel.cs(32,48): warning CS8625: 无法将 null 字面量转换为非 null 的引用类型。 [C:\Users\Administrator\RiderProjects\AdvancedTimeIsland\AdvancedTimeIsland.csproj::TargetFramework=net10.0]
C:\Users\Administrator\RiderProjects\AdvancedTimeIsland\ViewModels\Main\DayYiJiViewModel.cs(32,93): warning CS8625: 无法将 null 字面量转换为非 null 的引用类型。 [C:\Users\Administrator\RiderProjects\AdvancedTimeIsland\AdvancedTimeIsland.csproj::TargetFramework=net10.0]
C:\Users\Administrator\RiderProjects\AdvancedTimeIsland\ViewModels\Main\FestivalViewModel.cs(28,47): warning CS8625: 无法将 null 字面量转换为非 null 的引用类型。 [C:\Users\Administrator\RiderProjects\AdvancedTimeIsland\AdvancedTimeIsland.csproj::TargetFramework=net10.0]
C:\Users\Administrator\RiderProjects\AdvancedTimeIsland\ViewModels\Main\FestivalViewModel.cs(28,90): warning CS8625: 无法将 null 字面量转换为非 null 的引用类型。 [C:\Users\Administrator\RiderProjects\AdvancedTimeIsland\AdvancedTimeIsland.csproj::TargetFramework=net10.0]
C:\Users\Administrator\RiderProjects\AdvancedTimeIsland\ViewModels\Main\FestivalViewModel.cs(29,47): warning CS8625: 无法将 null 字面量转换为非 null 的引用类型。 [C:\Users\Administrator\RiderProjects\AdvancedTimeIsland\AdvancedTimeIsland.csproj::TargetFramework=net10.0]
C:\Users\Administrator\RiderProjects\AdvancedTimeIsland\ViewModels\Main\FestivalViewModel.cs(29,90): warning CS8625: 无法将 null 字面量转换为非 null 的引用类型。 [C:\Users\Administrator\RiderProjects\AdvancedTimeIsland\AdvancedTimeIsland.csproj::TargetFramework=net10.0]
C:\Users\Administrator\RiderProjects\AdvancedTimeIsland\ViewModels\Main\ForwardTimerViewModel.cs(110,51): warning CS8625: 无法将 null 字面量转换为非 null 的引用类型。 [C:\Users\Administrator\RiderProjects\AdvancedTimeIsland\AdvancedTimeIsland.csproj::TargetFramework=net10.0]
C:\Users\Administrator\RiderProjects\AdvancedTimeIsland\ViewModels\Main\ForwardTimerViewModel.cs(111,50): warning CS8625: 无法将 null 字面量转换为非 null 的引用类型。 [C:\Users\Administrator\RiderProjects\AdvancedTimeIsland\AdvancedTimeIsland.csproj::TargetFramework=net10.0]
C:\Users\Administrator\RiderProjects\AdvancedTimeIsland\ViewModels\Main\ForwardTimerViewModel.cs(112,51): warning CS8625: 无法将 null 字面量转换为非 null 的引用类型。 [C:\Users\Administrator\RiderProjects\AdvancedTimeIsland\AdvancedTimeIsland.csproj::TargetFramework=net10.0]
C:\Users\Administrator\RiderProjects\AdvancedTimeIsland\ViewModels\Main\ForwardTimerViewModel.cs(113,50): warning CS8625: 无法将 null 字面量转换为非 null 的引用类型。 [C:\Users\Administrator\RiderProjects\AdvancedTimeIsland\AdvancedTimeIsland.csproj::TargetFramework=net10.0]
C:\Users\Administrator\RiderProjects\AdvancedTimeIsland\ViewModels\Main\ForwardTimerViewModel.cs(114,51): warning CS8625: 无法将 null 字面量转换为非 null 的引用类型。 [C:\Users\Administrator\RiderProjects\AdvancedTimeIsland\AdvancedTimeIsland.csproj::TargetFramework=net10.0]
C:\Users\Administrator\RiderProjects\AdvancedTimeIsland\ViewModels\Main\JieQiViewModel.cs(29,47): warning CS8625: 无法将 null 字面量转换为非 null 的引用类型。 [C:\Users\Administrator\RiderProjects\AdvancedTimeIsland\AdvancedTimeIsland.csproj::TargetFramework=net10.0]
C:\Users\Administrator\RiderProjects\AdvancedTimeIsland\ViewModels\Main\JieQiViewModel.cs(29,90): warning CS8625: 无法将 null 字面量转换为非 null 的引用类型。 [C:\Users\Administrator\RiderProjects\AdvancedTimeIsland\AdvancedTimeIsland.csproj::TargetFramework=net10.0]
C:\Users\Administrator\RiderProjects\AdvancedTimeIsland\ViewModels\Main\JieQiViewModel.cs(30,47): warning CS8625: 无法将 null 字面量转换为非 null 的引用类型。 [C:\Users\Administrator\RiderProjects\AdvancedTimeIsland\AdvancedTimeIsland.csproj::TargetFramework=net10.0]
C:\Users\Administrator\RiderProjects\AdvancedTimeIsland\ViewModels\Main\JieQiViewModel.cs(30,90): warning CS8625: 无法将 null 字面量转换为非 null 的引用类型。 [C:\Users\Administrator\RiderProjects\AdvancedTimeIsland\AdvancedTimeIsland.csproj::TargetFramework=net10.0]
C:\Users\Administrator\RiderProjects\AdvancedTimeIsland\ViewModels\Main\LocalSolarTimeViewModel.cs(21,135): warning CS8625: 无法将 null 字面量转换为非 null 的引用类型。 [C:\Users\Administrator\RiderProjects\AdvancedTimeIsland\AdvancedTimeIsland.csproj::TargetFramework=net10.0]
C:\Users\Administrator\RiderProjects\AdvancedTimeIsland\ViewModels\Main\LocalSolarTimeViewModel.cs(21,173): warning CS8625: 无法将 null 字面量转换为非 null 的引用类型。 [C:\Users\Administrator\RiderProjects\AdvancedTimeIsland\AdvancedTimeIsland.csproj::TargetFramework=net10.0]
C:\Users\Administrator\RiderProjects\AdvancedTimeIsland\ViewModels\Main\LunarCountdownViewModel.cs(156,51): warning CS8625: 无法将 null 字面量转换为非 null 的引用类型。 [C:\Users\Administrator\RiderProjects\AdvancedTimeIsland\AdvancedTimeIsland.csproj::TargetFramework=net10.0]
C:\Users\Administrator\RiderProjects\AdvancedTimeIsland\ViewModels\Main\LunarCountdownViewModel.cs(157,50): warning CS8625: 无法将 null 字面量转换为非 null 的引用类型。 [C:\Users\Administrator\RiderProjects\AdvancedTimeIsland\AdvancedTimeIsland.csproj::TargetFramework=net10.0]
C:\Users\Administrator\RiderProjects\AdvancedTimeIsland\ViewModels\Main\LunarCountdownViewModel.cs(158,51): warning CS8625: 无法将 null 字面量转换为非 null 的引用类型。 [C:\Users\Administrator\RiderProjects\AdvancedTimeIsland\AdvancedTimeIsland.csproj::TargetFramework=net10.0]
C:\Users\Administrator\RiderProjects\AdvancedTimeIsland\ViewModels\Main\LunarCountdownViewModel.cs(159,50): warning CS8625: 无法将 null 字面量转换为非 null 的引用类型。 [C:\Users\Administrator\RiderProjects\AdvancedTimeIsland\AdvancedTimeIsland.csproj::TargetFramework=net10.0]
C:\Users\Administrator\RiderProjects\AdvancedTimeIsland\ViewModels\Main\LunarCountdownViewModel.cs(160,51): warning CS8625: 无法将 null 字面量转换为非 null 的引用类型。 [C:\Users\Administrator\RiderProjects\AdvancedTimeIsland\AdvancedTimeIsland.csproj::TargetFramework=net10.0]
C:\Users\Administrator\RiderProjects\AdvancedTimeIsland\ViewModels\Main\NextFestivalCountdownViewModel.cs(38,47): warning CS8625: 无法将 null 字面量转换为非 null 的引用类型。 [C:\Users\Administrator\RiderProjects\AdvancedTimeIsland\AdvancedTimeIsland.csproj::TargetFramework=net10.0]
C:\Users\Administrator\RiderProjects\AdvancedTimeIsland\ViewModels\Main\NextFestivalCountdownViewModel.cs(38,90): warning CS8625: 无法将 null 字面量转换为非 null 的引用类型。 [C:\Users\Administrator\RiderProjects\AdvancedTimeIsland\AdvancedTimeIsland.csproj::TargetFramework=net10.0]
C:\Users\Administrator\RiderProjects\AdvancedTimeIsland\ViewModels\Main\NextFestivalCountdownViewModel.cs(39,46): warning CS8625: 无法将 null 字面量转换为非 null 的引用类型。 [C:\Users\Administrator\RiderProjects\AdvancedTimeIsland\AdvancedTimeIsland.csproj::TargetFramework=net10.0]
C:\Users\Administrator\RiderProjects\AdvancedTimeIsland\ViewModels\Main\NextFestivalCountdownViewModel.cs(39,88): warning CS8625: 无法将 null 字面量转换为非 null 的引用类型。 [C:\Users\Administrator\RiderProjects\AdvancedTimeIsland\AdvancedTimeIsland.csproj::TargetFramework=net10.0]
C:\Users\Administrator\RiderProjects\AdvancedTimeIsland\ViewModels\Main\NextFestivalCountdownViewModel.cs(40,47): warning CS8625: 无法将 null 字面量转换为非 null 的引用类型。 [C:\Users\Administrator\RiderProjects\AdvancedTimeIsland\AdvancedTimeIsland.csproj::TargetFramework=net10.0]
C:\Users\Administrator\RiderProjects\AdvancedTimeIsland\ViewModels\Main\NextFestivalCountdownViewModel.cs(40,90): warning CS8625: 无法将 null 字面量转换为非 null 的引用类型。 [C:\Users\Administrator\RiderProjects\AdvancedTimeIsland\AdvancedTimeIsland.csproj::TargetFramework=net10.0]
C:\Users\Administrator\RiderProjects\AdvancedTimeIsland\ViewModels\Main\NextFestivalCountdownViewModel.cs(41,46): warning CS8625: 无法将 null 字面量转换为非 null 的引用类型。 [C:\Users\Administrator\RiderProjects\AdvancedTimeIsland\AdvancedTimeIsland.csproj::TargetFramework=net10.0]
C:\Users\Administrator\RiderProjects\AdvancedTimeIsland\ViewModels\Main\NextFestivalCountdownViewModel.cs(41,88): warning CS8625: 无法将 null 字面量转换为非 null 的引用类型。 [C:\Users\Administrator\RiderProjects\AdvancedTimeIsland\AdvancedTimeIsland.csproj::TargetFramework=net10.0]
C:\Users\Administrator\RiderProjects\AdvancedTimeIsland\ViewModels\Main\NextXingZuoCountdownViewModel.cs(37,47): warning CS8625: 无法将 null 字面量转换为非 null 的引用类型。 [C:\Users\Administrator\RiderProjects\AdvancedTimeIsland\AdvancedTimeIsland.csproj::TargetFramework=net10.0]
C:\Users\Administrator\RiderProjects\AdvancedTimeIsland\ViewModels\Main\NextXingZuoCountdownViewModel.cs(37,90): warning CS8625: 无法将 null 字面量转换为非 null 的引用类型。 [C:\Users\Administrator\RiderProjects\AdvancedTimeIsland\AdvancedTimeIsland.csproj::TargetFramework=net10.0]
C:\Users\Administrator\RiderProjects\AdvancedTimeIsland\ViewModels\Main\NextXingZuoCountdownViewModel.cs(38,46): warning CS8625: 无法将 null 字面量转换为非 null 的引用类型。 [C:\Users\Administrator\RiderProjects\AdvancedTimeIsland\AdvancedTimeIsland.csproj::TargetFramework=net10.0]
C:\Users\Administrator\RiderProjects\AdvancedTimeIsland\ViewModels\Main\NextXingZuoCountdownViewModel.cs(38,88): warning CS8625: 无法将 null 字面量转换为非 null 的引用类型。 [C:\Users\Administrator\RiderProjects\AdvancedTimeIsland\AdvancedTimeIsland.csproj::TargetFramework=net10.0]
C:\Users\Administrator\RiderProjects\AdvancedTimeIsland\ViewModels\Main\NextXingZuoCountdownViewModel.cs(39,47): warning CS8625: 无法将 null 字面量转换为非 null 的引用类型。 [C:\Users\Administrator\RiderProjects\AdvancedTimeIsland\AdvancedTimeIsland.csproj::TargetFramework=net10.0]
C:\Users\Administrator\RiderProjects\AdvancedTimeIsland\ViewModels\Main\NextXingZuoCountdownViewModel.cs(39,90): warning CS8625: 无法将 null 字面量转换为非 null 的引用类型。 [C:\Users\Administrator\RiderProjects\AdvancedTimeIsland\AdvancedTimeIsland.csproj::TargetFramework=net10.0]
C:\Users\Administrator\RiderProjects\AdvancedTimeIsland\ViewModels\Main\NextXingZuoCountdownViewModel.cs(40,46): warning CS8625: 无法将 null 字面量转换为非 null 的引用类型。 [C:\Users\Administrator\RiderProjects\AdvancedTimeIsland\AdvancedTimeIsland.csproj::TargetFramework=net10.0]
C:\Users\Administrator\RiderProjects\AdvancedTimeIsland\ViewModels\Main\NextXingZuoCountdownViewModel.cs(40,88): warning CS8625: 无法将 null 字面量转换为非 null 的引用类型。 [C:\Users\Administrator\RiderProjects\AdvancedTimeIsland\AdvancedTimeIsland.csproj::TargetFramework=net10.0]
C:\Users\Administrator\RiderProjects\AdvancedTimeIsland\ViewModels\Main\NextJieQiCountdownViewModel.cs(38,47): warning CS8625: 无法将 null 字面量转换为非 null 的引用类型。 [C:\Users\Administrator\RiderProjects\AdvancedTimeIsland\AdvancedTimeIsland.csproj::TargetFramework=net10.0]
C:\Users\Administrator\RiderProjects\AdvancedTimeIsland\ViewModels\Main\NextJieQiCountdownViewModel.cs(38,90): warning CS8625: 无法将 null 字面量转换为非 null 的引用类型。 [C:\Users\Administrator\RiderProjects\AdvancedTimeIsland\AdvancedTimeIsland.csproj::TargetFramework=net10.0]
C:\Users\Administrator\RiderProjects\AdvancedTimeIsland\ViewModels\Main\NextJieQiCountdownViewModel.cs(39,46): warning CS8625: 无法将 null 字面量转换为非 null 的引用类型。 [C:\Users\Administrator\RiderProjects\AdvancedTimeIsland\AdvancedTimeIsland.csproj::TargetFramework=net10.0]
C:\Users\Administrator\RiderProjects\AdvancedTimeIsland\ViewModels\Main\NextJieQiCountdownViewModel.cs(39,88): warning CS8625: 无法将 null 字面量转换为非 null 的引用类型。 [C:\Users\Administrator\RiderProjects\AdvancedTimeIsland\AdvancedTimeIsland.csproj::TargetFramework=net10.0]
C:\Users\Administrator\RiderProjects\AdvancedTimeIsland\ViewModels\Main\NextJieQiCountdownViewModel.cs(40,47): warning CS8625: 无法将 null 字面量转换为非 null 的引用类型。 [C:\Users\Administrator\RiderProjects\AdvancedTimeIsland\AdvancedTimeIsland.csproj::TargetFramework=net10.0]
C:\Users\Administrator\RiderProjects\AdvancedTimeIsland\ViewModels\Main\NextJieQiCountdownViewModel.cs(40,90): warning CS8625: 无法将 null 字面量转换为非 null 的引用类型。 [C:\Users\Administrator\RiderProjects\AdvancedTimeIsland\AdvancedTimeIsland.csproj::TargetFramework=net10.0]
C:\Users\Administrator\RiderProjects\AdvancedTimeIsland\ViewModels\Main\NextJieQiCountdownViewModel.cs(41,46): warning CS8625: 无法将 null 字面量转换为非 null 的引用类型。 [C:\Users\Administrator\RiderProjects\AdvancedTimeIsland\AdvancedTimeIsland.csproj::TargetFramework=net10.0]
C:\Users\Administrator\RiderProjects\AdvancedTimeIsland\ViewModels\Main\NextJieQiCountdownViewModel.cs(41,88): warning CS8625: 无法将 null 字面量转换为非 null 的引用类型。 [C:\Users\Administrator\RiderProjects\AdvancedTimeIsland\AdvancedTimeIsland.csproj::TargetFramework=net10.0]
C:\Users\Administrator\RiderProjects\AdvancedTimeIsland\ViewModels\Main\PeriodicCountdownViewModel.cs(156,51): warning CS8625: 无法将 null 字面量转换为非 null 的引用类型。 [C:\Users\Administrator\RiderProjects\AdvancedTimeIsland\AdvancedTimeIsland.csproj::TargetFramework=net10.0]
C:\Users\Administrator\RiderProjects\AdvancedTimeIsland\ViewModels\Main\PeriodicCountdownViewModel.cs(157,51): warning CS8625: 无法将 null 字面量转换为非 null 的引用类型。 [C:\Users\Administrator\RiderProjects\AdvancedTimeIsland\AdvancedTimeIsland.csproj::TargetFramework=net10.0]
C:\Users\Administrator\RiderProjects\AdvancedTimeIsland\ViewModels\Main\PeriodicCountdownViewModel.cs(158,51): warning CS8625: 无法将 null 字面量转换为非 null 的引用类型。 [C:\Users\Administrator\RiderProjects\AdvancedTimeIsland\AdvancedTimeIsland.csproj::TargetFramework=net10.0]
C:\Users\Administrator\RiderProjects\AdvancedTimeIsland\ViewModels\Main\PeriodicCountdownViewModel.cs(159,50): warning CS8625: 无法将 null 字面量转换为非 null 的引用类型。 [C:\Users\Administrator\RiderProjects\AdvancedTimeIsland\AdvancedTimeIsland.csproj::TargetFramework=net10.0]
C:\Users\Administrator\RiderProjects\AdvancedTimeIsland\ViewModels\Main\PeriodicCountdownViewModel.cs(160,51): warning CS8625: 无法将 null 字面量转换为非 null 的引用类型。 [C:\Users\Administrator\RiderProjects\AdvancedTimeIsland\AdvancedTimeIsland.csproj::TargetFramework=net10.0]
C:\Users\Administrator\RiderProjects\AdvancedTimeIsland\ViewModels\Main\ShengXiaoViewModel.cs(27,47): warning CS8625: 无法将 null 字面量转换为非 null 的引用类型。 [C:\Users\Administrator\RiderProjects\AdvancedTimeIsland\AdvancedTimeIsland.csproj::TargetFramework=net10.0]
C:\Users\Administrator\RiderProjects\AdvancedTimeIsland\ViewModels\Main\ShengXiaoViewModel.cs(27,90): warning CS8625: 无法将 null 字面量转换为非 null 的引用类型。 [C:\Users\Administrator\RiderProjects\AdvancedTimeIsland\AdvancedTimeIsland.csproj::TargetFramework=net10.0]
C:\Users\Administrator\RiderProjects\AdvancedTimeIsland\ViewModels\Main\ShengXiaoViewModel.cs(28,47): warning CS8625: 无法将 null 字面量转换为非 null 的引用类型。 [C:\Users\Administrator\RiderProjects\AdvancedTimeIsland\AdvancedTimeIsland.csproj::TargetFramework=net10.0]
C:\Users\Administrator\RiderProjects\AdvancedTimeIsland\ViewModels\Main\ShengXiaoViewModel.cs(28,90): warning CS8625: 无法将 null 字面量转换为非 null 的引用类型。 [C:\Users\Administrator\RiderProjects\AdvancedTimeIsland\AdvancedTimeIsland.csproj::TargetFramework=net10.0]
C:\Users\Administrator\RiderProjects\AdvancedTimeIsland\ViewModels\Main\SunriseSunsetViewModel.cs(32,58): warning CS8625: 无法将 null 字面量转换为非 null 的引用类型。 [C:\Users\Administrator\RiderProjects\AdvancedTimeIsland\AdvancedTimeIsland.csproj::TargetFramework=net10.0]
C:\Users\Administrator\RiderProjects\AdvancedTimeIsland\ViewModels\Main\SunriseSunsetViewModel.cs(33,57): warning CS8625: 无法将 null 字面量转换为非 null 的引用类型。 [C:\Users\Administrator\RiderProjects\AdvancedTimeIsland\AdvancedTimeIsland.csproj::TargetFramework=net10.0]
C:\Users\Administrator\RiderProjects\AdvancedTimeIsland\ViewModels\Main\SunriseSunsetViewModel.cs(34,57): warning CS8625: 无法将 null 字面量转换为非 null 的引用类型。 [C:\Users\Administrator\RiderProjects\AdvancedTimeIsland\AdvancedTimeIsland.csproj::TargetFramework=net10.0]
C:\Users\Administrator\RiderProjects\AdvancedTimeIsland\ViewModels\Main\SunriseSunsetViewModel.cs(35,56): warning CS8625: 无法将 null 字面量转换为非 null 的引用类型。 [C:\Users\Administrator\RiderProjects\AdvancedTimeIsland\AdvancedTimeIsland.csproj::TargetFramework=net10.0]
C:\Users\Administrator\RiderProjects\AdvancedTimeIsland\ViewModels\Main\SunriseSunsetViewModel.cs(36,57): warning CS8625: 无法将 null 字面量转换为非 null 的引用类型。 [C:\Users\Administrator\RiderProjects\AdvancedTimeIsland\AdvancedTimeIsland.csproj::TargetFramework=net10.0]
C:\Users\Administrator\RiderProjects\AdvancedTimeIsland\ViewModels\Main\SunriseSunsetViewModel.cs(37,56): warning CS8625: 无法将 null 字面量转换为非 null 的引用类型。 [C:\Users\Administrator\RiderProjects\AdvancedTimeIsland\AdvancedTimeIsland.csproj::TargetFramework=net10.0]
C:\Users\Administrator\RiderProjects\AdvancedTimeIsland\ViewModels\Main\SunriseSunsetViewModel.cs(38,56): warning CS8625: 无法将 null 字面量转换为非 null 的引用类型。 [C:\Users\Administrator\RiderProjects\AdvancedTimeIsland\AdvancedTimeIsland.csproj::TargetFramework=net10.0]
C:\Users\Administrator\RiderProjects\AdvancedTimeIsland\ViewModels\Main\SunriseSunsetViewModel.cs(39,55): warning CS8625: 无法将 null 字面量转换为非 null 的引用类型。 [C:\Users\Administrator\RiderProjects\AdvancedTimeIsland\AdvancedTimeIsland.csproj::TargetFramework=net10.0]
C:\Users\Administrator\RiderProjects\AdvancedTimeIsland\ViewModels\Main\TimeZoneTimeViewModel.cs(21,131): warning CS8625: 无法将 null 字面量转换为非 null 的引用类型。 [C:\Users\Administrator\RiderProjects\AdvancedTimeIsland\AdvancedTimeIsland.csproj::TargetFramework=net10.0]
C:\Users\Administrator\RiderProjects\AdvancedTimeIsland\ViewModels\Main\TimeZoneTimeViewModel.cs(21,169): warning CS8625: 无法将 null 字面量转换为非 null 的引用类型。 [C:\Users\Administrator\RiderProjects\AdvancedTimeIsland\AdvancedTimeIsland.csproj::TargetFramework=net10.0]
C:\Users\Administrator\RiderProjects\AdvancedTimeIsland\ViewModels\Main\TomorrowYiJiViewModel.cs(35,49): warning CS8625: 无法将 null 字面量转换为非 null 的引用类型。 [C:\Users\Administrator\RiderProjects\AdvancedTimeIsland\AdvancedTimeIsland.csproj::TargetFramework=net10.0]
C:\Users\Administrator\RiderProjects\AdvancedTimeIsland\ViewModels\Main\TomorrowYiJiViewModel.cs(35,94): warning CS8625: 无法将 null 字面量转换为非 null 的引用类型。 [C:\Users\Administrator\RiderProjects\AdvancedTimeIsland\AdvancedTimeIsland.csproj::TargetFramework=net10.0]
C:\Users\Administrator\RiderProjects\AdvancedTimeIsland\ViewModels\Main\TomorrowYiJiViewModel.cs(36,48): warning CS8625: 无法将 null 字面量转换为非 null 的引用类型。 [C:\Users\Administrator\RiderProjects\AdvancedTimeIsland\AdvancedTimeIsland.csproj::TargetFramework=net10.0]
C:\Users\Administrator\RiderProjects\AdvancedTimeIsland\ViewModels\Main\TomorrowYiJiViewModel.cs(36,94): warning CS8625: 无法将 null 字面量转换为非 null 的引用类型。 [C:\Users\Administrator\RiderProjects\AdvancedTimeIsland\AdvancedTimeIsland.csproj::TargetFramework=net10.0]
C:\Users\Administrator\RiderProjects\AdvancedTimeIsland\ViewModels\Main\TomorrowYiJiViewModel.cs(37,48): warning CS8625: 无法将 null 字面量转换为非 null 的引用类型。 [C:\Users\Administrator\RiderProjects\AdvancedTimeIsland\AdvancedTimeIsland.csproj::TargetFramework=net10.0]
C:\Users\Administrator\RiderProjects\AdvancedTimeIsland\ViewModels\Main\TomorrowYiJiViewModel.cs(37,93): warning CS8625: 无法将 null 字面量转换为非 null 的引用类型。 [C:\Users\Administrator\RiderProjects\AdvancedTimeIsland\AdvancedTimeIsland.csproj::TargetFramework=net10.0]
C:\Users\Administrator\RiderProjects\AdvancedTimeIsland\ViewModels\Main\XingZuoViewModel.cs(26,47): warning CS8625: 无法将 null 字面量转换为非 null 的引用类型。 [C:\Users\Administrator\RiderProjects\AdvancedTimeIsland\AdvancedTimeIsland.csproj::TargetFramework=net10.0]
C:\Users\Administrator\RiderProjects\AdvancedTimeIsland\ViewModels\Main\XingZuoViewModel.cs(26,90): warning CS8625: 无法将 null 字面量转换为非 null 的引用类型。 [C:\Users\Administrator\RiderProjects\AdvancedTimeIsland\AdvancedTimeIsland.csproj::TargetFramework=net10.0]
C:\Users\Administrator\RiderProjects\AdvancedTimeIsland\ViewModels\Main\XingZuoViewModel.cs(27,47): warning CS8625: 无法将 null 字面量转换为非 null 的引用类型。 [C:\Users\Administrator\RiderProjects\AdvancedTimeIsland\AdvancedTimeIsland.csproj::TargetFramework=net10.0]
C:\Users\Administrator\RiderProjects\AdvancedTimeIsland\ViewModels\Main\XingZuoViewModel.cs(27,90): warning CS8625: 无法将 null 字面量转换为非 null 的引用类型。 [C:\Users\Administrator\RiderProjects\AdvancedTimeIsland\AdvancedTimeIsland.csproj::TargetFramework=net10.0]
C:\Users\Administrator\RiderProjects\AdvancedTimeIsland\Automation\Actions\SyncTimeAction.cs(30,9): warning CS4014: 由于此调用不会等待，因此在此调用完成之前将会继续执行当前方法。请考虑将 "await" 运算符应用于调用结果。 [C:\Users\Administrator\RiderProjects\AdvancedTimeIsland\AdvancedTimeIsland.csproj::TargetFramework=net10.0]
C:\Users\Administrator\RiderProjects\AdvancedTimeIsland\Automation\Actions\SyncTimeAction.cs(15,9): warning CS4014: 由于此调用不会等待，因此在此调用完成之前将会继续执行当前方法。请考虑将 "await" 运算符应用于调用结果。 [C:\Users\Administrator\RiderProjects\AdvancedTimeIsland\AdvancedTimeIsland.csproj::TargetFramework=net10.0]
C:\Users\Administrator\RiderProjects\AdvancedTimeIsland\Views\Settings\TimeConverterPage.cs(319,9): warning CS8602: 解引用可能出现空引用。 [C:\Users\Administrator\RiderProjects\AdvancedTimeIsland\AdvancedTimeIsland.csproj::TargetFramework=net10.0]
C:\Users\Administrator\RiderProjects\AdvancedTimeIsland\Views\Settings\TimeConverterPage.cs(393,9): warning CS8602: 解引用可能出现空引用。 [C:\Users\Administrator\RiderProjects\AdvancedTimeIsland\AdvancedTimeIsland.csproj::TargetFramework=net10.0]
C:\Users\Administrator\RiderProjects\AdvancedTimeIsland\Views\Settings\TimeConverterPage.cs(546,9): warning CS8602: 解引用可能出现空引用。 [C:\Users\Administrator\RiderProjects\AdvancedTimeIsland\AdvancedTimeIsland.csproj::TargetFramework=net10.0]
C:\Users\Administrator\RiderProjects\AdvancedTimeIsland\Automation\Rules\XingZuoRuleSettingsControl.cs(12,12): warning CS8618: 在退出构造函数时，不可为 null 的 字段 "_xingZuoComboBox" 必须包含非 null 值。请考虑添加 "required" 修饰符或将该 字段 声明为可为 null。 [C:\Users\Administrator\RiderProjects\AdvancedTimeIsland\AdvancedTimeIsland.csproj::TargetFramework=net10.0]
C:\Users\Administrator\RiderProjects\AdvancedTimeIsland\Views\Settings\TimeConverterPage.cs(625,9): warning CS8602: 解引用可能出现空引用。 [C:\Users\Administrator\RiderProjects\AdvancedTimeIsland\AdvancedTimeIsland.csproj::TargetFramework=net10.0]
C:\Users\Administrator\RiderProjects\AdvancedTimeIsland\Views\Settings\TimeConverterPage.cs(734,9): warning CS8602: 解引用可能出现空引用。 [C:\Users\Administrator\RiderProjects\AdvancedTimeIsland\AdvancedTimeIsland.csproj::TargetFramework=net10.0]
C:\Users\Administrator\RiderProjects\AdvancedTimeIsland\Views\Settings\TimeConverterPage.cs(764,9): warning CS8602: 解引用可能出现空引用。 [C:\Users\Administrator\RiderProjects\AdvancedTimeIsland\AdvancedTimeIsland.csproj::TargetFramework=net10.0]
C:\Users\Administrator\RiderProjects\AdvancedTimeIsland\Views\Settings\TimeConverterPage.cs(800,13): warning CS0618: “TextBox.Watermark”已过时:“Use PlaceholderText instead.” [C:\Users\Administrator\RiderProjects\AdvancedTimeIsland\AdvancedTimeIsland.csproj::TargetFramework=net10.0]
C:\Users\Administrator\RiderProjects\AdvancedTimeIsland\Views\Settings\TimeConverterPage.cs(794,9): warning CS8602: 解引用可能出现空引用。 [C:\Users\Administrator\RiderProjects\AdvancedTimeIsland\AdvancedTimeIsland.csproj::TargetFramework=net10.0]
C:\Users\Administrator\RiderProjects\AdvancedTimeIsland\Views\Settings\TimeConverterPage.cs(824,9): warning CS8602: 解引用可能出现空引用。 [C:\Users\Administrator\RiderProjects\AdvancedTimeIsland\AdvancedTimeIsland.csproj::TargetFramework=net10.0]
C:\Users\Administrator\RiderProjects\AdvancedTimeIsland\Views\Settings\TimeConverterPage.cs(896,9): warning CS8602: 解引用可能出现空引用。 [C:\Users\Administrator\RiderProjects\AdvancedTimeIsland\AdvancedTimeIsland.csproj::TargetFramework=net10.0]
C:\Users\Administrator\RiderProjects\AdvancedTimeIsland\Automation\Triggers\UnixTimestampIntervalTriggerSettingsControl.cs(90,13): warning CS0618: “TextBox.Watermark”已过时:“Use PlaceholderText instead.” [C:\Users\Administrator\RiderProjects\AdvancedTimeIsland\AdvancedTimeIsland.csproj::TargetFramework=net10.0]
C:\Users\Administrator\RiderProjects\AdvancedTimeIsland\Views\Settings\TimeConverterPage.cs(939,9): warning CS8602: 解引用可能出现空引用。 [C:\Users\Administrator\RiderProjects\AdvancedTimeIsland\AdvancedTimeIsland.csproj::TargetFramework=net10.0]
C:\Users\Administrator\RiderProjects\AdvancedTimeIsland\Automation\Triggers\UnixTimestampIntervalTriggerSettingsControl.cs(131,13): warning CS0618: “TextBox.Watermark”已过时:“Use PlaceholderText instead.” [C:\Users\Administrator\RiderProjects\AdvancedTimeIsland\AdvancedTimeIsland.csproj::TargetFramework=net10.0]
C:\Users\Administrator\RiderProjects\AdvancedTimeIsland\Views\Main\XingZuoSettingsControl.cs(41,12): warning CS8618: 在退出构造函数时，不可为 null 的 字段 "_labelColorPicker" 必须包含非 null 值。请考虑添加 "required" 修饰符或将该 字段 声明为可为 null。 [C:\Users\Administrator\RiderProjects\AdvancedTimeIsland\AdvancedTimeIsland.csproj::TargetFramework=net10.0]
C:\Users\Administrator\RiderProjects\AdvancedTimeIsland\Views\Main\XingZuoSettingsControl.cs(41,12): warning CS8618: 在退出构造函数时，不可为 null 的 字段 "_labelFontSizeNumericUpDown" 必须包含非 null 值。请考虑添加 "required" 修饰符或将该 字段 声明为可为 null。 [C:\Users\Administrator\RiderProjects\AdvancedTimeIsland\AdvancedTimeIsland.csproj::TargetFramework=net10.0]
C:\Users\Administrator\RiderProjects\AdvancedTimeIsland\Views\Main\XingZuoSettingsControl.cs(41,12): warning CS8618: 在退出构造函数时，不可为 null 的 字段 "_valueColorPicker" 必须包含非 null 值。请考虑添加 "required" 修饰符或将该 字段 声明为可为 null。 [C:\Users\Administrator\RiderProjects\AdvancedTimeIsland\AdvancedTimeIsland.csproj::TargetFramework=net10.0]
C:\Users\Administrator\RiderProjects\AdvancedTimeIsland\Views\Main\XingZuoSettingsControl.cs(41,12): warning CS8618: 在退出构造函数时，不可为 null 的 字段 "_valueFontSizeNumericUpDown" 必须包含非 null 值。请考虑添加 "required" 修饰符或将该 字段 声明为可为 null。 [C:\Users\Administrator\RiderProjects\AdvancedTimeIsland\AdvancedTimeIsland.csproj::TargetFramework=net10.0]
C:\Users\Administrator\RiderProjects\AdvancedTimeIsland\Views\Main\XingZuoSettingsControl.cs(41,12): warning CS8618: 在退出构造函数时，不可为 null 的 字段 "_labelEnableCustomFontSizeToggle" 必须包含非 null 值。请考虑添加 "required" 修饰符或将该 字段 声明为可为 null。 [C:\Users\Administrator\RiderProjects\AdvancedTimeIsland\AdvancedTimeIsland.csproj::TargetFramework=net10.0]
C:\Users\Administrator\RiderProjects\AdvancedTimeIsland\Views\Main\XingZuoSettingsControl.cs(41,12): warning CS8618: 在退出构造函数时，不可为 null 的 字段 "_labelEnableCustomFontColorToggle" 必须包含非 null 值。请考虑添加 "required" 修饰符或将该 字段 声明为可为 null。 [C:\Users\Administrator\RiderProjects\AdvancedTimeIsland\AdvancedTimeIsland.csproj::TargetFramework=net10.0]
C:\Users\Administrator\RiderProjects\AdvancedTimeIsland\Views\Main\XingZuoSettingsControl.cs(41,12): warning CS8618: 在退出构造函数时，不可为 null 的 字段 "_valueEnableCustomFontSizeToggle" 必须包含非 null 值。请考虑添加 "required" 修饰符或将该 字段 声明为可为 null。 [C:\Users\Administrator\RiderProjects\AdvancedTimeIsland\AdvancedTimeIsland.csproj::TargetFramework=net10.0]
C:\Users\Administrator\RiderProjects\AdvancedTimeIsland\Views\Main\XingZuoSettingsControl.cs(41,12): warning CS8618: 在退出构造函数时，不可为 null 的 字段 "_valueEnableCustomFontColorToggle" 必须包含非 null 值。请考虑添加 "required" 修饰符或将该 字段 声明为可为 null。 [C:\Users\Administrator\RiderProjects\AdvancedTimeIsland\AdvancedTimeIsland.csproj::TargetFramework=net10.0]
C:\Users\Administrator\RiderProjects\AdvancedTimeIsland\Views\Main\XingZuoSettingsControl.cs(41,12): warning CS8618: 在退出构造函数时，不可为 null 的 字段 "_labelEnableCustomFontFamilyToggle" 必须包含非 null 值。请考虑添加 "required" 修饰符或将该 字段 声明为可为 null。 [C:\Users\Administrator\RiderProjects\AdvancedTimeIsland\AdvancedTimeIsland.csproj::TargetFramework=net10.0]
C:\Users\Administrator\RiderProjects\AdvancedTimeIsland\Views\Main\XingZuoSettingsControl.cs(41,12): warning CS8618: 在退出构造函数时，不可为 null 的 字段 "_valueEnableCustomFontFamilyToggle" 必须包含非 null 值。请考虑添加 "required" 修饰符或将该 字段 声明为可为 null。 [C:\Users\Administrator\RiderProjects\AdvancedTimeIsland\AdvancedTimeIsland.csproj::TargetFramework=net10.0]
C:\Users\Administrator\RiderProjects\AdvancedTimeIsland\Views\Main\XingZuoSettingsControl.cs(41,12): warning CS8618: 在退出构造函数时，不可为 null 的 字段 "_labelEnableCustomFontWeightToggle" 必须包含非 null 值。请考虑添加 "required" 修饰符或将该 字段 声明为可为 null。 [C:\Users\Administrator\RiderProjects\AdvancedTimeIsland\AdvancedTimeIsland.csproj::TargetFramework=net10.0]
C:\Users\Administrator\RiderProjects\AdvancedTimeIsland\Views\Main\XingZuoSettingsControl.cs(41,12): warning CS8618: 在退出构造函数时，不可为 null 的 字段 "_valueEnableCustomFontWeightToggle" 必须包含非 null 值。请考虑添加 "required" 修饰符或将该 字段 声明为可为 null。 [C:\Users\Administrator\RiderProjects\AdvancedTimeIsland\AdvancedTimeIsland.csproj::TargetFramework=net10.0]
C:\Users\Administrator\RiderProjects\AdvancedTimeIsland\Views\Main\XingZuoSettingsControl.cs(41,12): warning CS8618: 在退出构造函数时，不可为 null 的 字段 "_labelFontFamilyComboBox" 必须包含非 null 值。请考虑添加 "required" 修饰符或将该 字段 声明为可为 null。 [C:\Users\Administrator\RiderProjects\AdvancedTimeIsland\AdvancedTimeIsland.csproj::TargetFramework=net10.0]
C:\Users\Administrator\RiderProjects\AdvancedTimeIsland\Views\Main\XingZuoSettingsControl.cs(41,12): warning CS8618: 在退出构造函数时，不可为 null 的 字段 "_valueFontFamilyComboBox" 必须包含非 null 值。请考虑添加 "required" 修饰符或将该 字段 声明为可为 null。 [C:\Users\Administrator\RiderProjects\AdvancedTimeIsland\AdvancedTimeIsland.csproj::TargetFramework=net10.0]
C:\Users\Administrator\RiderProjects\AdvancedTimeIsland\Views\Main\XingZuoSettingsControl.cs(41,12): warning CS8618: 在退出构造函数时，不可为 null 的 字段 "_labelFontWeightComboBox" 必须包含非 null 值。请考虑添加 "required" 修饰符或将该 字段 声明为可为 null。 [C:\Users\Administrator\RiderProjects\AdvancedTimeIsland\AdvancedTimeIsland.csproj::TargetFramework=net10.0]
C:\Users\Administrator\RiderProjects\AdvancedTimeIsland\Views\Main\XingZuoSettingsControl.cs(41,12): warning CS8618: 在退出构造函数时，不可为 null 的 字段 "_valueFontWeightComboBox" 必须包含非 null 值。请考虑添加 "required" 修饰符或将该 字段 声明为可为 null。 [C:\Users\Administrator\RiderProjects\AdvancedTimeIsland\AdvancedTimeIsland.csproj::TargetFramework=net10.0]
C:\Users\Administrator\RiderProjects\AdvancedTimeIsland\Views\Main\XingZuoSettingsControl.cs(41,12): warning CS8618: 在退出构造函数时，不可为 null 的 字段 "_labelTitleTextBlock" 必须包含非 null 值。请考虑添加 "required" 修饰符或将该 字段 声明为可为 null。 [C:\Users\Administrator\RiderProjects\AdvancedTimeIsland\AdvancedTimeIsland.csproj::TargetFramework=net10.0]
C:\Users\Administrator\RiderProjects\AdvancedTimeIsland\Views\Main\XingZuoSettingsControl.cs(41,12): warning CS8618: 在退出构造函数时，不可为 null 的 字段 "_labelColorLabelTextBlock" 必须包含非 null 值。请考虑添加 "required" 修饰符或将该 字段 声明为可为 null。 [C:\Users\Administrator\RiderProjects\AdvancedTimeIsland\AdvancedTimeIsland.csproj::TargetFramework=net10.0]
C:\Users\Administrator\RiderProjects\AdvancedTimeIsland\Views\Main\XingZuoSettingsControl.cs(41,12): warning CS8618: 在退出构造函数时，不可为 null 的 字段 "_labelFontSizeLabelTextBlock" 必须包含非 null 值。请考虑添加 "required" 修饰符或将该 字段 声明为可为 null。 [C:\Users\Administrator\RiderProjects\AdvancedTimeIsland\AdvancedTimeIsland.csproj::TargetFramework=net10.0]
C:\Users\Administrator\RiderProjects\AdvancedTimeIsland\Views\Main\XingZuoSettingsControl.cs(41,12): warning CS8618: 在退出构造函数时，不可为 null 的 字段 "_valueTitleTextBlock" 必须包含非 null 值。请考虑添加 "required" 修饰符或将该 字段 声明为可为 null。 [C:\Users\Administrator\RiderProjects\AdvancedTimeIsland\AdvancedTimeIsland.csproj::TargetFramework=net10.0]
C:\Users\Administrator\RiderProjects\AdvancedTimeIsland\Views\Main\XingZuoSettingsControl.cs(41,12): warning CS8618: 在退出构造函数时，不可为 null 的 字段 "_valueColorLabelTextBlock" 必须包含非 null 值。请考虑添加 "required" 修饰符或将该 字段 声明为可为 null。 [C:\Users\Administrator\RiderProjects\AdvancedTimeIsland\AdvancedTimeIsland.csproj::TargetFramework=net10.0]
C:\Users\Administrator\RiderProjects\AdvancedTimeIsland\Views\Main\XingZuoSettingsControl.cs(41,12): warning CS8618: 在退出构造函数时，不可为 null 的 字段 "_valueFontSizeLabelTextBlock" 必须包含非 null 值。请考虑添加 "required" 修饰符或将该 字段 声明为可为 null。 [C:\Users\Administrator\RiderProjects\AdvancedTimeIsland\AdvancedTimeIsland.csproj::TargetFramework=net10.0]
C:\Users\Administrator\RiderProjects\AdvancedTimeIsland\Views\Settings\TimeConverterPage.cs(992,9): warning CS8602: 解引用可能出现空引用。 [C:\Users\Administrator\RiderProjects\AdvancedTimeIsland\AdvancedTimeIsland.csproj::TargetFramework=net10.0]
C:\Users\Administrator\RiderProjects\AdvancedTimeIsland\Views\Settings\TimeConverterPage.cs(1012,13): warning CS8602: 解引用可能出现空引用。 [C:\Users\Administrator\RiderProjects\AdvancedTimeIsland\AdvancedTimeIsland.csproj::TargetFramework=net10.0]
C:\Users\Administrator\RiderProjects\AdvancedTimeIsland\Views\Settings\AboutPage.cs(280,9): warning CS4014: 由于此调用不会等待，因此在此调用完成之前将会继续执行当前方法。请考虑将 "await" 运算符应用于调用结果。 [C:\Users\Administrator\RiderProjects\AdvancedTimeIsland\AdvancedTimeIsland.csproj::TargetFramework=net10.0]
C:\Users\Administrator\RiderProjects\AdvancedTimeIsland\Views\Settings\AboutPage.cs(280,74): warning CS8604: “Task<object> FluentAvaloniaCompatibilityHelper.ShowContentDialogAsync(object dialog, TopLevel topLevel)”中的形参“topLevel”可能传入 null 引用实参。 [C:\Users\Administrator\RiderProjects\AdvancedTimeIsland\AdvancedTimeIsland.csproj::TargetFramework=net10.0]
C:\Users\Administrator\RiderProjects\AdvancedTimeIsland\Views\Main\XingZuoControl.cs(30,12): warning CS8618: 在退出构造函数时，不可为 null 的 字段 "vm" 必须包含非 null 值。请考虑添加 "required" 修饰符或将该 字段 声明为可为 null。 [C:\Users\Administrator\RiderProjects\AdvancedTimeIsland\AdvancedTimeIsland.csproj::TargetFramework=net10.0]
C:\Users\Administrator\RiderProjects\AdvancedTimeIsland\Views\Main\XingZuoControl.cs(30,12): warning CS8618: 在退出构造函数时，不可为 null 的 字段 "labelTb" 必须包含非 null 值。请考虑添加 "required" 修饰符或将该 字段 声明为可为 null。 [C:\Users\Administrator\RiderProjects\AdvancedTimeIsland\AdvancedTimeIsland.csproj::TargetFramework=net10.0]
C:\Users\Administrator\RiderProjects\AdvancedTimeIsland\Views\Main\XingZuoControl.cs(30,12): warning CS8618: 在退出构造函数时，不可为 null 的 字段 "valueTb" 必须包含非 null 值。请考虑添加 "required" 修饰符或将该 字段 声明为可为 null。 [C:\Users\Administrator\RiderProjects\AdvancedTimeIsland\AdvancedTimeIsland.csproj::TargetFramework=net10.0]
C:\Users\Administrator\RiderProjects\AdvancedTimeIsland\Views\Main\XingZuoControl.cs(30,12): warning CS8618: 在退出构造函数时，不可为 null 的 字段 "rootBorder" 必须包含非 null 值。请考虑添加 "required" 修饰符或将该 字段 声明为可为 null。 [C:\Users\Administrator\RiderProjects\AdvancedTimeIsland\AdvancedTimeIsland.csproj::TargetFramework=net10.0]
C:\Users\Administrator\RiderProjects\AdvancedTimeIsland\Helpers\DisplayHelper.cs(57,41): warning CS8625: 无法将 null 字面量转换为非 null 的引用类型。 [C:\Users\Administrator\RiderProjects\AdvancedTimeIsland\AdvancedTimeIsland.csproj::TargetFramework=net10.0]
C:\Users\Administrator\RiderProjects\AdvancedTimeIsland\Views\Main\TomorrowYiJiSettingsControl.cs(73,12): warning CS8618: 在退出构造函数时，不可为 null 的 字段 "_yiLabelFontSizeNumericUpDown" 必须包含非 null 值。请考虑添加 "required" 修饰符或将该 字段 声明为可为 null。 [C:\Users\Administrator\RiderProjects\AdvancedTimeIsland\AdvancedTimeIsland.csproj::TargetFramework=net10.0]
C:\Users\Administrator\RiderProjects\AdvancedTimeIsland\Views\Main\TomorrowYiJiSettingsControl.cs(73,12): warning CS8618: 在退出构造函数时，不可为 null 的 字段 "_yiLabelFontColorPicker" 必须包含非 null 值。请考虑添加 "required" 修饰符或将该 字段 声明为可为 null。 [C:\Users\Administrator\RiderProjects\AdvancedTimeIsland\AdvancedTimeIsland.csproj::TargetFramework=net10.0]
C:\Users\Administrator\RiderProjects\AdvancedTimeIsland\Views\Main\TomorrowYiJiSettingsControl.cs(73,12): warning CS8618: 在退出构造函数时，不可为 null 的 字段 "_yiValueFontSizeNumericUpDown" 必须包含非 null 值。请考虑添加 "required" 修饰符或将该 字段 声明为可为 null。 [C:\Users\Administrator\RiderProjects\AdvancedTimeIsland\AdvancedTimeIsland.csproj::TargetFramework=net10.0]
C:\Users\Administrator\RiderProjects\AdvancedTimeIsland\Views\Main\TomorrowYiJiSettingsControl.cs(73,12): warning CS8618: 在退出构造函数时，不可为 null 的 字段 "_jiLabelFontSizeNumericUpDown" 必须包含非 null 值。请考虑添加 "required" 修饰符或将该 字段 声明为可为 null。 [C:\Users\Administrator\RiderProjects\AdvancedTimeIsland\AdvancedTimeIsland.csproj::TargetFramework=net10.0]
C:\Users\Administrator\RiderProjects\AdvancedTimeIsland\Views\Main\TomorrowYiJiSettingsControl.cs(73,12): warning CS8618: 在退出构造函数时，不可为 null 的 字段 "_jiLabelFontColorPicker" 必须包含非 null 值。请考虑添加 "required" 修饰符或将该 字段 声明为可为 null。 [C:\Users\Administrator\RiderProjects\AdvancedTimeIsland\AdvancedTimeIsland.csproj::TargetFramework=net10.0]
C:\Users\Administrator\RiderProjects\AdvancedTimeIsland\Views\Main\TomorrowYiJiSettingsControl.cs(73,12): warning CS8618: 在退出构造函数时，不可为 null 的 字段 "_jiValueFontSizeNumericUpDown" 必须包含非 null 值。请考虑添加 "required" 修饰符或将该 字段 声明为可为 null。 [C:\Users\Administrator\RiderProjects\AdvancedTimeIsland\AdvancedTimeIsland.csproj::TargetFramework=net10.0]
C:\Users\Administrator\RiderProjects\AdvancedTimeIsland\Views\Main\TomorrowYiJiSettingsControl.cs(73,12): warning CS8618: 在退出构造函数时，不可为 null 的 字段 "_yiLabelEnableCustomFontSizeToggle" 必须包含非 null 值。请考虑添加 "required" 修饰符或将该 字段 声明为可为 null。 [C:\Users\Administrator\RiderProjects\AdvancedTimeIsland\AdvancedTimeIsland.csproj::TargetFramework=net10.0]
C:\Users\Administrator\RiderProjects\AdvancedTimeIsland\Views\Main\TomorrowYiJiSettingsControl.cs(73,12): warning CS8618: 在退出构造函数时，不可为 null 的 字段 "_yiLabelEnableCustomFontColorToggle" 必须包含非 null 值。请考虑添加 "required" 修饰符或将该 字段 声明为可为 null。 [C:\Users\Administrator\RiderProjects\AdvancedTimeIsland\AdvancedTimeIsland.csproj::TargetFramework=net10.0]
C:\Users\Administrator\RiderProjects\AdvancedTimeIsland\Views\Main\TomorrowYiJiSettingsControl.cs(73,12): warning CS8618: 在退出构造函数时，不可为 null 的 字段 "_yiLabelEnableCustomFontFamilyToggle" 必须包含非 null 值。请考虑添加 "required" 修饰符或将该 字段 声明为可为 null。 [C:\Users\Administrator\RiderProjects\AdvancedTimeIsland\AdvancedTimeIsland.csproj::TargetFramework=net10.0]
C:\Users\Administrator\RiderProjects\AdvancedTimeIsland\Views\Main\TomorrowYiJiSettingsControl.cs(73,12): warning CS8618: 在退出构造函数时，不可为 null 的 字段 "_yiLabelEnableCustomFontWeightToggle" 必须包含非 null 值。请考虑添加 "required" 修饰符或将该 字段 声明为可为 null。 [C:\Users\Administrator\RiderProjects\AdvancedTimeIsland\AdvancedTimeIsland.csproj::TargetFramework=net10.0]
C:\Users\Administrator\RiderProjects\AdvancedTimeIsland\Views\Main\TomorrowYiJiSettingsControl.cs(73,12): warning CS8618: 在退出构造函数时，不可为 null 的 字段 "_yiValueEnableCustomFontSizeToggle" 必须包含非 null 值。请考虑添加 "required" 修饰符或将该 字段 声明为可为 null。 [C:\Users\Administrator\RiderProjects\AdvancedTimeIsland\AdvancedTimeIsland.csproj::TargetFramework=net10.0]
C:\Users\Administrator\RiderProjects\AdvancedTimeIsland\Views\Main\TomorrowYiJiSettingsControl.cs(73,12): warning CS8618: 在退出构造函数时，不可为 null 的 字段 "_yiValueEnableCustomFontFamilyToggle" 必须包含非 null 值。请考虑添加 "required" 修饰符或将该 字段 声明为可为 null。 [C:\Users\Administrator\RiderProjects\AdvancedTimeIsland\AdvancedTimeIsland.csproj::TargetFramework=net10.0]
C:\Users\Administrator\RiderProjects\AdvancedTimeIsland\Views\Main\TomorrowYiJiSettingsControl.cs(73,12): warning CS8618: 在退出构造函数时，不可为 null 的 字段 "_yiValueEnableCustomFontWeightToggle" 必须包含非 null 值。请考虑添加 "required" 修饰符或将该 字段 声明为可为 null。 [C:\Users\Administrator\RiderProjects\AdvancedTimeIsland\AdvancedTimeIsland.csproj::TargetFramework=net10.0]
C:\Users\Administrator\RiderProjects\AdvancedTimeIsland\Views\Main\TomorrowYiJiSettingsControl.cs(73,12): warning CS8618: 在退出构造函数时，不可为 null 的 字段 "_jiLabelEnableCustomFontSizeToggle" 必须包含非 null 值。请考虑添加 "required" 修饰符或将该 字段 声明为可为 null。 [C:\Users\Administrator\RiderProjects\AdvancedTimeIsland\AdvancedTimeIsland.csproj::TargetFramework=net10.0]
C:\Users\Administrator\RiderProjects\AdvancedTimeIsland\Views\Main\TomorrowYiJiSettingsControl.cs(73,12): warning CS8618: 在退出构造函数时，不可为 null 的 字段 "_jiLabelEnableCustomFontColorToggle" 必须包含非 null 值。请考虑添加 "required" 修饰符或将该 字段 声明为可为 null。 [C:\Users\Administrator\RiderProjects\AdvancedTimeIsland\AdvancedTimeIsland.csproj::TargetFramework=net10.0]
C:\Users\Administrator\RiderProjects\AdvancedTimeIsland\Views\Main\TomorrowYiJiSettingsControl.cs(73,12): warning CS8618: 在退出构造函数时，不可为 null 的 字段 "_jiLabelEnableCustomFontFamilyToggle" 必须包含非 null 值。请考虑添加 "required" 修饰符或将该 字段 声明为可为 null。 [C:\Users\Administrator\RiderProjects\AdvancedTimeIsland\AdvancedTimeIsland.csproj::TargetFramework=net10.0]
C:\Users\Administrator\RiderProjects\AdvancedTimeIsland\Views\Main\TomorrowYiJiSettingsControl.cs(73,12): warning CS8618: 在退出构造函数时，不可为 null 的 字段 "_jiLabelEnableCustomFontWeightToggle" 必须包含非 null 值。请考虑添加 "required" 修饰符或将该 字段 声明为可为 null。 [C:\Users\Administrator\RiderProjects\AdvancedTimeIsland\AdvancedTimeIsland.csproj::TargetFramework=net10.0]
C:\Users\Administrator\RiderProjects\AdvancedTimeIsland\Views\Main\TomorrowYiJiSettingsControl.cs(73,12): warning CS8618: 在退出构造函数时，不可为 null 的 字段 "_jiValueEnableCustomFontSizeToggle" 必须包含非 null 值。请考虑添加 "required" 修饰符或将该 字段 声明为可为 null。 [C:\Users\Administrator\RiderProjects\AdvancedTimeIsland\AdvancedTimeIsland.csproj::TargetFramework=net10.0]
C:\Users\Administrator\RiderProjects\AdvancedTimeIsland\Views\Main\TomorrowYiJiSettingsControl.cs(73,12): warning CS8618: 在退出构造函数时，不可为 null 的 字段 "_jiValueEnableCustomFontFamilyToggle" 必须包含非 null 值。请考虑添加 "required" 修饰符或将该 字段 声明为可为 null。 [C:\Users\Administrator\RiderProjects\AdvancedTimeIsland\AdvancedTimeIsland.csproj::TargetFramework=net10.0]
C:\Users\Administrator\RiderProjects\AdvancedTimeIsland\Views\Main\TomorrowYiJiSettingsControl.cs(73,12): warning CS8618: 在退出构造函数时，不可为 null 的 字段 "_jiValueEnableCustomFontWeightToggle" 必须包含非 null 值。请考虑添加 "required" 修饰符或将该 字段 声明为可为 null。 [C:\Users\Administrator\RiderProjects\AdvancedTimeIsland\AdvancedTimeIsland.csproj::TargetFramework=net10.0]
C:\Users\Administrator\RiderProjects\AdvancedTimeIsland\Views\Main\TomorrowYiJiSettingsControl.cs(73,12): warning CS8618: 在退出构造函数时，不可为 null 的 字段 "_yiLabelFontFamilyComboBox" 必须包含非 null 值。请考虑添加 "required" 修饰符或将该 字段 声明为可为 null。 [C:\Users\Administrator\RiderProjects\AdvancedTimeIsland\AdvancedTimeIsland.csproj::TargetFramework=net10.0]
C:\Users\Administrator\RiderProjects\AdvancedTimeIsland\Views\Main\TomorrowYiJiSettingsControl.cs(73,12): warning CS8618: 在退出构造函数时，不可为 null 的 字段 "_yiValueFontFamilyComboBox" 必须包含非 null 值。请考虑添加 "required" 修饰符或将该 字段 声明为可为 null。 [C:\Users\Administrator\RiderProjects\AdvancedTimeIsland\AdvancedTimeIsland.csproj::TargetFramework=net10.0]
C:\Users\Administrator\RiderProjects\AdvancedTimeIsland\Views\Main\TomorrowYiJiSettingsControl.cs(73,12): warning CS8618: 在退出构造函数时，不可为 null 的 字段 "_jiLabelFontFamilyComboBox" 必须包含非 null 值。请考虑添加 "required" 修饰符或将该 字段 声明为可为 null。 [C:\Users\Administrator\RiderProjects\AdvancedTimeIsland\AdvancedTimeIsland.csproj::TargetFramework=net10.0]
C:\Users\Administrator\RiderProjects\AdvancedTimeIsland\Views\Main\TomorrowYiJiSettingsControl.cs(73,12): warning CS8618: 在退出构造函数时，不可为 null 的 字段 "_jiValueFontFamilyComboBox" 必须包含非 null 值。请考虑添加 "required" 修饰符或将该 字段 声明为可为 null。 [C:\Users\Administrator\RiderProjects\AdvancedTimeIsland\AdvancedTimeIsland.csproj::TargetFramework=net10.0]
C:\Users\Administrator\RiderProjects\AdvancedTimeIsland\Views\Main\TomorrowYiJiSettingsControl.cs(73,12): warning CS8618: 在退出构造函数时，不可为 null 的 字段 "_yiLabelFontWeightComboBox" 必须包含非 null 值。请考虑添加 "required" 修饰符或将该 字段 声明为可为 null。 [C:\Users\Administrator\RiderProjects\AdvancedTimeIsland\AdvancedTimeIsland.csproj::TargetFramework=net10.0]
C:\Users\Administrator\RiderProjects\AdvancedTimeIsland\Views\Main\TomorrowYiJiSettingsControl.cs(73,12): warning CS8618: 在退出构造函数时，不可为 null 的 字段 "_yiValueFontWeightComboBox" 必须包含非 null 值。请考虑添加 "required" 修饰符或将该 字段 声明为可为 null。 [C:\Users\Administrator\RiderProjects\AdvancedTimeIsland\AdvancedTimeIsland.csproj::TargetFramework=net10.0]
C:\Users\Administrator\RiderProjects\AdvancedTimeIsland\Views\Main\TomorrowYiJiSettingsControl.cs(73,12): warning CS8618: 在退出构造函数时，不可为 null 的 字段 "_jiLabelFontWeightComboBox" 必须包含非 null 值。请考虑添加 "required" 修饰符或将该 字段 声明为可为 null。 [C:\Users\Administrator\RiderProjects\AdvancedTimeIsland\AdvancedTimeIsland.csproj::TargetFramework=net10.0]
C:\Users\Administrator\RiderProjects\AdvancedTimeIsland\Views\Main\TomorrowYiJiSettingsControl.cs(73,12): warning CS8618: 在退出构造函数时，不可为 null 的 字段 "_jiValueFontWeightComboBox" 必须包含非 null 值。请考虑添加 "required" 修饰符或将该 字段 声明为可为 null。 [C:\Users\Administrator\RiderProjects\AdvancedTimeIsland\AdvancedTimeIsland.csproj::TargetFramework=net10.0]
C:\Users\Administrator\RiderProjects\AdvancedTimeIsland\Views\Main\TomorrowYiJiSettingsControl.cs(73,12): warning CS8618: 在退出构造函数时，不可为 null 的 字段 "_displayModeComboBox" 必须包含非 null 值。请考虑添加 "required" 修饰符或将该 字段 声明为可为 null。 [C:\Users\Administrator\RiderProjects\AdvancedTimeIsland\AdvancedTimeIsland.csproj::TargetFramework=net10.0]
C:\Users\Administrator\RiderProjects\AdvancedTimeIsland\Views\Main\TomorrowYiJiSettingsControl.cs(73,12): warning CS8618: 在退出构造函数时，不可为 null 的 字段 "_displayModeLabel" 必须包含非 null 值。请考虑添加 "required" 修饰符或将该 字段 声明为可为 null。 [C:\Users\Administrator\RiderProjects\AdvancedTimeIsland\AdvancedTimeIsland.csproj::TargetFramework=net10.0]
C:\Users\Administrator\RiderProjects\AdvancedTimeIsland\Views\Main\TomorrowYiJiSettingsControl.cs(73,12): warning CS8618: 在退出构造函数时，不可为 null 的 字段 "_yiLabelTitle" 必须包含非 null 值。请考虑添加 "required" 修饰符或将该 字段 声明为可为 null。 [C:\Users\Administrator\RiderProjects\AdvancedTimeIsland\AdvancedTimeIsland.csproj::TargetFramework=net10.0]
C:\Users\Administrator\RiderProjects\AdvancedTimeIsland\Views\Main\TomorrowYiJiSettingsControl.cs(73,12): warning CS8618: 在退出构造函数时，不可为 null 的 字段 "_yiLabelColorLabel" 必须包含非 null 值。请考虑添加 "required" 修饰符或将该 字段 声明为可为 null。 [C:\Users\Administrator\RiderProjects\AdvancedTimeIsland\AdvancedTimeIsland.csproj::TargetFramework=net10.0]
C:\Users\Administrator\RiderProjects\AdvancedTimeIsland\Views\Main\TomorrowYiJiSettingsControl.cs(73,12): warning CS8618: 在退出构造函数时，不可为 null 的 字段 "_yiLabelFontSizeLabel" 必须包含非 null 值。请考虑添加 "required" 修饰符或将该 字段 声明为可为 null。 [C:\Users\Administrator\RiderProjects\AdvancedTimeIsland\AdvancedTimeIsland.csproj::TargetFramework=net10.0]
C:\Users\Administrator\RiderProjects\AdvancedTimeIsland\Views\Main\TomorrowYiJiSettingsControl.cs(73,12): warning CS8618: 在退出构造函数时，不可为 null 的 字段 "_yiValueTitle" 必须包含非 null 值。请考虑添加 "required" 修饰符或将该 字段 声明为可为 null。 [C:\Users\Administrator\RiderProjects\AdvancedTimeIsland\AdvancedTimeIsland.csproj::TargetFramework=net10.0]
C:\Users\Administrator\RiderProjects\AdvancedTimeIsland\Views\Main\TomorrowYiJiSettingsControl.cs(73,12): warning CS8618: 在退出构造函数时，不可为 null 的 字段 "_yiValueColorNote" 必须包含非 null 值。请考虑添加 "required" 修饰符或将该 字段 声明为可为 null。 [C:\Users\Administrator\RiderProjects\AdvancedTimeIsland\AdvancedTimeIsland.csproj::TargetFramework=net10.0]
C:\Users\Administrator\RiderProjects\AdvancedTimeIsland\Views\Main\TomorrowYiJiSettingsControl.cs(73,12): warning CS8618: 在退出构造函数时，不可为 null 的 字段 "_yiValueFontSizeLabel" 必须包含非 null 值。请考虑添加 "required" 修饰符或将该 字段 声明为可为 null。 [C:\Users\Administrator\RiderProjects\AdvancedTimeIsland\AdvancedTimeIsland.csproj::TargetFramework=net10.0]
C:\Users\Administrator\RiderProjects\AdvancedTimeIsland\Views\Main\TomorrowYiJiSettingsControl.cs(73,12): warning CS8618: 在退出构造函数时，不可为 null 的 字段 "_jiLabelTitle" 必须包含非 null 值。请考虑添加 "required" 修饰符或将该 字段 声明为可为 null。 [C:\Users\Administrator\RiderProjects\AdvancedTimeIsland\AdvancedTimeIsland.csproj::TargetFramework=net10.0]
C:\Users\Administrator\RiderProjects\AdvancedTimeIsland\Views\Main\TomorrowYiJiSettingsControl.cs(73,12): warning CS8618: 在退出构造函数时，不可为 null 的 字段 "_jiLabelColorLabel" 必须包含非 null 值。请考虑添加 "required" 修饰符或将该 字段 声明为可为 null。 [C:\Users\Administrator\RiderProjects\AdvancedTimeIsland\AdvancedTimeIsland.csproj::TargetFramework=net10.0]
C:\Users\Administrator\RiderProjects\AdvancedTimeIsland\Views\Main\TomorrowYiJiSettingsControl.cs(73,12): warning CS8618: 在退出构造函数时，不可为 null 的 字段 "_jiLabelFontSizeLabel" 必须包含非 null 值。请考虑添加 "required" 修饰符或将该 字段 声明为可为 null。 [C:\Users\Administrator\RiderProjects\AdvancedTimeIsland\AdvancedTimeIsland.csproj::TargetFramework=net10.0]
C:\Users\Administrator\RiderProjects\AdvancedTimeIsland\Views\Main\TomorrowYiJiSettingsControl.cs(73,12): warning CS8618: 在退出构造函数时，不可为 null 的 字段 "_jiValueTitle" 必须包含非 null 值。请考虑添加 "required" 修饰符或将该 字段 声明为可为 null。 [C:\Users\Administrator\RiderProjects\AdvancedTimeIsland\AdvancedTimeIsland.csproj::TargetFramework=net10.0]
C:\Users\Administrator\RiderProjects\AdvancedTimeIsland\Views\Main\TomorrowYiJiSettingsControl.cs(73,12): warning CS8618: 在退出构造函数时，不可为 null 的 字段 "_jiValueColorNote" 必须包含非 null 值。请考虑添加 "required" 修饰符或将该 字段 声明为可为 null。 [C:\Users\Administrator\RiderProjects\AdvancedTimeIsland\AdvancedTimeIsland.csproj::TargetFramework=net10.0]
C:\Users\Administrator\RiderProjects\AdvancedTimeIsland\Views\Main\TomorrowYiJiSettingsControl.cs(73,12): warning CS8618: 在退出构造函数时，不可为 null 的 字段 "_jiValueFontSizeLabel" 必须包含非 null 值。请考虑添加 "required" 修饰符或将该 字段 声明为可为 null。 [C:\Users\Administrator\RiderProjects\AdvancedTimeIsland\AdvancedTimeIsland.csproj::TargetFramework=net10.0]
C:\Users\Administrator\RiderProjects\AdvancedTimeIsland\Views\Main\TomorrowYiJiSettingsControl.cs(73,12): warning CS8618: 在退出构造函数时，不可为 null 的 字段 "_yiLabelFontFamilyLabel" 必须包含非 null 值。请考虑添加 "required" 修饰符或将该 字段 声明为可为 null。 [C:\Users\Administrator\RiderProjects\AdvancedTimeIsland\AdvancedTimeIsland.csproj::TargetFramework=net10.0]
C:\Users\Administrator\RiderProjects\AdvancedTimeIsland\Views\Main\TomorrowYiJiSettingsControl.cs(73,12): warning CS8618: 在退出构造函数时，不可为 null 的 字段 "_yiLabelFontWeightLabel" 必须包含非 null 值。请考虑添加 "required" 修饰符或将该 字段 声明为可为 null。 [C:\Users\Administrator\RiderProjects\AdvancedTimeIsland\AdvancedTimeIsland.csproj::TargetFramework=net10.0]
C:\Users\Administrator\RiderProjects\AdvancedTimeIsland\Views\Main\TomorrowYiJiSettingsControl.cs(73,12): warning CS8618: 在退出构造函数时，不可为 null 的 字段 "_yiValueFontFamilyLabel" 必须包含非 null 值。请考虑添加 "required" 修饰符或将该 字段 声明为可为 null。 [C:\Users\Administrator\RiderProjects\AdvancedTimeIsland\AdvancedTimeIsland.csproj::TargetFramework=net10.0]
C:\Users\Administrator\RiderProjects\AdvancedTimeIsland\Views\Main\TomorrowYiJiSettingsControl.cs(73,12): warning CS8618: 在退出构造函数时，不可为 null 的 字段 "_yiValueFontWeightLabel" 必须包含非 null 值。请考虑添加 "required" 修饰符或将该 字段 声明为可为 null。 [C:\Users\Administrator\RiderProjects\AdvancedTimeIsland\AdvancedTimeIsland.csproj::TargetFramework=net10.0]
C:\Users\Administrator\RiderProjects\AdvancedTimeIsland\Views\Main\TomorrowYiJiSettingsControl.cs(73,12): warning CS8618: 在退出构造函数时，不可为 null 的 字段 "_jiLabelFontFamilyLabel" 必须包含非 null 值。请考虑添加 "required" 修饰符或将该 字段 声明为可为 null。 [C:\Users\Administrator\RiderProjects\AdvancedTimeIsland\AdvancedTimeIsland.csproj::TargetFramework=net10.0]
C:\Users\Administrator\RiderProjects\AdvancedTimeIsland\Views\Main\TomorrowYiJiSettingsControl.cs(73,12): warning CS8618: 在退出构造函数时，不可为 null 的 字段 "_jiLabelFontWeightLabel" 必须包含非 null 值。请考虑添加 "required" 修饰符或将该 字段 声明为可为 null。 [C:\Users\Administrator\RiderProjects\AdvancedTimeIsland\AdvancedTimeIsland.csproj::TargetFramework=net10.0]
C:\Users\Administrator\RiderProjects\AdvancedTimeIsland\Views\Main\TomorrowYiJiSettingsControl.cs(73,12): warning CS8618: 在退出构造函数时，不可为 null 的 字段 "_jiValueFontFamilyLabel" 必须包含非 null 值。请考虑添加 "required" 修饰符或将该 字段 声明为可为 null。 [C:\Users\Administrator\RiderProjects\AdvancedTimeIsland\AdvancedTimeIsland.csproj::TargetFramework=net10.0]
C:\Users\Administrator\RiderProjects\AdvancedTimeIsland\Views\Main\TomorrowYiJiSettingsControl.cs(73,12): warning CS8618: 在退出构造函数时，不可为 null 的 字段 "_jiValueFontWeightLabel" 必须包含非 null 值。请考虑添加 "required" 修饰符或将该 字段 声明为可为 null。 [C:\Users\Administrator\RiderProjects\AdvancedTimeIsland\AdvancedTimeIsland.csproj::TargetFramework=net10.0]
C:\Users\Administrator\RiderProjects\AdvancedTimeIsland\Views\Main\TomorrowYiJiSettingsControl.cs(73,12): warning CS8618: 在退出构造函数时，不可为 null 的 字段 "_yiLabelTextBox" 必须包含非 null 值。请考虑添加 "required" 修饰符或将该 字段 声明为可为 null。 [C:\Users\Administrator\RiderProjects\AdvancedTimeIsland\AdvancedTimeIsland.csproj::TargetFramework=net10.0]
C:\Users\Administrator\RiderProjects\AdvancedTimeIsland\Views\Main\TomorrowYiJiSettingsControl.cs(73,12): warning CS8618: 在退出构造函数时，不可为 null 的 字段 "_jiLabelTextBox" 必须包含非 null 值。请考虑添加 "required" 修饰符或将该 字段 声明为可为 null。 [C:\Users\Administrator\RiderProjects\AdvancedTimeIsland\AdvancedTimeIsland.csproj::TargetFramework=net10.0]
C:\Users\Administrator\RiderProjects\AdvancedTimeIsland\Views\Main\TomorrowYiJiSettingsControl.cs(73,12): warning CS8618: 在退出构造函数时，不可为 null 的 字段 "_yiLabelTextLabel" 必须包含非 null 值。请考虑添加 "required" 修饰符或将该 字段 声明为可为 null。 [C:\Users\Administrator\RiderProjects\AdvancedTimeIsland\AdvancedTimeIsland.csproj::TargetFramework=net10.0]
C:\Users\Administrator\RiderProjects\AdvancedTimeIsland\Views\Main\TomorrowYiJiSettingsControl.cs(73,12): warning CS8618: 在退出构造函数时，不可为 null 的 字段 "_jiLabelTextLabel" 必须包含非 null 值。请考虑添加 "required" 修饰符或将该 字段 声明为可为 null。 [C:\Users\Administrator\RiderProjects\AdvancedTimeIsland\AdvancedTimeIsland.csproj::TargetFramework=net10.0]
C:\Users\Administrator\RiderProjects\AdvancedTimeIsland\Helpers\FluentAvaloniaCompatibilityHelper.cs(116,65): warning CS8604: “Delegate FluentAvaloniaCompatibilityHelper.ConvertEventHandler(EventHandler handler, Type targetDelegateType)”中的形参“targetDelegateType”可能传入 null 引用实参。 [C:\Users\Administrator\RiderProjects\AdvancedTimeIsland\AdvancedTimeIsland.csproj::TargetFramework=net10.0]
C:\Users\Administrator\RiderProjects\AdvancedTimeIsland\Helpers\FluentAvaloniaCompatibilityHelper.cs(190,65): warning CS8604: “Delegate FluentAvaloniaCompatibilityHelper.ConvertEventHandler(EventHandler handler, Type targetDelegateType)”中的形参“targetDelegateType”可能传入 null 引用实参。 [C:\Users\Administrator\RiderProjects\AdvancedTimeIsland\AdvancedTimeIsland.csproj::TargetFramework=net10.0]
C:\Users\Administrator\RiderProjects\AdvancedTimeIsland\Helpers\FluentAvaloniaCompatibilityHelper.cs(198,20): warning CS8603: 可能返回 null 引用。 [C:\Users\Administrator\RiderProjects\AdvancedTimeIsland\AdvancedTimeIsland.csproj::TargetFramework=net10.0]
C:\Users\Administrator\RiderProjects\AdvancedTimeIsland\Helpers\FluentAvaloniaCompatibilityHelper.cs(246,71): warning CS8604: “Delegate FluentAvaloniaCompatibilityHelper.ConvertRoutedEventHandler(EventHandler<RoutedEventArgs> handler, Type targetDelegateType)”中的形参“targetDelegateType”可能传入 null 引用实参。 [C:\Users\Administrator\RiderProjects\AdvancedTimeIsland\AdvancedTimeIsland.csproj::TargetFramework=net10.0]
C:\Users\Administrator\RiderProjects\AdvancedTimeIsland\Helpers\FluentAvaloniaCompatibilityHelper.cs(254,20): warning CS8603: 可能返回 null 引用。 [C:\Users\Administrator\RiderProjects\AdvancedTimeIsland\AdvancedTimeIsland.csproj::TargetFramework=net10.0]
C:\Users\Administrator\RiderProjects\AdvancedTimeIsland\Helpers\FluentAvaloniaCompatibilityHelper.cs(302,71): warning CS8604: “Delegate FluentAvaloniaCompatibilityHelper.ConvertRoutedEventHandler(EventHandler<RoutedEventArgs> handler, Type targetDelegateType)”中的形参“targetDelegateType”可能传入 null 引用实参。 [C:\Users\Administrator\RiderProjects\AdvancedTimeIsland\AdvancedTimeIsland.csproj::TargetFramework=net10.0]
C:\Users\Administrator\RiderProjects\AdvancedTimeIsland\Helpers\FluentAvaloniaCompatibilityHelper.cs(320,71): warning CS8604: “Delegate FluentAvaloniaCompatibilityHelper.ConvertRoutedEventHandler(EventHandler<RoutedEventArgs> handler, Type targetDelegateType)”中的形参“targetDelegateType”可能传入 null 引用实参。 [C:\Users\Administrator\RiderProjects\AdvancedTimeIsland\AdvancedTimeIsland.csproj::TargetFramework=net10.0]
C:\Users\Administrator\RiderProjects\AdvancedTimeIsland\Helpers\FluentAvaloniaCompatibilityHelper.cs(335,71): warning CS8604: “Delegate FluentAvaloniaCompatibilityHelper.ConvertRoutedEventHandler(EventHandler<RoutedEventArgs> handler, Type targetDelegateType)”中的形参“targetDelegateType”可能传入 null 引用实参。 [C:\Users\Administrator\RiderProjects\AdvancedTimeIsland\AdvancedTimeIsland.csproj::TargetFramework=net10.0]
C:\Users\Administrator\RiderProjects\AdvancedTimeIsland\Helpers\FluentAvaloniaCompatibilityHelper.cs(353,71): warning CS8604: “Delegate FluentAvaloniaCompatibilityHelper.ConvertRoutedEventHandler(EventHandler<RoutedEventArgs> handler, Type targetDelegateType)”中的形参“targetDelegateType”可能传入 null 引用实参。 [C:\Users\Administrator\RiderProjects\AdvancedTimeIsland\AdvancedTimeIsland.csproj::TargetFramework=net10.0]
C:\Users\Administrator\RiderProjects\AdvancedTimeIsland\Views\Main\AdvancedDateControl.cs(31,12): warning CS8618: 在退出构造函数时，不可为 null 的 字段 "vm" 必须包含非 null 值。请考虑添加 "required" 修饰符或将该 字段 声明为可为 null。 [C:\Users\Administrator\RiderProjects\AdvancedTimeIsland\AdvancedTimeIsland.csproj::TargetFramework=net10.0]
C:\Users\Administrator\RiderProjects\AdvancedTimeIsland\Views\Main\AdvancedDateControl.cs(31,12): warning CS8618: 在退出构造函数时，不可为 null 的 字段 "_dateTextBlock" 必须包含非 null 值。请考虑添加 "required" 修饰符或将该 字段 声明为可为 null。 [C:\Users\Administrator\RiderProjects\AdvancedTimeIsland\AdvancedTimeIsland.csproj::TargetFramework=net10.0]
C:\Users\Administrator\RiderProjects\AdvancedTimeIsland\Views\Main\AdvancedDateControl.cs(31,12): warning CS8618: 在退出构造函数时，不可为 null 的 字段 "_weekDayTextBlock" 必须包含非 null 值。请考虑添加 "required" 修饰符或将该 字段 声明为可为 null。 [C:\Users\Administrator\RiderProjects\AdvancedTimeIsland\AdvancedTimeIsland.csproj::TargetFramework=net10.0]
C:\Users\Administrator\RiderProjects\AdvancedTimeIsland\Views\Main\AdvancedDateControl.cs(31,12): warning CS8618: 在退出构造函数时，不可为 null 的 字段 "rootBorder" 必须包含非 null 值。请考虑添加 "required" 修饰符或将该 字段 声明为可为 null。 [C:\Users\Administrator\RiderProjects\AdvancedTimeIsland\AdvancedTimeIsland.csproj::TargetFramework=net10.0]
C:\Users\Administrator\RiderProjects\AdvancedTimeIsland\Helpers\FluentAvaloniaCompatibilityHelper.cs(677,65): warning CS8604: “Delegate FluentAvaloniaCompatibilityHelper.ConvertEventHandler(EventHandler handler, Type targetDelegateType)”中的形参“targetDelegateType”可能传入 null 引用实参。 [C:\Users\Administrator\RiderProjects\AdvancedTimeIsland\AdvancedTimeIsland.csproj::TargetFramework=net10.0]
C:\Users\Administrator\RiderProjects\AdvancedTimeIsland\Helpers\FluentAvaloniaCompatibilityHelper.cs(807,65): warning CS8604: “object? FluentAvaloniaCompatibilityHelper.FindVisualChildOfType(Visual visual, Type targetType)”中的形参“targetType”可能传入 null 引用实参。 [C:\Users\Administrator\RiderProjects\AdvancedTimeIsland\AdvancedTimeIsland.csproj::TargetFramework=net10.0]
C:\Users\Administrator\RiderProjects\AdvancedTimeIsland\Helpers\FluentAvaloniaCompatibilityHelper.cs(818,67): warning CS8604: “object? FluentAvaloniaCompatibilityHelper.FindVisualChildOfType(Visual visual, Type targetType)”中的形参“targetType”可能传入 null 引用实参。 [C:\Users\Administrator\RiderProjects\AdvancedTimeIsland\AdvancedTimeIsland.csproj::TargetFramework=net10.0]
C:\Users\Administrator\RiderProjects\AdvancedTimeIsland\Views\Main\AdvancedDateSettingsControl.cs(51,12): warning CS8618: 在退出构造函数时，不可为 null 的 字段 "_showWeekDayToggle" 必须包含非 null 值。请考虑添加 "required" 修饰符或将该 字段 声明为可为 null。 [C:\Users\Administrator\RiderProjects\AdvancedTimeIsland\AdvancedTimeIsland.csproj::TargetFramework=net10.0]
C:\Users\Administrator\RiderProjects\AdvancedTimeIsland\Views\Main\AdvancedDateSettingsControl.cs(51,12): warning CS8618: 在退出构造函数时，不可为 null 的 字段 "_contentOrderComboBox" 必须包含非 null 值。请考虑添加 "required" 修饰符或将该 字段 声明为可为 null。 [C:\Users\Administrator\RiderProjects\AdvancedTimeIsland\AdvancedTimeIsland.csproj::TargetFramework=net10.0]
C:\Users\Administrator\RiderProjects\AdvancedTimeIsland\Views\Main\AdvancedDateSettingsControl.cs(51,12): warning CS8618: 在退出构造函数时，不可为 null 的 字段 "_dateSeparatorComboBox" 必须包含非 null 值。请考虑添加 "required" 修饰符或将该 字段 声明为可为 null。 [C:\Users\Administrator\RiderProjects\AdvancedTimeIsland\AdvancedTimeIsland.csproj::TargetFramework=net10.0]
C:\Users\Administrator\RiderProjects\AdvancedTimeIsland\Views\Main\AdvancedDateSettingsControl.cs(51,12): warning CS8618: 在退出构造函数时，不可为 null 的 字段 "_dateEnableCustomFontSizeToggle" 必须包含非 null 值。请考虑添加 "required" 修饰符或将该 字段 声明为可为 null。 [C:\Users\Administrator\RiderProjects\AdvancedTimeIsland\AdvancedTimeIsland.csproj::TargetFramework=net10.0]
C:\Users\Administrator\RiderProjects\AdvancedTimeIsland\Views\Main\AdvancedDateSettingsControl.cs(51,12): warning CS8618: 在退出构造函数时，不可为 null 的 字段 "_dateEnableCustomFontColorToggle" 必须包含非 null 值。请考虑添加 "required" 修饰符或将该 字段 声明为可为 null。 [C:\Users\Administrator\RiderProjects\AdvancedTimeIsland\AdvancedTimeIsland.csproj::TargetFramework=net10.0]
C:\Users\Administrator\RiderProjects\AdvancedTimeIsland\Views\Main\AdvancedDateSettingsControl.cs(51,12): warning CS8618: 在退出构造函数时，不可为 null 的 字段 "_dateEnableCustomFontFamilyToggle" 必须包含非 null 值。请考虑添加 "required" 修饰符或将该 字段 声明为可为 null。 [C:\Users\Administrator\RiderProjects\AdvancedTimeIsland\AdvancedTimeIsland.csproj::TargetFramework=net10.0]
C:\Users\Administrator\RiderProjects\AdvancedTimeIsland\Views\Main\AdvancedDateSettingsControl.cs(51,12): warning CS8618: 在退出构造函数时，不可为 null 的 字段 "_dateEnableCustomFontWeightToggle" 必须包含非 null 值。请考虑添加 "required" 修饰符或将该 字段 声明为可为 null。 [C:\Users\Administrator\RiderProjects\AdvancedTimeIsland\AdvancedTimeIsland.csproj::TargetFramework=net10.0]
C:\Users\Administrator\RiderProjects\AdvancedTimeIsland\Views\Main\AdvancedDateSettingsControl.cs(51,12): warning CS8618: 在退出构造函数时，不可为 null 的 字段 "_dateColorPicker" 必须包含非 null 值。请考虑添加 "required" 修饰符或将该 字段 声明为可为 null。 [C:\Users\Administrator\RiderProjects\AdvancedTimeIsland\AdvancedTimeIsland.csproj::TargetFramework=net10.0]
C:\Users\Administrator\RiderProjects\AdvancedTimeIsland\Views\Main\AdvancedDateSettingsControl.cs(51,12): warning CS8618: 在退出构造函数时，不可为 null 的 字段 "_dateFontSizeNumericUpDown" 必须包含非 null 值。请考虑添加 "required" 修饰符或将该 字段 声明为可为 null。 [C:\Users\Administrator\RiderProjects\AdvancedTimeIsland\AdvancedTimeIsland.csproj::TargetFramework=net10.0]
C:\Users\Administrator\RiderProjects\AdvancedTimeIsland\Views\Main\AdvancedDateSettingsControl.cs(51,12): warning CS8618: 在退出构造函数时，不可为 null 的 字段 "_dateFontFamilyComboBox" 必须包含非 null 值。请考虑添加 "required" 修饰符或将该 字段 声明为可为 null。 [C:\Users\Administrator\RiderProjects\AdvancedTimeIsland\AdvancedTimeIsland.csproj::TargetFramework=net10.0]
C:\Users\Administrator\RiderProjects\AdvancedTimeIsland\Views\Main\AdvancedDateSettingsControl.cs(51,12): warning CS8618: 在退出构造函数时，不可为 null 的 字段 "_dateFontWeightComboBox" 必须包含非 null 值。请考虑添加 "required" 修饰符或将该 字段 声明为可为 null。 [C:\Users\Administrator\RiderProjects\AdvancedTimeIsland\AdvancedTimeIsland.csproj::TargetFramework=net10.0]
C:\Users\Administrator\RiderProjects\AdvancedTimeIsland\Views\Main\AdvancedDateSettingsControl.cs(51,12): warning CS8618: 在退出构造函数时，不可为 null 的 字段 "_weekDayEnableCustomFontSizeToggle" 必须包含非 null 值。请考虑添加 "required" 修饰符或将该 字段 声明为可为 null。 [C:\Users\Administrator\RiderProjects\AdvancedTimeIsland\AdvancedTimeIsland.csproj::TargetFramework=net10.0]
C:\Users\Administrator\RiderProjects\AdvancedTimeIsland\Views\Main\AdvancedDateSettingsControl.cs(51,12): warning CS8618: 在退出构造函数时，不可为 null 的 字段 "_weekDayEnableCustomFontColorToggle" 必须包含非 null 值。请考虑添加 "required" 修饰符或将该 字段 声明为可为 null。 [C:\Users\Administrator\RiderProjects\AdvancedTimeIsland\AdvancedTimeIsland.csproj::TargetFramework=net10.0]
C:\Users\Administrator\RiderProjects\AdvancedTimeIsland\Views\Main\AdvancedDateSettingsControl.cs(51,12): warning CS8618: 在退出构造函数时，不可为 null 的 字段 "_weekDayEnableCustomFontFamilyToggle" 必须包含非 null 值。请考虑添加 "required" 修饰符或将该 字段 声明为可为 null。 [C:\Users\Administrator\RiderProjects\AdvancedTimeIsland\AdvancedTimeIsland.csproj::TargetFramework=net10.0]
C:\Users\Administrator\RiderProjects\AdvancedTimeIsland\Views\Main\AdvancedDateSettingsControl.cs(51,12): warning CS8618: 在退出构造函数时，不可为 null 的 字段 "_weekDayEnableCustomFontWeightToggle" 必须包含非 null 值。请考虑添加 "required" 修饰符或将该 字段 声明为可为 null。 [C:\Users\Administrator\RiderProjects\AdvancedTimeIsland\AdvancedTimeIsland.csproj::TargetFramework=net10.0]
C:\Users\Administrator\RiderProjects\AdvancedTimeIsland\Views\Main\AdvancedDateSettingsControl.cs(51,12): warning CS8618: 在退出构造函数时，不可为 null 的 字段 "_weekDayColorPicker" 必须包含非 null 值。请考虑添加 "required" 修饰符或将该 字段 声明为可为 null。 [C:\Users\Administrator\RiderProjects\AdvancedTimeIsland\AdvancedTimeIsland.csproj::TargetFramework=net10.0]
C:\Users\Administrator\RiderProjects\AdvancedTimeIsland\Views\Main\AdvancedDateSettingsControl.cs(51,12): warning CS8618: 在退出构造函数时，不可为 null 的 字段 "_weekDayFontSizeNumericUpDown" 必须包含非 null 值。请考虑添加 "required" 修饰符或将该 字段 声明为可为 null。 [C:\Users\Administrator\RiderProjects\AdvancedTimeIsland\AdvancedTimeIsland.csproj::TargetFramework=net10.0]
C:\Users\Administrator\RiderProjects\AdvancedTimeIsland\Views\Main\AdvancedDateSettingsControl.cs(51,12): warning CS8618: 在退出构造函数时，不可为 null 的 字段 "_weekDayFontFamilyComboBox" 必须包含非 null 值。请考虑添加 "required" 修饰符或将该 字段 声明为可为 null。 [C:\Users\Administrator\RiderProjects\AdvancedTimeIsland\AdvancedTimeIsland.csproj::TargetFramework=net10.0]
C:\Users\Administrator\RiderProjects\AdvancedTimeIsland\Views\Main\AdvancedDateSettingsControl.cs(51,12): warning CS8618: 在退出构造函数时，不可为 null 的 字段 "_weekDayFontWeightComboBox" 必须包含非 null 值。请考虑添加 "required" 修饰符或将该 字段 声明为可为 null。 [C:\Users\Administrator\RiderProjects\AdvancedTimeIsland\AdvancedTimeIsland.csproj::TargetFramework=net10.0]
C:\Users\Administrator\RiderProjects\AdvancedTimeIsland\Views\Main\AdvancedDateSettingsControl.cs(51,12): warning CS8618: 在退出构造函数时，不可为 null 的 字段 "_titleTextBlock" 必须包含非 null 值。请考虑添加 "required" 修饰符或将该 字段 声明为可为 null。 [C:\Users\Administrator\RiderProjects\AdvancedTimeIsland\AdvancedTimeIsland.csproj::TargetFramework=net10.0]
C:\Users\Administrator\RiderProjects\AdvancedTimeIsland\Views\Main\AdvancedDateSettingsControl.cs(51,12): warning CS8618: 在退出构造函数时，不可为 null 的 字段 "_descTextBlock" 必须包含非 null 值。请考虑添加 "required" 修饰符或将该 字段 声明为可为 null。 [C:\Users\Administrator\RiderProjects\AdvancedTimeIsland\AdvancedTimeIsland.csproj::TargetFramework=net10.0]
C:\Users\Administrator\RiderProjects\AdvancedTimeIsland\Views\Main\AdvancedDateSettingsControl.cs(51,12): warning CS8618: 在退出构造函数时，不可为 null 的 字段 "_labelTextBlock" 必须包含非 null 值。请考虑添加 "required" 修饰符或将该 字段 声明为可为 null。 [C:\Users\Administrator\RiderProjects\AdvancedTimeIsland\AdvancedTimeIsland.csproj::TargetFramework=net10.0]
C:\Users\Administrator\RiderProjects\AdvancedTimeIsland\Views\Main\AdvancedDateSettingsControl.cs(51,12): warning CS8618: 在退出构造函数时，不可为 null 的 字段 "_contentOrderLabelTextBlock" 必须包含非 null 值。请考虑添加 "required" 修饰符或将该 字段 声明为可为 null。 [C:\Users\Administrator\RiderProjects\AdvancedTimeIsland\AdvancedTimeIsland.csproj::TargetFramework=net10.0]
C:\Users\Administrator\RiderProjects\AdvancedTimeIsland\Views\Main\AdvancedDateSettingsControl.cs(51,12): warning CS8618: 在退出构造函数时，不可为 null 的 字段 "_dateSeparatorLabelTextBlock" 必须包含非 null 值。请考虑添加 "required" 修饰符或将该 字段 声明为可为 null。 [C:\Users\Administrator\RiderProjects\AdvancedTimeIsland\AdvancedTimeIsland.csproj::TargetFramework=net10.0]
C:\Users\Administrator\RiderProjects\AdvancedTimeIsland\Views\Main\AdvancedDateSettingsControl.cs(51,12): warning CS8618: 在退出构造函数时，不可为 null 的 字段 "_dateTitleTextBlock" 必须包含非 null 值。请考虑添加 "required" 修饰符或将该 字段 声明为可为 null。 [C:\Users\Administrator\RiderProjects\AdvancedTimeIsland\AdvancedTimeIsland.csproj::TargetFramework=net10.0]
C:\Users\Administrator\RiderProjects\AdvancedTimeIsland\Views\Main\AdvancedDateSettingsControl.cs(51,12): warning CS8618: 在退出构造函数时，不可为 null 的 字段 "_dateColorLabelTextBlock" 必须包含非 null 值。请考虑添加 "required" 修饰符或将该 字段 声明为可为 null。 [C:\Users\Administrator\RiderProjects\AdvancedTimeIsland\AdvancedTimeIsland.csproj::TargetFramework=net10.0]
C:\Users\Administrator\RiderProjects\AdvancedTimeIsland\Views\Main\AdvancedDateSettingsControl.cs(51,12): warning CS8618: 在退出构造函数时，不可为 null 的 字段 "_dateFontSizeLabelTextBlock" 必须包含非 null 值。请考虑添加 "required" 修饰符或将该 字段 声明为可为 null。 [C:\Users\Administrator\RiderProjects\AdvancedTimeIsland\AdvancedTimeIsland.csproj::TargetFramework=net10.0]
C:\Users\Administrator\RiderProjects\AdvancedTimeIsland\Views\Main\AdvancedDateSettingsControl.cs(51,12): warning CS8618: 在退出构造函数时，不可为 null 的 字段 "_weekDayTitleTextBlock" 必须包含非 null 值。请考虑添加 "required" 修饰符或将该 字段 声明为可为 null。 [C:\Users\Administrator\RiderProjects\AdvancedTimeIsland\AdvancedTimeIsland.csproj::TargetFramework=net10.0]
C:\Users\Administrator\RiderProjects\AdvancedTimeIsland\Views\Main\AdvancedDateSettingsControl.cs(51,12): warning CS8618: 在退出构造函数时，不可为 null 的 字段 "_weekDayColorLabelTextBlock" 必须包含非 null 值。请考虑添加 "required" 修饰符或将该 字段 声明为可为 null。 [C:\Users\Administrator\RiderProjects\AdvancedTimeIsland\AdvancedTimeIsland.csproj::TargetFramework=net10.0]
C:\Users\Administrator\RiderProjects\AdvancedTimeIsland\Views\Main\AdvancedDateSettingsControl.cs(51,12): warning CS8618: 在退出构造函数时，不可为 null 的 字段 "_weekDayFontSizeLabelTextBlock" 必须包含非 null 值。请考虑添加 "required" 修饰符或将该 字段 声明为可为 null。 [C:\Users\Administrator\RiderProjects\AdvancedTimeIsland\AdvancedTimeIsland.csproj::TargetFramework=net10.0]
C:\Users\Administrator\RiderProjects\AdvancedTimeIsland\Views\Main\TomorrowYiJiControl.cs(28,12): warning CS8618: 在退出构造函数时，不可为 null 的 字段 "vm" 必须包含非 null 值。请考虑添加 "required" 修饰符或将该 字段 声明为可为 null。 [C:\Users\Administrator\RiderProjects\AdvancedTimeIsland\AdvancedTimeIsland.csproj::TargetFramework=net10.0]
C:\Users\Administrator\RiderProjects\AdvancedTimeIsland\Views\Main\TomorrowYiJiControl.cs(28,12): warning CS8618: 在退出构造函数时，不可为 null 的 字段 "yiLabelTb" 必须包含非 null 值。请考虑添加 "required" 修饰符或将该 字段 声明为可为 null。 [C:\Users\Administrator\RiderProjects\AdvancedTimeIsland\AdvancedTimeIsland.csproj::TargetFramework=net10.0]
C:\Users\Administrator\RiderProjects\AdvancedTimeIsland\Views\Main\TomorrowYiJiControl.cs(28,12): warning CS8618: 在退出构造函数时，不可为 null 的 字段 "yiValueTb" 必须包含非 null 值。请考虑添加 "required" 修饰符或将该 字段 声明为可为 null。 [C:\Users\Administrator\RiderProjects\AdvancedTimeIsland\AdvancedTimeIsland.csproj::TargetFramework=net10.0]
C:\Users\Administrator\RiderProjects\AdvancedTimeIsland\Views\Main\TomorrowYiJiControl.cs(28,12): warning CS8618: 在退出构造函数时，不可为 null 的 字段 "jiLabelTb" 必须包含非 null 值。请考虑添加 "required" 修饰符或将该 字段 声明为可为 null。 [C:\Users\Administrator\RiderProjects\AdvancedTimeIsland\AdvancedTimeIsland.csproj::TargetFramework=net10.0]
C:\Users\Administrator\RiderProjects\AdvancedTimeIsland\Views\Main\TomorrowYiJiControl.cs(28,12): warning CS8618: 在退出构造函数时，不可为 null 的 字段 "jiValueTb" 必须包含非 null 值。请考虑添加 "required" 修饰符或将该 字段 声明为可为 null。 [C:\Users\Administrator\RiderProjects\AdvancedTimeIsland\AdvancedTimeIsland.csproj::TargetFramework=net10.0]
C:\Users\Administrator\RiderProjects\AdvancedTimeIsland\Views\Main\TomorrowYiJiControl.cs(28,12): warning CS8618: 在退出构造函数时，不可为 null 的 字段 "rootBorder" 必须包含非 null 值。请考虑添加 "required" 修饰符或将该 字段 声明为可为 null。 [C:\Users\Administrator\RiderProjects\AdvancedTimeIsland\AdvancedTimeIsland.csproj::TargetFramework=net10.0]
C:\Users\Administrator\RiderProjects\AdvancedTimeIsland\Views\Main\TomorrowYiJiControl.cs(28,12): warning CS8618: 在退出构造函数时，不可为 null 的 字段 "mainSp" 必须包含非 null 值。请考虑添加 "required" 修饰符或将该 字段 声明为可为 null。 [C:\Users\Administrator\RiderProjects\AdvancedTimeIsland\AdvancedTimeIsland.csproj::TargetFramework=net10.0]
C:\Users\Administrator\RiderProjects\AdvancedTimeIsland\Plugin.cs(235,13): warning CS8604: “void CrossPluginHelper.ScheduleEasterEggMutexCheck(PluginSettings settings, TimeSpan delay)”中的形参“settings”可能传入 null 引用实参。 [C:\Users\Administrator\RiderProjects\AdvancedTimeIsland\AdvancedTimeIsland.csproj::TargetFramework=net10.0]
C:\Users\Administrator\RiderProjects\AdvancedTimeIsland\Views\Settings\DebugPage.cs(265,13): warning CS0618: “TextBox.Watermark”已过时:“Use PlaceholderText instead.” [C:\Users\Administrator\RiderProjects\AdvancedTimeIsland\AdvancedTimeIsland.csproj::TargetFramework=net10.0]
C:\Users\Administrator\RiderProjects\AdvancedTimeIsland\Automation\Rules\TimeZoneHourlyTimeRangeRuleSettingsControl.cs(132,13): warning CS0618: “TextBox.Watermark”已过时:“Use PlaceholderText instead.” [C:\Users\Administrator\RiderProjects\AdvancedTimeIsland\AdvancedTimeIsland.csproj::TargetFramework=net10.0]
C:\Users\Administrator\RiderProjects\AdvancedTimeIsland\Automation\Rules\TimeZoneHourlyTimeRangeRuleSettingsControl.cs(139,13): warning CS0618: “TextBox.Watermark”已过时:“Use PlaceholderText instead.” [C:\Users\Administrator\RiderProjects\AdvancedTimeIsland\AdvancedTimeIsland.csproj::TargetFramework=net10.0]
C:\Users\Administrator\RiderProjects\AdvancedTimeIsland\Views\Main\CountdownControl.cs(39,12): warning CS8618: 在退出构造函数时，不可为 null 的 字段 "vm" 必须包含非 null 值。请考虑添加 "required" 修饰符或将该 字段 声明为可为 null。 [C:\Users\Administrator\RiderProjects\AdvancedTimeIsland\AdvancedTimeIsland.csproj::TargetFramework=net10.0]
C:\Users\Administrator\RiderProjects\AdvancedTimeIsland\Views\Main\CountdownControl.cs(39,12): warning CS8618: 在退出构造函数时，不可为 null 的 字段 "tbText1" 必须包含非 null 值。请考虑添加 "required" 修饰符或将该 字段 声明为可为 null。 [C:\Users\Administrator\RiderProjects\AdvancedTimeIsland\AdvancedTimeIsland.csproj::TargetFramework=net10.0]
C:\Users\Administrator\RiderProjects\AdvancedTimeIsland\Views\Main\CountdownControl.cs(39,12): warning CS8618: 在退出构造函数时，不可为 null 的 字段 "tbText2" 必须包含非 null 值。请考虑添加 "required" 修饰符或将该 字段 声明为可为 null。 [C:\Users\Administrator\RiderProjects\AdvancedTimeIsland\AdvancedTimeIsland.csproj::TargetFramework=net10.0]
C:\Users\Administrator\RiderProjects\AdvancedTimeIsland\Views\Main\CountdownControl.cs(39,12): warning CS8618: 在退出构造函数时，不可为 null 的 字段 "tbText3" 必须包含非 null 值。请考虑添加 "required" 修饰符或将该 字段 声明为可为 null。 [C:\Users\Administrator\RiderProjects\AdvancedTimeIsland\AdvancedTimeIsland.csproj::TargetFramework=net10.0]
C:\Users\Administrator\RiderProjects\AdvancedTimeIsland\Views\Main\CountdownControl.cs(39,12): warning CS8618: 在退出构造函数时，不可为 null 的 字段 "tbTime" 必须包含非 null 值。请考虑添加 "required" 修饰符或将该 字段 声明为可为 null。 [C:\Users\Administrator\RiderProjects\AdvancedTimeIsland\AdvancedTimeIsland.csproj::TargetFramework=net10.0]
C:\Users\Administrator\RiderProjects\AdvancedTimeIsland\Views\Main\CountdownControl.cs(39,12): warning CS8618: 在退出构造函数时，不可为 null 的 字段 "tbText4" 必须包含非 null 值。请考虑添加 "required" 修饰符或将该 字段 声明为可为 null。 [C:\Users\Administrator\RiderProjects\AdvancedTimeIsland\AdvancedTimeIsland.csproj::TargetFramework=net10.0]
C:\Users\Administrator\RiderProjects\AdvancedTimeIsland\Views\Main\CountdownControl.cs(39,12): warning CS8618: 在退出构造函数时，不可为 null 的 字段 "rootBorder" 必须包含非 null 值。请考虑添加 "required" 修饰符或将该 字段 声明为可为 null。 [C:\Users\Administrator\RiderProjects\AdvancedTimeIsland\AdvancedTimeIsland.csproj::TargetFramework=net10.0]
C:\Users\Administrator\RiderProjects\AdvancedTimeIsland\Views\Main\CountdownControl.cs(39,12): warning CS8618: 在退出构造函数时，不可为 null 的 字段 "contentPanel" 必须包含非 null 值。请考虑添加 "required" 修饰符或将该 字段 声明为可为 null。 [C:\Users\Administrator\RiderProjects\AdvancedTimeIsland\AdvancedTimeIsland.csproj::TargetFramework=net10.0]
C:\Users\Administrator\RiderProjects\AdvancedTimeIsland\Views\Main\CountdownControl.cs(39,12): warning CS8618: 在退出构造函数时，不可为 null 的 字段 "progressBar" 必须包含非 null 值。请考虑添加 "required" 修饰符或将该 字段 声明为可为 null。 [C:\Users\Administrator\RiderProjects\AdvancedTimeIsland\AdvancedTimeIsland.csproj::TargetFramework=net10.0]
C:\Users\Administrator\RiderProjects\AdvancedTimeIsland\Views\Main\CountdownControl.cs(39,12): warning CS8618: 在退出构造函数时，不可为 null 的 字段 "circleProgressRoot" 必须包含非 null 值。请考虑添加 "required" 修饰符或将该 字段 声明为可为 null。 [C:\Users\Administrator\RiderProjects\AdvancedTimeIsland\AdvancedTimeIsland.csproj::TargetFramework=net10.0]
C:\Users\Administrator\RiderProjects\AdvancedTimeIsland\Views\Main\CountdownControl.cs(39,12): warning CS8618: 在退出构造函数时，不可为 null 的 字段 "circleProgressBackground" 必须包含非 null 值。请考虑添加 "required" 修饰符或将该 字段 声明为可为 null。 [C:\Users\Administrator\RiderProjects\AdvancedTimeIsland\AdvancedTimeIsland.csproj::TargetFramework=net10.0]
C:\Users\Administrator\RiderProjects\AdvancedTimeIsland\Views\Main\CountdownControl.cs(39,12): warning CS8618: 在退出构造函数时，不可为 null 的 字段 "circleProgressPath" 必须包含非 null 值。请考虑添加 "required" 修饰符或将该 字段 声明为可为 null。 [C:\Users\Administrator\RiderProjects\AdvancedTimeIsland\AdvancedTimeIsland.csproj::TargetFramework=net10.0]
C:\Users\Administrator\RiderProjects\AdvancedTimeIsland\Views\Main\TimeZoneTimeSettingsControl.cs(33,12): warning CS8618: 在退出构造函数时，不可为 null 的 字段 "_timeZoneComboBox" 必须包含非 null 值。请考虑添加 "required" 修饰符或将该 字段 声明为可为 null。 [C:\Users\Administrator\RiderProjects\AdvancedTimeIsland\AdvancedTimeIsland.csproj::TargetFramework=net10.0]
C:\Users\Administrator\RiderProjects\AdvancedTimeIsland\Views\Main\TimeZoneTimeSettingsControl.cs(33,12): warning CS8618: 在退出构造函数时，不可为 null 的 字段 "_enableCustomFontSizeToggle" 必须包含非 null 值。请考虑添加 "required" 修饰符或将该 字段 声明为可为 null。 [C:\Users\Administrator\RiderProjects\AdvancedTimeIsland\AdvancedTimeIsland.csproj::TargetFramework=net10.0]
C:\Users\Administrator\RiderProjects\AdvancedTimeIsland\Views\Main\TimeZoneTimeSettingsControl.cs(33,12): warning CS8618: 在退出构造函数时，不可为 null 的 字段 "_enableCustomFontColorToggle" 必须包含非 null 值。请考虑添加 "required" 修饰符或将该 字段 声明为可为 null。 [C:\Users\Administrator\RiderProjects\AdvancedTimeIsland\AdvancedTimeIsland.csproj::TargetFramework=net10.0]
C:\Users\Administrator\RiderProjects\AdvancedTimeIsland\Views\Main\TimeZoneTimeSettingsControl.cs(33,12): warning CS8618: 在退出构造函数时，不可为 null 的 字段 "_enableCustomFontFamilyToggle" 必须包含非 null 值。请考虑添加 "required" 修饰符或将该 字段 声明为可为 null。 [C:\Users\Administrator\RiderProjects\AdvancedTimeIsland\AdvancedTimeIsland.csproj::TargetFramework=net10.0]
C:\Users\Administrator\RiderProjects\AdvancedTimeIsland\Views\Main\TimeZoneTimeSettingsControl.cs(33,12): warning CS8618: 在退出构造函数时，不可为 null 的 字段 "_enableCustomFontWeightToggle" 必须包含非 null 值。请考虑添加 "required" 修饰符或将该 字段 声明为可为 null。 [C:\Users\Administrator\RiderProjects\AdvancedTimeIsland\AdvancedTimeIsland.csproj::TargetFramework=net10.0]
C:\Users\Administrator\RiderProjects\AdvancedTimeIsland\Views\Main\TimeZoneTimeSettingsControl.cs(33,12): warning CS8618: 在退出构造函数时，不可为 null 的 字段 "_colorPicker" 必须包含非 null 值。请考虑添加 "required" 修饰符或将该 字段 声明为可为 null。 [C:\Users\Administrator\RiderProjects\AdvancedTimeIsland\AdvancedTimeIsland.csproj::TargetFramework=net10.0]
C:\Users\Administrator\RiderProjects\AdvancedTimeIsland\Views\Main\TimeZoneTimeSettingsControl.cs(33,12): warning CS8618: 在退出构造函数时，不可为 null 的 字段 "_fontSizeNumericUpDown" 必须包含非 null 值。请考虑添加 "required" 修饰符或将该 字段 声明为可为 null。 [C:\Users\Administrator\RiderProjects\AdvancedTimeIsland\AdvancedTimeIsland.csproj::TargetFramework=net10.0]
C:\Users\Administrator\RiderProjects\AdvancedTimeIsland\Views\Main\TimeZoneTimeSettingsControl.cs(33,12): warning CS8618: 在退出构造函数时，不可为 null 的 字段 "_fontFamilyComboBox" 必须包含非 null 值。请考虑添加 "required" 修饰符或将该 字段 声明为可为 null。 [C:\Users\Administrator\RiderProjects\AdvancedTimeIsland\AdvancedTimeIsland.csproj::TargetFramework=net10.0]
C:\Users\Administrator\RiderProjects\AdvancedTimeIsland\Views\Main\TimeZoneTimeSettingsControl.cs(33,12): warning CS8618: 在退出构造函数时，不可为 null 的 字段 "_fontWeightComboBox" 必须包含非 null 值。请考虑添加 "required" 修饰符或将该 字段 声明为可为 null。 [C:\Users\Administrator\RiderProjects\AdvancedTimeIsland\AdvancedTimeIsland.csproj::TargetFramework=net10.0]
C:\Users\Administrator\RiderProjects\AdvancedTimeIsland\Views\Main\TimeZoneTimeSettingsControl.cs(33,12): warning CS8618: 在退出构造函数时，不可为 null 的 字段 "_titleTextBlock" 必须包含非 null 值。请考虑添加 "required" 修饰符或将该 字段 声明为可为 null。 [C:\Users\Administrator\RiderProjects\AdvancedTimeIsland\AdvancedTimeIsland.csproj::TargetFramework=net10.0]
C:\Users\Administrator\RiderProjects\AdvancedTimeIsland\Views\Main\TimeZoneTimeSettingsControl.cs(33,12): warning CS8618: 在退出构造函数时，不可为 null 的 字段 "_descTextBlock" 必须包含非 null 值。请考虑添加 "required" 修饰符或将该 字段 声明为可为 null。 [C:\Users\Administrator\RiderProjects\AdvancedTimeIsland\AdvancedTimeIsland.csproj::TargetFramework=net10.0]
C:\Users\Administrator\RiderProjects\AdvancedTimeIsland\Views\Main\TimeZoneTimeSettingsControl.cs(33,12): warning CS8618: 在退出构造函数时，不可为 null 的 字段 "_styleTitleTextBlock" 必须包含非 null 值。请考虑添加 "required" 修饰符或将该 字段 声明为可为 null。 [C:\Users\Administrator\RiderProjects\AdvancedTimeIsland\AdvancedTimeIsland.csproj::TargetFramework=net10.0]
C:\Users\Administrator\RiderProjects\AdvancedTimeIsland\Views\Main\TimeZoneTimeSettingsControl.cs(33,12): warning CS8618: 在退出构造函数时，不可为 null 的 字段 "_colorLabelTextBlock" 必须包含非 null 值。请考虑添加 "required" 修饰符或将该 字段 声明为可为 null。 [C:\Users\Administrator\RiderProjects\AdvancedTimeIsland\AdvancedTimeIsland.csproj::TargetFramework=net10.0]
C:\Users\Administrator\RiderProjects\AdvancedTimeIsland\Views\Main\TimeZoneTimeSettingsControl.cs(33,12): warning CS8618: 在退出构造函数时，不可为 null 的 字段 "_fontSizeLabelTextBlock" 必须包含非 null 值。请考虑添加 "required" 修饰符或将该 字段 声明为可为 null。 [C:\Users\Administrator\RiderProjects\AdvancedTimeIsland\AdvancedTimeIsland.csproj::TargetFramework=net10.0]
C:\Users\Administrator\RiderProjects\AdvancedTimeIsland\Views\Main\DayYiJiControl.cs(33,12): warning CS8618: 在退出构造函数时，不可为 null 的 字段 "vm" 必须包含非 null 值。请考虑添加 "required" 修饰符或将该 字段 声明为可为 null。 [C:\Users\Administrator\RiderProjects\AdvancedTimeIsland\AdvancedTimeIsland.csproj::TargetFramework=net10.0]
C:\Users\Administrator\RiderProjects\AdvancedTimeIsland\Views\Main\DayYiJiControl.cs(33,12): warning CS8618: 在退出构造函数时，不可为 null 的 字段 "yiLabelTb" 必须包含非 null 值。请考虑添加 "required" 修饰符或将该 字段 声明为可为 null。 [C:\Users\Administrator\RiderProjects\AdvancedTimeIsland\AdvancedTimeIsland.csproj::TargetFramework=net10.0]
C:\Users\Administrator\RiderProjects\AdvancedTimeIsland\Views\Main\DayYiJiControl.cs(33,12): warning CS8618: 在退出构造函数时，不可为 null 的 字段 "yiValueTb" 必须包含非 null 值。请考虑添加 "required" 修饰符或将该 字段 声明为可为 null。 [C:\Users\Administrator\RiderProjects\AdvancedTimeIsland\AdvancedTimeIsland.csproj::TargetFramework=net10.0]
C:\Users\Administrator\RiderProjects\AdvancedTimeIsland\Views\Main\DayYiJiControl.cs(33,12): warning CS8618: 在退出构造函数时，不可为 null 的 字段 "jiLabelTb" 必须包含非 null 值。请考虑添加 "required" 修饰符或将该 字段 声明为可为 null。 [C:\Users\Administrator\RiderProjects\AdvancedTimeIsland\AdvancedTimeIsland.csproj::TargetFramework=net10.0]
C:\Users\Administrator\RiderProjects\AdvancedTimeIsland\Views\Main\DayYiJiControl.cs(33,12): warning CS8618: 在退出构造函数时，不可为 null 的 字段 "jiValueTb" 必须包含非 null 值。请考虑添加 "required" 修饰符或将该 字段 声明为可为 null。 [C:\Users\Administrator\RiderProjects\AdvancedTimeIsland\AdvancedTimeIsland.csproj::TargetFramework=net10.0]
C:\Users\Administrator\RiderProjects\AdvancedTimeIsland\Views\Main\DayYiJiControl.cs(33,12): warning CS8618: 在退出构造函数时，不可为 null 的 字段 "rootBorder" 必须包含非 null 值。请考虑添加 "required" 修饰符或将该 字段 声明为可为 null。 [C:\Users\Administrator\RiderProjects\AdvancedTimeIsland\AdvancedTimeIsland.csproj::TargetFramework=net10.0]
C:\Users\Administrator\RiderProjects\AdvancedTimeIsland\Views\Main\DayYiJiControl.cs(33,12): warning CS8618: 在退出构造函数时，不可为 null 的 字段 "mainSp" 必须包含非 null 值。请考虑添加 "required" 修饰符或将该 字段 声明为可为 null。 [C:\Users\Administrator\RiderProjects\AdvancedTimeIsland\AdvancedTimeIsland.csproj::TargetFramework=net10.0]
C:\Users\Administrator\RiderProjects\AdvancedTimeIsland\Automation\Rules\TimeZoneHourlyTimeRangeRuleSettingsControl.cs(215,39): warning CS8604: “int TimeZoneHourlyTimeRangeRuleSettingsControl.ParseMinute(string text)”中的形参“text”可能传入 null 引用实参。 [C:\Users\Administrator\RiderProjects\AdvancedTimeIsland\AdvancedTimeIsland.csproj::TargetFramework=net10.0]
C:\Users\Administrator\RiderProjects\AdvancedTimeIsland\Automation\Rules\TimeZoneHourlyTimeRangeRuleSettingsControl.cs(216,39): warning CS8604: “int TimeZoneHourlyTimeRangeRuleSettingsControl.ParseSecond(string text)”中的形参“text”可能传入 null 引用实参。 [C:\Users\Administrator\RiderProjects\AdvancedTimeIsland\AdvancedTimeIsland.csproj::TargetFramework=net10.0]
C:\Users\Administrator\RiderProjects\AdvancedTimeIsland\Automation\Rules\TimeZoneHourlyTimeRangeRuleSettingsControl.cs(219,37): warning CS8604: “int TimeZoneHourlyTimeRangeRuleSettingsControl.ParseMinute(string text)”中的形参“text”可能传入 null 引用实参。 [C:\Users\Administrator\RiderProjects\AdvancedTimeIsland\AdvancedTimeIsland.csproj::TargetFramework=net10.0]
C:\Users\Administrator\RiderProjects\AdvancedTimeIsland\Automation\Rules\TimeZoneHourlyTimeRangeRuleSettingsControl.cs(220,37): warning CS8604: “int TimeZoneHourlyTimeRangeRuleSettingsControl.ParseSecond(string text)”中的形参“text”可能传入 null 引用实参。 [C:\Users\Administrator\RiderProjects\AdvancedTimeIsland\AdvancedTimeIsland.csproj::TargetFramework=net10.0]
C:\Users\Administrator\RiderProjects\AdvancedTimeIsland\Views\Main\DayYiJiSettingsControl.cs(71,12): warning CS8618: 在退出构造函数时，不可为 null 的 字段 "_yiLabelFontSizeNumericUpDown" 必须包含非 null 值。请考虑添加 "required" 修饰符或将该 字段 声明为可为 null。 [C:\Users\Administrator\RiderProjects\AdvancedTimeIsland\AdvancedTimeIsland.csproj::TargetFramework=net10.0]
C:\Users\Administrator\RiderProjects\AdvancedTimeIsland\Views\Main\DayYiJiSettingsControl.cs(71,12): warning CS8618: 在退出构造函数时，不可为 null 的 字段 "_yiLabelFontColorPicker" 必须包含非 null 值。请考虑添加 "required" 修饰符或将该 字段 声明为可为 null。 [C:\Users\Administrator\RiderProjects\AdvancedTimeIsland\AdvancedTimeIsland.csproj::TargetFramework=net10.0]
C:\Users\Administrator\RiderProjects\AdvancedTimeIsland\Views\Main\DayYiJiSettingsControl.cs(71,12): warning CS8618: 在退出构造函数时，不可为 null 的 字段 "_yiValueFontSizeNumericUpDown" 必须包含非 null 值。请考虑添加 "required" 修饰符或将该 字段 声明为可为 null。 [C:\Users\Administrator\RiderProjects\AdvancedTimeIsland\AdvancedTimeIsland.csproj::TargetFramework=net10.0]
C:\Users\Administrator\RiderProjects\AdvancedTimeIsland\Views\Main\DayYiJiSettingsControl.cs(71,12): warning CS8618: 在退出构造函数时，不可为 null 的 字段 "_jiLabelFontSizeNumericUpDown" 必须包含非 null 值。请考虑添加 "required" 修饰符或将该 字段 声明为可为 null。 [C:\Users\Administrator\RiderProjects\AdvancedTimeIsland\AdvancedTimeIsland.csproj::TargetFramework=net10.0]
C:\Users\Administrator\RiderProjects\AdvancedTimeIsland\Views\Main\DayYiJiSettingsControl.cs(71,12): warning CS8618: 在退出构造函数时，不可为 null 的 字段 "_jiLabelFontColorPicker" 必须包含非 null 值。请考虑添加 "required" 修饰符或将该 字段 声明为可为 null。 [C:\Users\Administrator\RiderProjects\AdvancedTimeIsland\AdvancedTimeIsland.csproj::TargetFramework=net10.0]
C:\Users\Administrator\RiderProjects\AdvancedTimeIsland\Views\Main\DayYiJiSettingsControl.cs(71,12): warning CS8618: 在退出构造函数时，不可为 null 的 字段 "_jiValueFontSizeNumericUpDown" 必须包含非 null 值。请考虑添加 "required" 修饰符或将该 字段 声明为可为 null。 [C:\Users\Administrator\RiderProjects\AdvancedTimeIsland\AdvancedTimeIsland.csproj::TargetFramework=net10.0]
C:\Users\Administrator\RiderProjects\AdvancedTimeIsland\Views\Main\DayYiJiSettingsControl.cs(71,12): warning CS8618: 在退出构造函数时，不可为 null 的 字段 "_yiLabelEnableCustomFontSizeToggle" 必须包含非 null 值。请考虑添加 "required" 修饰符或将该 字段 声明为可为 null。 [C:\Users\Administrator\RiderProjects\AdvancedTimeIsland\AdvancedTimeIsland.csproj::TargetFramework=net10.0]
C:\Users\Administrator\RiderProjects\AdvancedTimeIsland\Views\Main\DayYiJiSettingsControl.cs(71,12): warning CS8618: 在退出构造函数时，不可为 null 的 字段 "_yiLabelEnableCustomFontColorToggle" 必须包含非 null 值。请考虑添加 "required" 修饰符或将该 字段 声明为可为 null。 [C:\Users\Administrator\RiderProjects\AdvancedTimeIsland\AdvancedTimeIsland.csproj::TargetFramework=net10.0]
C:\Users\Administrator\RiderProjects\AdvancedTimeIsland\Views\Main\DayYiJiSettingsControl.cs(71,12): warning CS8618: 在退出构造函数时，不可为 null 的 字段 "_yiLabelEnableCustomFontFamilyToggle" 必须包含非 null 值。请考虑添加 "required" 修饰符或将该 字段 声明为可为 null。 [C:\Users\Administrator\RiderProjects\AdvancedTimeIsland\AdvancedTimeIsland.csproj::TargetFramework=net10.0]
C:\Users\Administrator\RiderProjects\AdvancedTimeIsland\Views\Main\DayYiJiSettingsControl.cs(71,12): warning CS8618: 在退出构造函数时，不可为 null 的 字段 "_yiLabelEnableCustomFontWeightToggle" 必须包含非 null 值。请考虑添加 "required" 修饰符或将该 字段 声明为可为 null。 [C:\Users\Administrator\RiderProjects\AdvancedTimeIsland\AdvancedTimeIsland.csproj::TargetFramework=net10.0]
C:\Users\Administrator\RiderProjects\AdvancedTimeIsland\Views\Main\DayYiJiSettingsControl.cs(71,12): warning CS8618: 在退出构造函数时，不可为 null 的 字段 "_yiValueEnableCustomFontSizeToggle" 必须包含非 null 值。请考虑添加 "required" 修饰符或将该 字段 声明为可为 null。 [C:\Users\Administrator\RiderProjects\AdvancedTimeIsland\AdvancedTimeIsland.csproj::TargetFramework=net10.0]
C:\Users\Administrator\RiderProjects\AdvancedTimeIsland\Views\Main\DayYiJiSettingsControl.cs(71,12): warning CS8618: 在退出构造函数时，不可为 null 的 字段 "_yiValueEnableCustomFontFamilyToggle" 必须包含非 null 值。请考虑添加 "required" 修饰符或将该 字段 声明为可为 null。 [C:\Users\Administrator\RiderProjects\AdvancedTimeIsland\AdvancedTimeIsland.csproj::TargetFramework=net10.0]
C:\Users\Administrator\RiderProjects\AdvancedTimeIsland\Views\Main\DayYiJiSettingsControl.cs(71,12): warning CS8618: 在退出构造函数时，不可为 null 的 字段 "_yiValueEnableCustomFontWeightToggle" 必须包含非 null 值。请考虑添加 "required" 修饰符或将该 字段 声明为可为 null。 [C:\Users\Administrator\RiderProjects\AdvancedTimeIsland\AdvancedTimeIsland.csproj::TargetFramework=net10.0]
C:\Users\Administrator\RiderProjects\AdvancedTimeIsland\Views\Main\DayYiJiSettingsControl.cs(71,12): warning CS8618: 在退出构造函数时，不可为 null 的 字段 "_jiLabelEnableCustomFontSizeToggle" 必须包含非 null 值。请考虑添加 "required" 修饰符或将该 字段 声明为可为 null。 [C:\Users\Administrator\RiderProjects\AdvancedTimeIsland\AdvancedTimeIsland.csproj::TargetFramework=net10.0]
C:\Users\Administrator\RiderProjects\AdvancedTimeIsland\Views\Main\DayYiJiSettingsControl.cs(71,12): warning CS8618: 在退出构造函数时，不可为 null 的 字段 "_jiLabelEnableCustomFontColorToggle" 必须包含非 null 值。请考虑添加 "required" 修饰符或将该 字段 声明为可为 null。 [C:\Users\Administrator\RiderProjects\AdvancedTimeIsland\AdvancedTimeIsland.csproj::TargetFramework=net10.0]
C:\Users\Administrator\RiderProjects\AdvancedTimeIsland\Views\Main\DayYiJiSettingsControl.cs(71,12): warning CS8618: 在退出构造函数时，不可为 null 的 字段 "_jiLabelEnableCustomFontFamilyToggle" 必须包含非 null 值。请考虑添加 "required" 修饰符或将该 字段 声明为可为 null。 [C:\Users\Administrator\RiderProjects\AdvancedTimeIsland\AdvancedTimeIsland.csproj::TargetFramework=net10.0]
C:\Users\Administrator\RiderProjects\AdvancedTimeIsland\Views\Main\DayYiJiSettingsControl.cs(71,12): warning CS8618: 在退出构造函数时，不可为 null 的 字段 "_jiLabelEnableCustomFontWeightToggle" 必须包含非 null 值。请考虑添加 "required" 修饰符或将该 字段 声明为可为 null。 [C:\Users\Administrator\RiderProjects\AdvancedTimeIsland\AdvancedTimeIsland.csproj::TargetFramework=net10.0]
C:\Users\Administrator\RiderProjects\AdvancedTimeIsland\Views\Main\DayYiJiSettingsControl.cs(71,12): warning CS8618: 在退出构造函数时，不可为 null 的 字段 "_jiValueEnableCustomFontSizeToggle" 必须包含非 null 值。请考虑添加 "required" 修饰符或将该 字段 声明为可为 null。 [C:\Users\Administrator\RiderProjects\AdvancedTimeIsland\AdvancedTimeIsland.csproj::TargetFramework=net10.0]
C:\Users\Administrator\RiderProjects\AdvancedTimeIsland\Views\Main\DayYiJiSettingsControl.cs(71,12): warning CS8618: 在退出构造函数时，不可为 null 的 字段 "_jiValueEnableCustomFontFamilyToggle" 必须包含非 null 值。请考虑添加 "required" 修饰符或将该 字段 声明为可为 null。 [C:\Users\Administrator\RiderProjects\AdvancedTimeIsland\AdvancedTimeIsland.csproj::TargetFramework=net10.0]
C:\Users\Administrator\RiderProjects\AdvancedTimeIsland\Views\Main\DayYiJiSettingsControl.cs(71,12): warning CS8618: 在退出构造函数时，不可为 null 的 字段 "_jiValueEnableCustomFontWeightToggle" 必须包含非 null 值。请考虑添加 "required" 修饰符或将该 字段 声明为可为 null。 [C:\Users\Administrator\RiderProjects\AdvancedTimeIsland\AdvancedTimeIsland.csproj::TargetFramework=net10.0]
C:\Users\Administrator\RiderProjects\AdvancedTimeIsland\Views\Main\DayYiJiSettingsControl.cs(71,12): warning CS8618: 在退出构造函数时，不可为 null 的 字段 "_yiLabelFontFamilyComboBox" 必须包含非 null 值。请考虑添加 "required" 修饰符或将该 字段 声明为可为 null。 [C:\Users\Administrator\RiderProjects\AdvancedTimeIsland\AdvancedTimeIsland.csproj::TargetFramework=net10.0]
C:\Users\Administrator\RiderProjects\AdvancedTimeIsland\Views\Main\DayYiJiSettingsControl.cs(71,12): warning CS8618: 在退出构造函数时，不可为 null 的 字段 "_yiValueFontFamilyComboBox" 必须包含非 null 值。请考虑添加 "required" 修饰符或将该 字段 声明为可为 null。 [C:\Users\Administrator\RiderProjects\AdvancedTimeIsland\AdvancedTimeIsland.csproj::TargetFramework=net10.0]
C:\Users\Administrator\RiderProjects\AdvancedTimeIsland\Views\Main\DayYiJiSettingsControl.cs(71,12): warning CS8618: 在退出构造函数时，不可为 null 的 字段 "_jiLabelFontFamilyComboBox" 必须包含非 null 值。请考虑添加 "required" 修饰符或将该 字段 声明为可为 null。 [C:\Users\Administrator\RiderProjects\AdvancedTimeIsland\AdvancedTimeIsland.csproj::TargetFramework=net10.0]
C:\Users\Administrator\RiderProjects\AdvancedTimeIsland\Views\Main\DayYiJiSettingsControl.cs(71,12): warning CS8618: 在退出构造函数时，不可为 null 的 字段 "_jiValueFontFamilyComboBox" 必须包含非 null 值。请考虑添加 "required" 修饰符或将该 字段 声明为可为 null。 [C:\Users\Administrator\RiderProjects\AdvancedTimeIsland\AdvancedTimeIsland.csproj::TargetFramework=net10.0]
C:\Users\Administrator\RiderProjects\AdvancedTimeIsland\Views\Main\DayYiJiSettingsControl.cs(71,12): warning CS8618: 在退出构造函数时，不可为 null 的 字段 "_yiLabelFontWeightComboBox" 必须包含非 null 值。请考虑添加 "required" 修饰符或将该 字段 声明为可为 null。 [C:\Users\Administrator\RiderProjects\AdvancedTimeIsland\AdvancedTimeIsland.csproj::TargetFramework=net10.0]
C:\Users\Administrator\RiderProjects\AdvancedTimeIsland\Views\Main\DayYiJiSettingsControl.cs(71,12): warning CS8618: 在退出构造函数时，不可为 null 的 字段 "_yiValueFontWeightComboBox" 必须包含非 null 值。请考虑添加 "required" 修饰符或将该 字段 声明为可为 null。 [C:\Users\Administrator\RiderProjects\AdvancedTimeIsland\AdvancedTimeIsland.csproj::TargetFramework=net10.0]
C:\Users\Administrator\RiderProjects\AdvancedTimeIsland\Views\Main\DayYiJiSettingsControl.cs(71,12): warning CS8618: 在退出构造函数时，不可为 null 的 字段 "_jiLabelFontWeightComboBox" 必须包含非 null 值。请考虑添加 "required" 修饰符或将该 字段 声明为可为 null。 [C:\Users\Administrator\RiderProjects\AdvancedTimeIsland\AdvancedTimeIsland.csproj::TargetFramework=net10.0]
C:\Users\Administrator\RiderProjects\AdvancedTimeIsland\Views\Main\DayYiJiSettingsControl.cs(71,12): warning CS8618: 在退出构造函数时，不可为 null 的 字段 "_jiValueFontWeightComboBox" 必须包含非 null 值。请考虑添加 "required" 修饰符或将该 字段 声明为可为 null。 [C:\Users\Administrator\RiderProjects\AdvancedTimeIsland\AdvancedTimeIsland.csproj::TargetFramework=net10.0]
C:\Users\Administrator\RiderProjects\AdvancedTimeIsland\Views\Main\DayYiJiSettingsControl.cs(71,12): warning CS8618: 在退出构造函数时，不可为 null 的 字段 "_displayModeComboBox" 必须包含非 null 值。请考虑添加 "required" 修饰符或将该 字段 声明为可为 null。 [C:\Users\Administrator\RiderProjects\AdvancedTimeIsland\AdvancedTimeIsland.csproj::TargetFramework=net10.0]
C:\Users\Administrator\RiderProjects\AdvancedTimeIsland\Views\Main\DayYiJiSettingsControl.cs(71,12): warning CS8618: 在退出构造函数时，不可为 null 的 字段 "_displayModeLabel" 必须包含非 null 值。请考虑添加 "required" 修饰符或将该 字段 声明为可为 null。 [C:\Users\Administrator\RiderProjects\AdvancedTimeIsland\AdvancedTimeIsland.csproj::TargetFramework=net10.0]
C:\Users\Administrator\RiderProjects\AdvancedTimeIsland\Views\Main\DayYiJiSettingsControl.cs(71,12): warning CS8618: 在退出构造函数时，不可为 null 的 字段 "_yiLabelTitle" 必须包含非 null 值。请考虑添加 "required" 修饰符或将该 字段 声明为可为 null。 [C:\Users\Administrator\RiderProjects\AdvancedTimeIsland\AdvancedTimeIsland.csproj::TargetFramework=net10.0]
C:\Users\Administrator\RiderProjects\AdvancedTimeIsland\Views\Main\DayYiJiSettingsControl.cs(71,12): warning CS8618: 在退出构造函数时，不可为 null 的 字段 "_yiLabelColorLabel" 必须包含非 null 值。请考虑添加 "required" 修饰符或将该 字段 声明为可为 null。 [C:\Users\Administrator\RiderProjects\AdvancedTimeIsland\AdvancedTimeIsland.csproj::TargetFramework=net10.0]
C:\Users\Administrator\RiderProjects\AdvancedTimeIsland\Views\Main\DayYiJiSettingsControl.cs(71,12): warning CS8618: 在退出构造函数时，不可为 null 的 字段 "_yiLabelFontSizeLabel" 必须包含非 null 值。请考虑添加 "required" 修饰符或将该 字段 声明为可为 null。 [C:\Users\Administrator\RiderProjects\AdvancedTimeIsland\AdvancedTimeIsland.csproj::TargetFramework=net10.0]
C:\Users\Administrator\RiderProjects\AdvancedTimeIsland\Views\Main\DayYiJiSettingsControl.cs(71,12): warning CS8618: 在退出构造函数时，不可为 null 的 字段 "_yiValueTitle" 必须包含非 null 值。请考虑添加 "required" 修饰符或将该 字段 声明为可为 null。 [C:\Users\Administrator\RiderProjects\AdvancedTimeIsland\AdvancedTimeIsland.csproj::TargetFramework=net10.0]
C:\Users\Administrator\RiderProjects\AdvancedTimeIsland\Views\Main\DayYiJiSettingsControl.cs(71,12): warning CS8618: 在退出构造函数时，不可为 null 的 字段 "_yiValueColorNote" 必须包含非 null 值。请考虑添加 "required" 修饰符或将该 字段 声明为可为 null。 [C:\Users\Administrator\RiderProjects\AdvancedTimeIsland\AdvancedTimeIsland.csproj::TargetFramework=net10.0]
C:\Users\Administrator\RiderProjects\AdvancedTimeIsland\Views\Main\DayYiJiSettingsControl.cs(71,12): warning CS8618: 在退出构造函数时，不可为 null 的 字段 "_yiValueFontSizeLabel" 必须包含非 null 值。请考虑添加 "required" 修饰符或将该 字段 声明为可为 null。 [C:\Users\Administrator\RiderProjects\AdvancedTimeIsland\AdvancedTimeIsland.csproj::TargetFramework=net10.0]
C:\Users\Administrator\RiderProjects\AdvancedTimeIsland\Views\Main\DayYiJiSettingsControl.cs(71,12): warning CS8618: 在退出构造函数时，不可为 null 的 字段 "_jiLabelTitle" 必须包含非 null 值。请考虑添加 "required" 修饰符或将该 字段 声明为可为 null。 [C:\Users\Administrator\RiderProjects\AdvancedTimeIsland\AdvancedTimeIsland.csproj::TargetFramework=net10.0]
C:\Users\Administrator\RiderProjects\AdvancedTimeIsland\Views\Main\DayYiJiSettingsControl.cs(71,12): warning CS8618: 在退出构造函数时，不可为 null 的 字段 "_jiLabelColorLabel" 必须包含非 null 值。请考虑添加 "required" 修饰符或将该 字段 声明为可为 null。 [C:\Users\Administrator\RiderProjects\AdvancedTimeIsland\AdvancedTimeIsland.csproj::TargetFramework=net10.0]
C:\Users\Administrator\RiderProjects\AdvancedTimeIsland\Views\Main\DayYiJiSettingsControl.cs(71,12): warning CS8618: 在退出构造函数时，不可为 null 的 字段 "_jiLabelFontSizeLabel" 必须包含非 null 值。请考虑添加 "required" 修饰符或将该 字段 声明为可为 null。 [C:\Users\Administrator\RiderProjects\AdvancedTimeIsland\AdvancedTimeIsland.csproj::TargetFramework=net10.0]
C:\Users\Administrator\RiderProjects\AdvancedTimeIsland\Views\Main\DayYiJiSettingsControl.cs(71,12): warning CS8618: 在退出构造函数时，不可为 null 的 字段 "_jiValueTitle" 必须包含非 null 值。请考虑添加 "required" 修饰符或将该 字段 声明为可为 null。 [C:\Users\Administrator\RiderProjects\AdvancedTimeIsland\AdvancedTimeIsland.csproj::TargetFramework=net10.0]
C:\Users\Administrator\RiderProjects\AdvancedTimeIsland\Views\Main\DayYiJiSettingsControl.cs(71,12): warning CS8618: 在退出构造函数时，不可为 null 的 字段 "_jiValueColorNote" 必须包含非 null 值。请考虑添加 "required" 修饰符或将该 字段 声明为可为 null。 [C:\Users\Administrator\RiderProjects\AdvancedTimeIsland\AdvancedTimeIsland.csproj::TargetFramework=net10.0]
C:\Users\Administrator\RiderProjects\AdvancedTimeIsland\Views\Main\DayYiJiSettingsControl.cs(71,12): warning CS8618: 在退出构造函数时，不可为 null 的 字段 "_jiValueFontSizeLabel" 必须包含非 null 值。请考虑添加 "required" 修饰符或将该 字段 声明为可为 null。 [C:\Users\Administrator\RiderProjects\AdvancedTimeIsland\AdvancedTimeIsland.csproj::TargetFramework=net10.0]
C:\Users\Administrator\RiderProjects\AdvancedTimeIsland\Views\Main\DayYiJiSettingsControl.cs(71,12): warning CS8618: 在退出构造函数时，不可为 null 的 字段 "_yiLabelFontFamilyLabel" 必须包含非 null 值。请考虑添加 "required" 修饰符或将该 字段 声明为可为 null。 [C:\Users\Administrator\RiderProjects\AdvancedTimeIsland\AdvancedTimeIsland.csproj::TargetFramework=net10.0]
C:\Users\Administrator\RiderProjects\AdvancedTimeIsland\Views\Main\DayYiJiSettingsControl.cs(71,12): warning CS8618: 在退出构造函数时，不可为 null 的 字段 "_yiLabelFontWeightLabel" 必须包含非 null 值。请考虑添加 "required" 修饰符或将该 字段 声明为可为 null。 [C:\Users\Administrator\RiderProjects\AdvancedTimeIsland\AdvancedTimeIsland.csproj::TargetFramework=net10.0]
C:\Users\Administrator\RiderProjects\AdvancedTimeIsland\Views\Main\DayYiJiSettingsControl.cs(71,12): warning CS8618: 在退出构造函数时，不可为 null 的 字段 "_yiValueFontFamilyLabel" 必须包含非 null 值。请考虑添加 "required" 修饰符或将该 字段 声明为可为 null。 [C:\Users\Administrator\RiderProjects\AdvancedTimeIsland\AdvancedTimeIsland.csproj::TargetFramework=net10.0]
C:\Users\Administrator\RiderProjects\AdvancedTimeIsland\Views\Main\DayYiJiSettingsControl.cs(71,12): warning CS8618: 在退出构造函数时，不可为 null 的 字段 "_yiValueFontWeightLabel" 必须包含非 null 值。请考虑添加 "required" 修饰符或将该 字段 声明为可为 null。 [C:\Users\Administrator\RiderProjects\AdvancedTimeIsland\AdvancedTimeIsland.csproj::TargetFramework=net10.0]
C:\Users\Administrator\RiderProjects\AdvancedTimeIsland\Views\Main\DayYiJiSettingsControl.cs(71,12): warning CS8618: 在退出构造函数时，不可为 null 的 字段 "_jiLabelFontFamilyLabel" 必须包含非 null 值。请考虑添加 "required" 修饰符或将该 字段 声明为可为 null。 [C:\Users\Administrator\RiderProjects\AdvancedTimeIsland\AdvancedTimeIsland.csproj::TargetFramework=net10.0]
C:\Users\Administrator\RiderProjects\AdvancedTimeIsland\Views\Main\DayYiJiSettingsControl.cs(71,12): warning CS8618: 在退出构造函数时，不可为 null 的 字段 "_jiLabelFontWeightLabel" 必须包含非 null 值。请考虑添加 "required" 修饰符或将该 字段 声明为可为 null。 [C:\Users\Administrator\RiderProjects\AdvancedTimeIsland\AdvancedTimeIsland.csproj::TargetFramework=net10.0]
C:\Users\Administrator\RiderProjects\AdvancedTimeIsland\Views\Main\DayYiJiSettingsControl.cs(71,12): warning CS8618: 在退出构造函数时，不可为 null 的 字段 "_jiValueFontFamilyLabel" 必须包含非 null 值。请考虑添加 "required" 修饰符或将该 字段 声明为可为 null。 [C:\Users\Administrator\RiderProjects\AdvancedTimeIsland\AdvancedTimeIsland.csproj::TargetFramework=net10.0]
C:\Users\Administrator\RiderProjects\AdvancedTimeIsland\Views\Main\DayYiJiSettingsControl.cs(71,12): warning CS8618: 在退出构造函数时，不可为 null 的 字段 "_jiValueFontWeightLabel" 必须包含非 null 值。请考虑添加 "required" 修饰符或将该 字段 声明为可为 null。 [C:\Users\Administrator\RiderProjects\AdvancedTimeIsland\AdvancedTimeIsland.csproj::TargetFramework=net10.0]
C:\Users\Administrator\RiderProjects\AdvancedTimeIsland\Automation\Rules\FestivalRuleSettingsControl.cs(12,12): warning CS8618: 在退出构造函数时，不可为 null 的 字段 "_festivalComboBox" 必须包含非 null 值。请考虑添加 "required" 修饰符或将该 字段 声明为可为 null。 [C:\Users\Administrator\RiderProjects\AdvancedTimeIsland\AdvancedTimeIsland.csproj::TargetFramework=net10.0]
C:\Users\Administrator\RiderProjects\AdvancedTimeIsland\Views\Main\FestivalControl.cs(30,12): warning CS8618: 在退出构造函数时，不可为 null 的 字段 "vm" 必须包含非 null 值。请考虑添加 "required" 修饰符或将该 字段 声明为可为 null。 [C:\Users\Administrator\RiderProjects\AdvancedTimeIsland\AdvancedTimeIsland.csproj::TargetFramework=net10.0]
C:\Users\Administrator\RiderProjects\AdvancedTimeIsland\Views\Main\FestivalControl.cs(30,12): warning CS8618: 在退出构造函数时，不可为 null 的 字段 "labelTb" 必须包含非 null 值。请考虑添加 "required" 修饰符或将该 字段 声明为可为 null。 [C:\Users\Administrator\RiderProjects\AdvancedTimeIsland\AdvancedTimeIsland.csproj::TargetFramework=net10.0]
C:\Users\Administrator\RiderProjects\AdvancedTimeIsland\Views\Main\FestivalControl.cs(30,12): warning CS8618: 在退出构造函数时，不可为 null 的 字段 "valueTb" 必须包含非 null 值。请考虑添加 "required" 修饰符或将该 字段 声明为可为 null。 [C:\Users\Administrator\RiderProjects\AdvancedTimeIsland\AdvancedTimeIsland.csproj::TargetFramework=net10.0]
C:\Users\Administrator\RiderProjects\AdvancedTimeIsland\Views\Main\FestivalControl.cs(30,12): warning CS8618: 在退出构造函数时，不可为 null 的 字段 "rootBorder" 必须包含非 null 值。请考虑添加 "required" 修饰符或将该 字段 声明为可为 null。 [C:\Users\Administrator\RiderProjects\AdvancedTimeIsland\AdvancedTimeIsland.csproj::TargetFramework=net10.0]
C:\Users\Administrator\RiderProjects\AdvancedTimeIsland\Automation\Rules\JieQiRuleSettingsControl.cs(12,12): warning CS8618: 在退出构造函数时，不可为 null 的 字段 "_jieQiComboBox" 必须包含非 null 值。请考虑添加 "required" 修饰符或将该 字段 声明为可为 null。 [C:\Users\Administrator\RiderProjects\AdvancedTimeIsland\AdvancedTimeIsland.csproj::TargetFramework=net10.0]
C:\Users\Administrator\RiderProjects\AdvancedTimeIsland\Automation\Rules\HourlyTimeRangeRuleSettingsControl.cs(72,13): warning CS0618: “TextBox.Watermark”已过时:“Use PlaceholderText instead.” [C:\Users\Administrator\RiderProjects\AdvancedTimeIsland\AdvancedTimeIsland.csproj::TargetFramework=net10.0]
C:\Users\Administrator\RiderProjects\AdvancedTimeIsland\Automation\Rules\HourlyTimeRangeRuleSettingsControl.cs(79,13): warning CS0618: “TextBox.Watermark”已过时:“Use PlaceholderText instead.” [C:\Users\Administrator\RiderProjects\AdvancedTimeIsland\AdvancedTimeIsland.csproj::TargetFramework=net10.0]
C:\Users\Administrator\RiderProjects\AdvancedTimeIsland\Views\Settings\DebugPage.cs(602,74): warning CS8604: “Task<object> FluentAvaloniaCompatibilityHelper.ShowContentDialogAsync(object dialog, TopLevel topLevel)”中的形参“topLevel”可能传入 null 引用实参。 [C:\Users\Administrator\RiderProjects\AdvancedTimeIsland\AdvancedTimeIsland.csproj::TargetFramework=net10.0]
C:\Users\Administrator\RiderProjects\AdvancedTimeIsland\Automation\Rules\HourlyTimeRangeRuleSettingsControl.cs(147,39): warning CS8604: “int HourlyTimeRangeRuleSettingsControl.ParseMinute(string text)”中的形参“text”可能传入 null 引用实参。 [C:\Users\Administrator\RiderProjects\AdvancedTimeIsland\AdvancedTimeIsland.csproj::TargetFramework=net10.0]
C:\Users\Administrator\RiderProjects\AdvancedTimeIsland\Automation\Rules\HourlyTimeRangeRuleSettingsControl.cs(148,39): warning CS8604: “int HourlyTimeRangeRuleSettingsControl.ParseSecond(string text)”中的形参“text”可能传入 null 引用实参。 [C:\Users\Administrator\RiderProjects\AdvancedTimeIsland\AdvancedTimeIsland.csproj::TargetFramework=net10.0]
C:\Users\Administrator\RiderProjects\AdvancedTimeIsland\Automation\Rules\HourlyTimeRangeRuleSettingsControl.cs(151,37): warning CS8604: “int HourlyTimeRangeRuleSettingsControl.ParseMinute(string text)”中的形参“text”可能传入 null 引用实参。 [C:\Users\Administrator\RiderProjects\AdvancedTimeIsland\AdvancedTimeIsland.csproj::TargetFramework=net10.0]
C:\Users\Administrator\RiderProjects\AdvancedTimeIsland\Automation\Rules\HourlyTimeRangeRuleSettingsControl.cs(152,37): warning CS8604: “int HourlyTimeRangeRuleSettingsControl.ParseSecond(string text)”中的形参“text”可能传入 null 引用实参。 [C:\Users\Administrator\RiderProjects\AdvancedTimeIsland\AdvancedTimeIsland.csproj::TargetFramework=net10.0]
C:\Users\Administrator\RiderProjects\AdvancedTimeIsland\Views\Main\TimeZoneTimeControl.cs(29,12): warning CS8618: 在退出构造函数时，不可为 null 的 字段 "vm" 必须包含非 null 值。请考虑添加 "required" 修饰符或将该 字段 声明为可为 null。 [C:\Users\Administrator\RiderProjects\AdvancedTimeIsland\AdvancedTimeIsland.csproj::TargetFramework=net10.0]
C:\Users\Administrator\RiderProjects\AdvancedTimeIsland\Views\Main\TimeZoneTimeControl.cs(29,12): warning CS8618: 在退出构造函数时，不可为 null 的 字段 "tb" 必须包含非 null 值。请考虑添加 "required" 修饰符或将该 字段 声明为可为 null。 [C:\Users\Administrator\RiderProjects\AdvancedTimeIsland\AdvancedTimeIsland.csproj::TargetFramework=net10.0]
C:\Users\Administrator\RiderProjects\AdvancedTimeIsland\Views\Main\TimeZoneTimeControl.cs(29,12): warning CS8618: 在退出构造函数时，不可为 null 的 字段 "rootBorder" 必须包含非 null 值。请考虑添加 "required" 修饰符或将该 字段 声明为可为 null。 [C:\Users\Administrator\RiderProjects\AdvancedTimeIsland\AdvancedTimeIsland.csproj::TargetFramework=net10.0]
C:\Users\Administrator\RiderProjects\AdvancedTimeIsland\Views\Settings\FpsChartPage.cs(170,93): warning CS8604: “Task<object> FluentAvaloniaCompatibilityHelper.ShowContentDialogAsync(object dialog, TopLevel topLevel)”中的形参“topLevel”可能传入 null 引用实参。 [C:\Users\Administrator\RiderProjects\AdvancedTimeIsland\AdvancedTimeIsland.csproj::TargetFramework=net10.0]
C:\Users\Administrator\RiderProjects\AdvancedTimeIsland\Automation\Rules\LocalSolarHourlyTimeRangeRuleSettingsControl.cs(146,13): warning CS0618: “TextBox.Watermark”已过时:“Use PlaceholderText instead.” [C:\Users\Administrator\RiderProjects\AdvancedTimeIsland\AdvancedTimeIsland.csproj::TargetFramework=net10.0]
C:\Users\Administrator\RiderProjects\AdvancedTimeIsland\Automation\Rules\LocalSolarHourlyTimeRangeRuleSettingsControl.cs(160,52): warning CS0618: “TextBox.Watermark”已过时:“Use PlaceholderText instead.” [C:\Users\Administrator\RiderProjects\AdvancedTimeIsland\AdvancedTimeIsland.csproj::TargetFramework=net10.0]
C:\Users\Administrator\RiderProjects\AdvancedTimeIsland\Automation\Rules\LocalSolarHourlyTimeRangeRuleSettingsControl.cs(165,52): warning CS0618: “TextBox.Watermark”已过时:“Use PlaceholderText instead.” [C:\Users\Administrator\RiderProjects\AdvancedTimeIsland\AdvancedTimeIsland.csproj::TargetFramework=net10.0]
C:\Users\Administrator\RiderProjects\AdvancedTimeIsland\Automation\Rules\LocalSolarHourlyTimeRangeRuleSettingsControl.cs(170,52): warning CS0618: “TextBox.Watermark”已过时:“Use PlaceholderText instead.” [C:\Users\Administrator\RiderProjects\AdvancedTimeIsland\AdvancedTimeIsland.csproj::TargetFramework=net10.0]
C:\Users\Administrator\RiderProjects\AdvancedTimeIsland\Automation\Rules\LocalSolarExactTimeRuleSettingsControl.cs(152,13): warning CS0618: “TextBox.Watermark”已过时:“Use PlaceholderText instead.” [C:\Users\Administrator\RiderProjects\AdvancedTimeIsland\AdvancedTimeIsland.csproj::TargetFramework=net10.0]
C:\Users\Administrator\RiderProjects\AdvancedTimeIsland\Automation\Rules\LocalSolarExactTimeRuleSettingsControl.cs(166,52): warning CS0618: “TextBox.Watermark”已过时:“Use PlaceholderText instead.” [C:\Users\Administrator\RiderProjects\AdvancedTimeIsland\AdvancedTimeIsland.csproj::TargetFramework=net10.0]
C:\Users\Administrator\RiderProjects\AdvancedTimeIsland\Automation\Rules\LocalSolarExactTimeRuleSettingsControl.cs(171,52): warning CS0618: “TextBox.Watermark”已过时:“Use PlaceholderText instead.” [C:\Users\Administrator\RiderProjects\AdvancedTimeIsland\AdvancedTimeIsland.csproj::TargetFramework=net10.0]
C:\Users\Administrator\RiderProjects\AdvancedTimeIsland\Automation\Rules\LocalSolarExactTimeRuleSettingsControl.cs(176,52): warning CS0618: “TextBox.Watermark”已过时:“Use PlaceholderText instead.” [C:\Users\Administrator\RiderProjects\AdvancedTimeIsland\AdvancedTimeIsland.csproj::TargetFramework=net10.0]
C:\Users\Administrator\RiderProjects\AdvancedTimeIsland\Views\Main\CountdownControl.cs(310,37): warning CS8603: 可能返回 null 引用。 [C:\Users\Administrator\RiderProjects\AdvancedTimeIsland\AdvancedTimeIsland.csproj::TargetFramework=net10.0]
C:\Users\Administrator\RiderProjects\AdvancedTimeIsland\Automation\Rules\LocalSolarHourlyTimeRangeRuleSettingsControl.cs(228,13): warning CS0618: “TextBox.Watermark”已过时:“Use PlaceholderText instead.” [C:\Users\Administrator\RiderProjects\AdvancedTimeIsland\AdvancedTimeIsland.csproj::TargetFramework=net10.0]
C:\Users\Administrator\RiderProjects\AdvancedTimeIsland\Automation\Rules\LocalSolarHourlyTimeRangeRuleSettingsControl.cs(235,13): warning CS0618: “TextBox.Watermark”已过时:“Use PlaceholderText instead.” [C:\Users\Administrator\RiderProjects\AdvancedTimeIsland\AdvancedTimeIsland.csproj::TargetFramework=net10.0]
C:\Users\Administrator\RiderProjects\AdvancedTimeIsland\Automation\Rules\LocalSolarWeeklyTimeRangeRuleSettingsControl.cs(155,13): warning CS0618: “TextBox.Watermark”已过时:“Use PlaceholderText instead.” [C:\Users\Administrator\RiderProjects\AdvancedTimeIsland\AdvancedTimeIsland.csproj::TargetFramework=net10.0]
C:\Users\Administrator\RiderProjects\AdvancedTimeIsland\Automation\Rules\LocalSolarWeeklyTimeRangeRuleSettingsControl.cs(169,52): warning CS0618: “TextBox.Watermark”已过时:“Use PlaceholderText instead.” [C:\Users\Administrator\RiderProjects\AdvancedTimeIsland\AdvancedTimeIsland.csproj::TargetFramework=net10.0]
C:\Users\Administrator\RiderProjects\AdvancedTimeIsland\Automation\Rules\LocalSolarWeeklyTimeRangeRuleSettingsControl.cs(174,52): warning CS0618: “TextBox.Watermark”已过时:“Use PlaceholderText instead.” [C:\Users\Administrator\RiderProjects\AdvancedTimeIsland\AdvancedTimeIsland.csproj::TargetFramework=net10.0]
C:\Users\Administrator\RiderProjects\AdvancedTimeIsland\Automation\Rules\LocalSolarWeeklyTimeRangeRuleSettingsControl.cs(179,52): warning CS0618: “TextBox.Watermark”已过时:“Use PlaceholderText instead.” [C:\Users\Administrator\RiderProjects\AdvancedTimeIsland\AdvancedTimeIsland.csproj::TargetFramework=net10.0]
C:\Users\Administrator\RiderProjects\AdvancedTimeIsland\Views\Main\SunriseSunsetSettingsControl.cs(88,12): warning CS8618: 在退出构造函数时，不可为 null 的 字段 "_titleTextBlock" 必须包含非 null 值。请考虑添加 "required" 修饰符或将该 字段 声明为可为 null。 [C:\Users\Administrator\RiderProjects\AdvancedTimeIsland\AdvancedTimeIsland.csproj::TargetFramework=net10.0]
C:\Users\Administrator\RiderProjects\AdvancedTimeIsland\Views\Main\SunriseSunsetSettingsControl.cs(88,12): warning CS8618: 在退出构造函数时，不可为 null 的 字段 "_descTextBlock" 必须包含非 null 值。请考虑添加 "required" 修饰符或将该 字段 声明为可为 null。 [C:\Users\Administrator\RiderProjects\AdvancedTimeIsland\AdvancedTimeIsland.csproj::TargetFramework=net10.0]
C:\Users\Administrator\RiderProjects\AdvancedTimeIsland\Views\Main\SunriseSunsetSettingsControl.cs(88,12): warning CS8618: 在退出构造函数时，不可为 null 的 字段 "_coordTitleTextBlock" 必须包含非 null 值。请考虑添加 "required" 修饰符或将该 字段 声明为可为 null。 [C:\Users\Administrator\RiderProjects\AdvancedTimeIsland\AdvancedTimeIsland.csproj::TargetFramework=net10.0]
C:\Users\Administrator\RiderProjects\AdvancedTimeIsland\Views\Main\SunriseSunsetSettingsControl.cs(88,12): warning CS8618: 在退出构造函数时，不可为 null 的 字段 "_longitudeTextBox" 必须包含非 null 值。请考虑添加 "required" 修饰符或将该 字段 声明为可为 null。 [C:\Users\Administrator\RiderProjects\AdvancedTimeIsland\AdvancedTimeIsland.csproj::TargetFramework=net10.0]
C:\Users\Administrator\RiderProjects\AdvancedTimeIsland\Views\Main\SunriseSunsetSettingsControl.cs(88,12): warning CS8618: 在退出构造函数时，不可为 null 的 字段 "_longitudeDmsDegreesTextBox" 必须包含非 null 值。请考虑添加 "required" 修饰符或将该 字段 声明为可为 null。 [C:\Users\Administrator\RiderProjects\AdvancedTimeIsland\AdvancedTimeIsland.csproj::TargetFramework=net10.0]
C:\Users\Administrator\RiderProjects\AdvancedTimeIsland\Views\Main\SunriseSunsetSettingsControl.cs(88,12): warning CS8618: 在退出构造函数时，不可为 null 的 字段 "_longitudeDmsMinutesTextBox" 必须包含非 null 值。请考虑添加 "required" 修饰符或将该 字段 声明为可为 null。 [C:\Users\Administrator\RiderProjects\AdvancedTimeIsland\AdvancedTimeIsland.csproj::TargetFramework=net10.0]
C:\Users\Administrator\RiderProjects\AdvancedTimeIsland\Views\Main\SunriseSunsetSettingsControl.cs(88,12): warning CS8618: 在退出构造函数时，不可为 null 的 字段 "_longitudeDmsSecondsTextBox" 必须包含非 null 值。请考虑添加 "required" 修饰符或将该 字段 声明为可为 null。 [C:\Users\Administrator\RiderProjects\AdvancedTimeIsland\AdvancedTimeIsland.csproj::TargetFramework=net10.0]
C:\Users\Administrator\RiderProjects\AdvancedTimeIsland\Views\Main\SunriseSunsetSettingsControl.cs(88,12): warning CS8618: 在退出构造函数时，不可为 null 的 字段 "_longitudeDmsDirectionComboBox" 必须包含非 null 值。请考虑添加 "required" 修饰符或将该 字段 声明为可为 null。 [C:\Users\Administrator\RiderProjects\AdvancedTimeIsland\AdvancedTimeIsland.csproj::TargetFramework=net10.0]
C:\Users\Administrator\RiderProjects\AdvancedTimeIsland\Views\Main\SunriseSunsetSettingsControl.cs(88,12): warning CS8618: 在退出构造函数时，不可为 null 的 字段 "_longitudeDmsPanel" 必须包含非 null 值。请考虑添加 "required" 修饰符或将该 字段 声明为可为 null。 [C:\Users\Administrator\RiderProjects\AdvancedTimeIsland\AdvancedTimeIsland.csproj::TargetFramework=net10.0]
C:\Users\Administrator\RiderProjects\AdvancedTimeIsland\Views\Main\SunriseSunsetSettingsControl.cs(88,12): warning CS8618: 在退出构造函数时，不可为 null 的 字段 "_longitudeLabelTextBlock" 必须包含非 null 值。请考虑添加 "required" 修饰符或将该 字段 声明为可为 null。 [C:\Users\Administrator\RiderProjects\AdvancedTimeIsland\AdvancedTimeIsland.csproj::TargetFramework=net10.0]
C:\Users\Administrator\RiderProjects\AdvancedTimeIsland\Views\Main\SunriseSunsetSettingsControl.cs(88,12): warning CS8618: 在退出构造函数时，不可为 null 的 字段 "_dmsDegreeSymbol" 必须包含非 null 值。请考虑添加 "required" 修饰符或将该 字段 声明为可为 null。 [C:\Users\Administrator\RiderProjects\AdvancedTimeIsland\AdvancedTimeIsland.csproj::TargetFramework=net10.0]
C:\Users\Administrator\RiderProjects\AdvancedTimeIsland\Views\Main\SunriseSunsetSettingsControl.cs(88,12): warning CS8618: 在退出构造函数时，不可为 null 的 字段 "_dmsMinuteSymbol" 必须包含非 null 值。请考虑添加 "required" 修饰符或将该 字段 声明为可为 null。 [C:\Users\Administrator\RiderProjects\AdvancedTimeIsland\AdvancedTimeIsland.csproj::TargetFramework=net10.0]
C:\Users\Administrator\RiderProjects\AdvancedTimeIsland\Views\Main\SunriseSunsetSettingsControl.cs(88,12): warning CS8618: 在退出构造函数时，不可为 null 的 字段 "_dmsSecondSymbol" 必须包含非 null 值。请考虑添加 "required" 修饰符或将该 字段 声明为可为 null。 [C:\Users\Administrator\RiderProjects\AdvancedTimeIsland\AdvancedTimeIsland.csproj::TargetFramework=net10.0]
C:\Users\Administrator\RiderProjects\AdvancedTimeIsland\Views\Main\SunriseSunsetSettingsControl.cs(88,12): warning CS8618: 在退出构造函数时，不可为 null 的 字段 "_latitudeTextBox" 必须包含非 null 值。请考虑添加 "required" 修饰符或将该 字段 声明为可为 null。 [C:\Users\Administrator\RiderProjects\AdvancedTimeIsland\AdvancedTimeIsland.csproj::TargetFramework=net10.0]
C:\Users\Administrator\RiderProjects\AdvancedTimeIsland\Views\Main\SunriseSunsetSettingsControl.cs(88,12): warning CS8618: 在退出构造函数时，不可为 null 的 字段 "_latitudeDmsDegreesTextBox" 必须包含非 null 值。请考虑添加 "required" 修饰符或将该 字段 声明为可为 null。 [C:\Users\Administrator\RiderProjects\AdvancedTimeIsland\AdvancedTimeIsland.csproj::TargetFramework=net10.0]
C:\Users\Administrator\RiderProjects\AdvancedTimeIsland\Views\Main\SunriseSunsetSettingsControl.cs(88,12): warning CS8618: 在退出构造函数时，不可为 null 的 字段 "_latitudeDmsMinutesTextBox" 必须包含非 null 值。请考虑添加 "required" 修饰符或将该 字段 声明为可为 null。 [C:\Users\Administrator\RiderProjects\AdvancedTimeIsland\AdvancedTimeIsland.csproj::TargetFramework=net10.0]
C:\Users\Administrator\RiderProjects\AdvancedTimeIsland\Views\Main\SunriseSunsetSettingsControl.cs(88,12): warning CS8618: 在退出构造函数时，不可为 null 的 字段 "_latitudeDmsSecondsTextBox" 必须包含非 null 值。请考虑添加 "required" 修饰符或将该 字段 声明为可为 null。 [C:\Users\Administrator\RiderProjects\AdvancedTimeIsland\AdvancedTimeIsland.csproj::TargetFramework=net10.0]
C:\Users\Administrator\RiderProjects\AdvancedTimeIsland\Views\Main\SunriseSunsetSettingsControl.cs(88,12): warning CS8618: 在退出构造函数时，不可为 null 的 字段 "_latitudeDmsDirectionComboBox" 必须包含非 null 值。请考虑添加 "required" 修饰符或将该 字段 声明为可为 null。 [C:\Users\Administrator\RiderProjects\AdvancedTimeIsland\AdvancedTimeIsland.csproj::TargetFramework=net10.0]
C:\Users\Administrator\RiderProjects\AdvancedTimeIsland\Views\Main\SunriseSunsetSettingsControl.cs(88,12): warning CS8618: 在退出构造函数时，不可为 null 的 字段 "_latitudeDmsPanel" 必须包含非 null 值。请考虑添加 "required" 修饰符或将该 字段 声明为可为 null。 [C:\Users\Administrator\RiderProjects\AdvancedTimeIsland\AdvancedTimeIsland.csproj::TargetFramework=net10.0]
C:\Users\Administrator\RiderProjects\AdvancedTimeIsland\Views\Main\SunriseSunsetSettingsControl.cs(88,12): warning CS8618: 在退出构造函数时，不可为 null 的 字段 "_latitudeLabelTextBlock" 必须包含非 null 值。请考虑添加 "required" 修饰符或将该 字段 声明为可为 null。 [C:\Users\Administrator\RiderProjects\AdvancedTimeIsland\AdvancedTimeIsland.csproj::TargetFramework=net10.0]
C:\Users\Administrator\RiderProjects\AdvancedTimeIsland\Views\Main\SunriseSunsetSettingsControl.cs(88,12): warning CS8618: 在退出构造函数时，不可为 null 的 字段 "_latDmsDegreeSymbol" 必须包含非 null 值。请考虑添加 "required" 修饰符或将该 字段 声明为可为 null。 [C:\Users\Administrator\RiderProjects\AdvancedTimeIsland\AdvancedTimeIsland.csproj::TargetFramework=net10.0]
C:\Users\Administrator\RiderProjects\AdvancedTimeIsland\Views\Main\SunriseSunsetSettingsControl.cs(88,12): warning CS8618: 在退出构造函数时，不可为 null 的 字段 "_latDmsMinuteSymbol" 必须包含非 null 值。请考虑添加 "required" 修饰符或将该 字段 声明为可为 null。 [C:\Users\Administrator\RiderProjects\AdvancedTimeIsland\AdvancedTimeIsland.csproj::TargetFramework=net10.0]
C:\Users\Administrator\RiderProjects\AdvancedTimeIsland\Views\Main\SunriseSunsetSettingsControl.cs(88,12): warning CS8618: 在退出构造函数时，不可为 null 的 字段 "_latDmsSecondSymbol" 必须包含非 null 值。请考虑添加 "required" 修饰符或将该 字段 声明为可为 null。 [C:\Users\Administrator\RiderProjects\AdvancedTimeIsland\AdvancedTimeIsland.csproj::TargetFramework=net10.0]
C:\Users\Administrator\RiderProjects\AdvancedTimeIsland\Views\Main\SunriseSunsetSettingsControl.cs(88,12): warning CS8618: 在退出构造函数时，不可为 null 的 字段 "_getLocationButton" 必须包含非 null 值。请考虑添加 "required" 修饰符或将该 字段 声明为可为 null。 [C:\Users\Administrator\RiderProjects\AdvancedTimeIsland\AdvancedTimeIsland.csproj::TargetFramework=net10.0]
C:\Users\Administrator\RiderProjects\AdvancedTimeIsland\Views\Main\SunriseSunsetSettingsControl.cs(88,12): warning CS8618: 在退出构造函数时，不可为 null 的 字段 "_statusText" 必须包含非 null 值。请考虑添加 "required" 修饰符或将该 字段 声明为可为 null。 [C:\Users\Administrator\RiderProjects\AdvancedTimeIsland\AdvancedTimeIsland.csproj::TargetFramework=net10.0]
C:\Users\Administrator\RiderProjects\AdvancedTimeIsland\Views\Main\SunriseSunsetSettingsControl.cs(88,12): warning CS8618: 在退出构造函数时，不可为 null 的 字段 "_timeZoneTitleTextBlock" 必须包含非 null 值。请考虑添加 "required" 修饰符或将该 字段 声明为可为 null。 [C:\Users\Administrator\RiderProjects\AdvancedTimeIsland\AdvancedTimeIsland.csproj::TargetFramework=net10.0]
C:\Users\Administrator\RiderProjects\AdvancedTimeIsland\Views\Main\SunriseSunsetSettingsControl.cs(88,12): warning CS8618: 在退出构造函数时，不可为 null 的 字段 "_timeZoneComboBox" 必须包含非 null 值。请考虑添加 "required" 修饰符或将该 字段 声明为可为 null。 [C:\Users\Administrator\RiderProjects\AdvancedTimeIsland\AdvancedTimeIsland.csproj::TargetFramework=net10.0]
C:\Users\Administrator\RiderProjects\AdvancedTimeIsland\Views\Main\SunriseSunsetSettingsControl.cs(88,12): warning CS8618: 在退出构造函数时，不可为 null 的 字段 "_getTimeZoneButton" 必须包含非 null 值。请考虑添加 "required" 修饰符或将该 字段 声明为可为 null。 [C:\Users\Administrator\RiderProjects\AdvancedTimeIsland\AdvancedTimeIsland.csproj::TargetFramework=net10.0]
C:\Users\Administrator\RiderProjects\AdvancedTimeIsland\Views\Main\SunriseSunsetSettingsControl.cs(88,12): warning CS8618: 在退出构造函数时，不可为 null 的 字段 "_timeZoneLabelTextBlock" 必须包含非 null 值。请考虑添加 "required" 修饰符或将该 字段 声明为可为 null。 [C:\Users\Administrator\RiderProjects\AdvancedTimeIsland\AdvancedTimeIsland.csproj::TargetFramework=net10.0]
C:\Users\Administrator\RiderProjects\AdvancedTimeIsland\Views\Main\SunriseSunsetSettingsControl.cs(88,12): warning CS8618: 在退出构造函数时，不可为 null 的 字段 "_styleTitleTextBlock" 必须包含非 null 值。请考虑添加 "required" 修饰符或将该 字段 声明为可为 null。 [C:\Users\Administrator\RiderProjects\AdvancedTimeIsland\AdvancedTimeIsland.csproj::TargetFramework=net10.0]
C:\Users\Administrator\RiderProjects\AdvancedTimeIsland\Views\Main\SunriseSunsetSettingsControl.cs(88,12): warning CS8618: 在退出构造函数时，不可为 null 的 字段 "_sunriseLabelLabel" 必须包含非 null 值。请考虑添加 "required" 修饰符或将该 字段 声明为可为 null。 [C:\Users\Administrator\RiderProjects\AdvancedTimeIsland\AdvancedTimeIsland.csproj::TargetFramework=net10.0]
C:\Users\Administrator\RiderProjects\AdvancedTimeIsland\Views\Main\SunriseSunsetSettingsControl.cs(88,12): warning CS8618: 在退出构造函数时，不可为 null 的 字段 "_sunriseLabelColorPicker" 必须包含非 null 值。请考虑添加 "required" 修饰符或将该 字段 声明为可为 null。 [C:\Users\Administrator\RiderProjects\AdvancedTimeIsland\AdvancedTimeIsland.csproj::TargetFramework=net10.0]
C:\Users\Administrator\RiderProjects\AdvancedTimeIsland\Views\Main\SunriseSunsetSettingsControl.cs(88,12): warning CS8618: 在退出构造函数时，不可为 null 的 字段 "_sunriseLabelSizeNumericUpDown" 必须包含非 null 值。请考虑添加 "required" 修饰符或将该 字段 声明为可为 null。 [C:\Users\Administrator\RiderProjects\AdvancedTimeIsland\AdvancedTimeIsland.csproj::TargetFramework=net10.0]
C:\Users\Administrator\RiderProjects\AdvancedTimeIsland\Views\Main\SunriseSunsetSettingsControl.cs(88,12): warning CS8618: 在退出构造函数时，不可为 null 的 字段 "_sunriseTimeLabel" 必须包含非 null 值。请考虑添加 "required" 修饰符或将该 字段 声明为可为 null。 [C:\Users\Administrator\RiderProjects\AdvancedTimeIsland\AdvancedTimeIsland.csproj::TargetFramework=net10.0]
C:\Users\Administrator\RiderProjects\AdvancedTimeIsland\Views\Main\SunriseSunsetSettingsControl.cs(88,12): warning CS8618: 在退出构造函数时，不可为 null 的 字段 "_sunriseTimeColorPicker" 必须包含非 null 值。请考虑添加 "required" 修饰符或将该 字段 声明为可为 null。 [C:\Users\Administrator\RiderProjects\AdvancedTimeIsland\AdvancedTimeIsland.csproj::TargetFramework=net10.0]
C:\Users\Administrator\RiderProjects\AdvancedTimeIsland\Views\Main\SunriseSunsetSettingsControl.cs(88,12): warning CS8618: 在退出构造函数时，不可为 null 的 字段 "_sunriseTimeSizeNumericUpDown" 必须包含非 null 值。请考虑添加 "required" 修饰符或将该 字段 声明为可为 null。 [C:\Users\Administrator\RiderProjects\AdvancedTimeIsland\AdvancedTimeIsland.csproj::TargetFramework=net10.0]
C:\Users\Administrator\RiderProjects\AdvancedTimeIsland\Views\Main\SunriseSunsetSettingsControl.cs(88,12): warning CS8618: 在退出构造函数时，不可为 null 的 字段 "_sunsetLabelLabel" 必须包含非 null 值。请考虑添加 "required" 修饰符或将该 字段 声明为可为 null。 [C:\Users\Administrator\RiderProjects\AdvancedTimeIsland\AdvancedTimeIsland.csproj::TargetFramework=net10.0]
C:\Users\Administrator\RiderProjects\AdvancedTimeIsland\Views\Main\SunriseSunsetSettingsControl.cs(88,12): warning CS8618: 在退出构造函数时，不可为 null 的 字段 "_sunsetLabelColorPicker" 必须包含非 null 值。请考虑添加 "required" 修饰符或将该 字段 声明为可为 null。 [C:\Users\Administrator\RiderProjects\AdvancedTimeIsland\AdvancedTimeIsland.csproj::TargetFramework=net10.0]
C:\Users\Administrator\RiderProjects\AdvancedTimeIsland\Views\Main\SunriseSunsetSettingsControl.cs(88,12): warning CS8618: 在退出构造函数时，不可为 null 的 字段 "_sunsetLabelSizeNumericUpDown" 必须包含非 null 值。请考虑添加 "required" 修饰符或将该 字段 声明为可为 null。 [C:\Users\Administrator\RiderProjects\AdvancedTimeIsland\AdvancedTimeIsland.csproj::TargetFramework=net10.0]
C:\Users\Administrator\RiderProjects\AdvancedTimeIsland\Views\Main\SunriseSunsetSettingsControl.cs(88,12): warning CS8618: 在退出构造函数时，不可为 null 的 字段 "_sunsetTimeLabel" 必须包含非 null 值。请考虑添加 "required" 修饰符或将该 字段 声明为可为 null。 [C:\Users\Administrator\RiderProjects\AdvancedTimeIsland\AdvancedTimeIsland.csproj::TargetFramework=net10.0]
C:\Users\Administrator\RiderProjects\AdvancedTimeIsland\Views\Main\SunriseSunsetSettingsControl.cs(88,12): warning CS8618: 在退出构造函数时，不可为 null 的 字段 "_sunsetTimeColorPicker" 必须包含非 null 值。请考虑添加 "required" 修饰符或将该 字段 声明为可为 null。 [C:\Users\Administrator\RiderProjects\AdvancedTimeIsland\AdvancedTimeIsland.csproj::TargetFramework=net10.0]
C:\Users\Administrator\RiderProjects\AdvancedTimeIsland\Views\Main\SunriseSunsetSettingsControl.cs(88,12): warning CS8618: 在退出构造函数时，不可为 null 的 字段 "_sunsetTimeSizeNumericUpDown" 必须包含非 null 值。请考虑添加 "required" 修饰符或将该 字段 声明为可为 null。 [C:\Users\Administrator\RiderProjects\AdvancedTimeIsland\AdvancedTimeIsland.csproj::TargetFramework=net10.0]
C:\Users\Administrator\RiderProjects\AdvancedTimeIsland\Views\Main\FestivalSettingsControl.cs(45,12): warning CS8618: 在退出构造函数时，不可为 null 的 字段 "_labelColorPicker" 必须包含非 null 值。请考虑添加 "required" 修饰符或将该 字段 声明为可为 null。 [C:\Users\Administrator\RiderProjects\AdvancedTimeIsland\AdvancedTimeIsland.csproj::TargetFramework=net10.0]
C:\Users\Administrator\RiderProjects\AdvancedTimeIsland\Views\Main\FestivalSettingsControl.cs(45,12): warning CS8618: 在退出构造函数时，不可为 null 的 字段 "_labelFontSizeNumericUpDown" 必须包含非 null 值。请考虑添加 "required" 修饰符或将该 字段 声明为可为 null。 [C:\Users\Administrator\RiderProjects\AdvancedTimeIsland\AdvancedTimeIsland.csproj::TargetFramework=net10.0]
C:\Users\Administrator\RiderProjects\AdvancedTimeIsland\Views\Main\FestivalSettingsControl.cs(45,12): warning CS8618: 在退出构造函数时，不可为 null 的 字段 "_valueColorPicker" 必须包含非 null 值。请考虑添加 "required" 修饰符或将该 字段 声明为可为 null。 [C:\Users\Administrator\RiderProjects\AdvancedTimeIsland\AdvancedTimeIsland.csproj::TargetFramework=net10.0]
C:\Users\Administrator\RiderProjects\AdvancedTimeIsland\Views\Main\FestivalSettingsControl.cs(45,12): warning CS8618: 在退出构造函数时，不可为 null 的 字段 "_valueFontSizeNumericUpDown" 必须包含非 null 值。请考虑添加 "required" 修饰符或将该 字段 声明为可为 null。 [C:\Users\Administrator\RiderProjects\AdvancedTimeIsland\AdvancedTimeIsland.csproj::TargetFramework=net10.0]
C:\Users\Administrator\RiderProjects\AdvancedTimeIsland\Views\Main\FestivalSettingsControl.cs(45,12): warning CS8618: 在退出构造函数时，不可为 null 的 字段 "_labelEnableCustomFontSizeToggle" 必须包含非 null 值。请考虑添加 "required" 修饰符或将该 字段 声明为可为 null。 [C:\Users\Administrator\RiderProjects\AdvancedTimeIsland\AdvancedTimeIsland.csproj::TargetFramework=net10.0]
C:\Users\Administrator\RiderProjects\AdvancedTimeIsland\Views\Main\FestivalSettingsControl.cs(45,12): warning CS8618: 在退出构造函数时，不可为 null 的 字段 "_labelEnableCustomFontColorToggle" 必须包含非 null 值。请考虑添加 "required" 修饰符或将该 字段 声明为可为 null。 [C:\Users\Administrator\RiderProjects\AdvancedTimeIsland\AdvancedTimeIsland.csproj::TargetFramework=net10.0]
C:\Users\Administrator\RiderProjects\AdvancedTimeIsland\Views\Main\FestivalSettingsControl.cs(45,12): warning CS8618: 在退出构造函数时，不可为 null 的 字段 "_valueEnableCustomFontSizeToggle" 必须包含非 null 值。请考虑添加 "required" 修饰符或将该 字段 声明为可为 null。 [C:\Users\Administrator\RiderProjects\AdvancedTimeIsland\AdvancedTimeIsland.csproj::TargetFramework=net10.0]
C:\Users\Administrator\RiderProjects\AdvancedTimeIsland\Views\Main\FestivalSettingsControl.cs(45,12): warning CS8618: 在退出构造函数时，不可为 null 的 字段 "_valueEnableCustomFontColorToggle" 必须包含非 null 值。请考虑添加 "required" 修饰符或将该 字段 声明为可为 null。 [C:\Users\Administrator\RiderProjects\AdvancedTimeIsland\AdvancedTimeIsland.csproj::TargetFramework=net10.0]
C:\Users\Administrator\RiderProjects\AdvancedTimeIsland\Views\Main\FestivalSettingsControl.cs(45,12): warning CS8618: 在退出构造函数时，不可为 null 的 字段 "_labelEnableCustomFontFamilyToggle" 必须包含非 null 值。请考虑添加 "required" 修饰符或将该 字段 声明为可为 null。 [C:\Users\Administrator\RiderProjects\AdvancedTimeIsland\AdvancedTimeIsland.csproj::TargetFramework=net10.0]
C:\Users\Administrator\RiderProjects\AdvancedTimeIsland\Views\Main\FestivalSettingsControl.cs(45,12): warning CS8618: 在退出构造函数时，不可为 null 的 字段 "_valueEnableCustomFontFamilyToggle" 必须包含非 null 值。请考虑添加 "required" 修饰符或将该 字段 声明为可为 null。 [C:\Users\Administrator\RiderProjects\AdvancedTimeIsland\AdvancedTimeIsland.csproj::TargetFramework=net10.0]
C:\Users\Administrator\RiderProjects\AdvancedTimeIsland\Views\Main\FestivalSettingsControl.cs(45,12): warning CS8618: 在退出构造函数时，不可为 null 的 字段 "_labelEnableCustomFontWeightToggle" 必须包含非 null 值。请考虑添加 "required" 修饰符或将该 字段 声明为可为 null。 [C:\Users\Administrator\RiderProjects\AdvancedTimeIsland\AdvancedTimeIsland.csproj::TargetFramework=net10.0]
C:\Users\Administrator\RiderProjects\AdvancedTimeIsland\Views\Main\FestivalSettingsControl.cs(45,12): warning CS8618: 在退出构造函数时，不可为 null 的 字段 "_valueEnableCustomFontWeightToggle" 必须包含非 null 值。请考虑添加 "required" 修饰符或将该 字段 声明为可为 null。 [C:\Users\Administrator\RiderProjects\AdvancedTimeIsland\AdvancedTimeIsland.csproj::TargetFramework=net10.0]
C:\Users\Administrator\RiderProjects\AdvancedTimeIsland\Views\Main\FestivalSettingsControl.cs(45,12): warning CS8618: 在退出构造函数时，不可为 null 的 字段 "_labelFontFamilyComboBox" 必须包含非 null 值。请考虑添加 "required" 修饰符或将该 字段 声明为可为 null。 [C:\Users\Administrator\RiderProjects\AdvancedTimeIsland\AdvancedTimeIsland.csproj::TargetFramework=net10.0]
C:\Users\Administrator\RiderProjects\AdvancedTimeIsland\Views\Main\FestivalSettingsControl.cs(45,12): warning CS8618: 在退出构造函数时，不可为 null 的 字段 "_valueFontFamilyComboBox" 必须包含非 null 值。请考虑添加 "required" 修饰符或将该 字段 声明为可为 null。 [C:\Users\Administrator\RiderProjects\AdvancedTimeIsland\AdvancedTimeIsland.csproj::TargetFramework=net10.0]
C:\Users\Administrator\RiderProjects\AdvancedTimeIsland\Views\Main\FestivalSettingsControl.cs(45,12): warning CS8618: 在退出构造函数时，不可为 null 的 字段 "_labelFontWeightComboBox" 必须包含非 null 值。请考虑添加 "required" 修饰符或将该 字段 声明为可为 null。 [C:\Users\Administrator\RiderProjects\AdvancedTimeIsland\AdvancedTimeIsland.csproj::TargetFramework=net10.0]
C:\Users\Administrator\RiderProjects\AdvancedTimeIsland\Views\Main\FestivalSettingsControl.cs(45,12): warning CS8618: 在退出构造函数时，不可为 null 的 字段 "_valueFontWeightComboBox" 必须包含非 null 值。请考虑添加 "required" 修饰符或将该 字段 声明为可为 null。 [C:\Users\Administrator\RiderProjects\AdvancedTimeIsland\AdvancedTimeIsland.csproj::TargetFramework=net10.0]
C:\Users\Administrator\RiderProjects\AdvancedTimeIsland\Views\Main\FestivalSettingsControl.cs(45,12): warning CS8618: 在退出构造函数时，不可为 null 的 字段 "_internationalToggle" 必须包含非 null 值。请考虑添加 "required" 修饰符或将该 字段 声明为可为 null。 [C:\Users\Administrator\RiderProjects\AdvancedTimeIsland\AdvancedTimeIsland.csproj::TargetFramework=net10.0]
C:\Users\Administrator\RiderProjects\AdvancedTimeIsland\Views\Main\FestivalSettingsControl.cs(45,12): warning CS8618: 在退出构造函数时，不可为 null 的 字段 "_traditionalToggle" 必须包含非 null 值。请考虑添加 "required" 修饰符或将该 字段 声明为可为 null。 [C:\Users\Administrator\RiderProjects\AdvancedTimeIsland\AdvancedTimeIsland.csproj::TargetFramework=net10.0]
C:\Users\Administrator\RiderProjects\AdvancedTimeIsland\Views\Main\FestivalSettingsControl.cs(45,12): warning CS8618: 在退出构造函数时，不可为 null 的 字段 "_redToggle" 必须包含非 null 值。请考虑添加 "required" 修饰符或将该 字段 声明为可为 null。 [C:\Users\Administrator\RiderProjects\AdvancedTimeIsland\AdvancedTimeIsland.csproj::TargetFramework=net10.0]
C:\Users\Administrator\RiderProjects\AdvancedTimeIsland\Views\Main\FestivalSettingsControl.cs(45,12): warning CS8618: 在退出构造函数时，不可为 null 的 字段 "_labelTitleTextBlock" 必须包含非 null 值。请考虑添加 "required" 修饰符或将该 字段 声明为可为 null。 [C:\Users\Administrator\RiderProjects\AdvancedTimeIsland\AdvancedTimeIsland.csproj::TargetFramework=net10.0]
C:\Users\Administrator\RiderProjects\AdvancedTimeIsland\Views\Main\FestivalSettingsControl.cs(45,12): warning CS8618: 在退出构造函数时，不可为 null 的 字段 "_festivalTypeTitleTextBlock" 必须包含非 null 值。请考虑添加 "required" 修饰符或将该 字段 声明为可为 null。 [C:\Users\Administrator\RiderProjects\AdvancedTimeIsland\AdvancedTimeIsland.csproj::TargetFramework=net10.0]
C:\Users\Administrator\RiderProjects\AdvancedTimeIsland\Views\Main\FestivalSettingsControl.cs(45,12): warning CS8618: 在退出构造函数时，不可为 null 的 字段 "_labelColorLabelTextBlock" 必须包含非 null 值。请考虑添加 "required" 修饰符或将该 字段 声明为可为 null。 [C:\Users\Administrator\RiderProjects\AdvancedTimeIsland\AdvancedTimeIsland.csproj::TargetFramework=net10.0]
C:\Users\Administrator\RiderProjects\AdvancedTimeIsland\Views\Main\FestivalSettingsControl.cs(45,12): warning CS8618: 在退出构造函数时，不可为 null 的 字段 "_labelFontSizeLabelTextBlock" 必须包含非 null 值。请考虑添加 "required" 修饰符或将该 字段 声明为可为 null。 [C:\Users\Administrator\RiderProjects\AdvancedTimeIsland\AdvancedTimeIsland.csproj::TargetFramework=net10.0]
C:\Users\Administrator\RiderProjects\AdvancedTimeIsland\Views\Main\FestivalSettingsControl.cs(45,12): warning CS8618: 在退出构造函数时，不可为 null 的 字段 "_valueTitleTextBlock" 必须包含非 null 值。请考虑添加 "required" 修饰符或将该 字段 声明为可为 null。 [C:\Users\Administrator\RiderProjects\AdvancedTimeIsland\AdvancedTimeIsland.csproj::TargetFramework=net10.0]
C:\Users\Administrator\RiderProjects\AdvancedTimeIsland\Views\Main\FestivalSettingsControl.cs(45,12): warning CS8618: 在退出构造函数时，不可为 null 的 字段 "_valueColorLabelTextBlock" 必须包含非 null 值。请考虑添加 "required" 修饰符或将该 字段 声明为可为 null。 [C:\Users\Administrator\RiderProjects\AdvancedTimeIsland\AdvancedTimeIsland.csproj::TargetFramework=net10.0]
C:\Users\Administrator\RiderProjects\AdvancedTimeIsland\Views\Main\FestivalSettingsControl.cs(45,12): warning CS8618: 在退出构造函数时，不可为 null 的 字段 "_valueFontSizeLabelTextBlock" 必须包含非 null 值。请考虑添加 "required" 修饰符或将该 字段 声明为可为 null。 [C:\Users\Administrator\RiderProjects\AdvancedTimeIsland\AdvancedTimeIsland.csproj::TargetFramework=net10.0]
C:\Users\Administrator\RiderProjects\AdvancedTimeIsland\Automation\Rules\LocalSolarDailyTimeRangeRuleSettingsControl.cs(142,13): warning CS0618: “TextBox.Watermark”已过时:“Use PlaceholderText instead.” [C:\Users\Administrator\RiderProjects\AdvancedTimeIsland\AdvancedTimeIsland.csproj::TargetFramework=net10.0]
C:\Users\Administrator\RiderProjects\AdvancedTimeIsland\Automation\Rules\LocalSolarDailyTimeRangeRuleSettingsControl.cs(156,52): warning CS0618: “TextBox.Watermark”已过时:“Use PlaceholderText instead.” [C:\Users\Administrator\RiderProjects\AdvancedTimeIsland\AdvancedTimeIsland.csproj::TargetFramework=net10.0]
C:\Users\Administrator\RiderProjects\AdvancedTimeIsland\Automation\Rules\LocalSolarDailyTimeRangeRuleSettingsControl.cs(161,52): warning CS0618: “TextBox.Watermark”已过时:“Use PlaceholderText instead.” [C:\Users\Administrator\RiderProjects\AdvancedTimeIsland\AdvancedTimeIsland.csproj::TargetFramework=net10.0]
C:\Users\Administrator\RiderProjects\AdvancedTimeIsland\Automation\Rules\LocalSolarDailyTimeRangeRuleSettingsControl.cs(166,52): warning CS0618: “TextBox.Watermark”已过时:“Use PlaceholderText instead.” [C:\Users\Administrator\RiderProjects\AdvancedTimeIsland\AdvancedTimeIsland.csproj::TargetFramework=net10.0]
C:\Users\Administrator\RiderProjects\AdvancedTimeIsland\Automation\Rules\LocalSolarMinutelyTimeRangeRuleSettingsControl.cs(154,13): warning CS0618: “TextBox.Watermark”已过时:“Use PlaceholderText instead.” [C:\Users\Administrator\RiderProjects\AdvancedTimeIsland\AdvancedTimeIsland.csproj::TargetFramework=net10.0]
C:\Users\Administrator\RiderProjects\AdvancedTimeIsland\Automation\Rules\LocalSolarMinutelyTimeRangeRuleSettingsControl.cs(168,52): warning CS0618: “TextBox.Watermark”已过时:“Use PlaceholderText instead.” [C:\Users\Administrator\RiderProjects\AdvancedTimeIsland\AdvancedTimeIsland.csproj::TargetFramework=net10.0]
C:\Users\Administrator\RiderProjects\AdvancedTimeIsland\Automation\Rules\LocalSolarMinutelyTimeRangeRuleSettingsControl.cs(173,52): warning CS0618: “TextBox.Watermark”已过时:“Use PlaceholderText instead.” [C:\Users\Administrator\RiderProjects\AdvancedTimeIsland\AdvancedTimeIsland.csproj::TargetFramework=net10.0]
C:\Users\Administrator\RiderProjects\AdvancedTimeIsland\Automation\Rules\LocalSolarMinutelyTimeRangeRuleSettingsControl.cs(178,52): warning CS0618: “TextBox.Watermark”已过时:“Use PlaceholderText instead.” [C:\Users\Administrator\RiderProjects\AdvancedTimeIsland\AdvancedTimeIsland.csproj::TargetFramework=net10.0]
C:\Users\Administrator\RiderProjects\AdvancedTimeIsland\Automation\Rules\LocalSolarMinutelyTimeRangeRuleSettingsControl.cs(230,13): warning CS0618: “TextBox.Watermark”已过时:“Use PlaceholderText instead.” [C:\Users\Administrator\RiderProjects\AdvancedTimeIsland\AdvancedTimeIsland.csproj::TargetFramework=net10.0]
C:\Users\Administrator\RiderProjects\AdvancedTimeIsland\Automation\Rules\LocalSolarMinutelyTimeRangeRuleSettingsControl.cs(318,39): warning CS8604: “int LocalSolarMinutelyTimeRangeRuleSettingsControl.ParseSecond(string text)”中的形参“text”可能传入 null 引用实参。 [C:\Users\Administrator\RiderProjects\AdvancedTimeIsland\AdvancedTimeIsland.csproj::TargetFramework=net10.0]
C:\Users\Administrator\RiderProjects\AdvancedTimeIsland\Automation\Rules\LocalSolarMinutelyTimeRangeRuleSettingsControl.cs(321,37): warning CS8604: “int LocalSolarMinutelyTimeRangeRuleSettingsControl.ParseSecond(string text)”中的形参“text”可能传入 null 引用实参。 [C:\Users\Administrator\RiderProjects\AdvancedTimeIsland\AdvancedTimeIsland.csproj::TargetFramework=net10.0]
C:\Users\Administrator\RiderProjects\AdvancedTimeIsland\Automation\Rules\ShengXiaoRuleSettingsControl.cs(12,12): warning CS8618: 在退出构造函数时，不可为 null 的 字段 "_shengXiaoComboBox" 必须包含非 null 值。请考虑添加 "required" 修饰符或将该 字段 声明为可为 null。 [C:\Users\Administrator\RiderProjects\AdvancedTimeIsland\AdvancedTimeIsland.csproj::TargetFramework=net10.0]
C:\Users\Administrator\RiderProjects\AdvancedTimeIsland\Views\Main\ForwardTimerControl.cs(34,12): warning CS8618: 在退出构造函数时，不可为 null 的 字段 "vm" 必须包含非 null 值。请考虑添加 "required" 修饰符或将该 字段 声明为可为 null。 [C:\Users\Administrator\RiderProjects\AdvancedTimeIsland\AdvancedTimeIsland.csproj::TargetFramework=net10.0]
C:\Users\Administrator\RiderProjects\AdvancedTimeIsland\Views\Main\ForwardTimerControl.cs(34,12): warning CS8618: 在退出构造函数时，不可为 null 的 字段 "tbText1" 必须包含非 null 值。请考虑添加 "required" 修饰符或将该 字段 声明为可为 null。 [C:\Users\Administrator\RiderProjects\AdvancedTimeIsland\AdvancedTimeIsland.csproj::TargetFramework=net10.0]
C:\Users\Administrator\RiderProjects\AdvancedTimeIsland\Views\Main\ForwardTimerControl.cs(34,12): warning CS8618: 在退出构造函数时，不可为 null 的 字段 "tbName" 必须包含非 null 值。请考虑添加 "required" 修饰符或将该 字段 声明为可为 null。 [C:\Users\Administrator\RiderProjects\AdvancedTimeIsland\AdvancedTimeIsland.csproj::TargetFramework=net10.0]
C:\Users\Administrator\RiderProjects\AdvancedTimeIsland\Views\Main\ForwardTimerControl.cs(34,12): warning CS8618: 在退出构造函数时，不可为 null 的 字段 "tbText3" 必须包含非 null 值。请考虑添加 "required" 修饰符或将该 字段 声明为可为 null。 [C:\Users\Administrator\RiderProjects\AdvancedTimeIsland\AdvancedTimeIsland.csproj::TargetFramework=net10.0]
C:\Users\Administrator\RiderProjects\AdvancedTimeIsland\Views\Main\ForwardTimerControl.cs(34,12): warning CS8618: 在退出构造函数时，不可为 null 的 字段 "tbTime" 必须包含非 null 值。请考虑添加 "required" 修饰符或将该 字段 声明为可为 null。 [C:\Users\Administrator\RiderProjects\AdvancedTimeIsland\AdvancedTimeIsland.csproj::TargetFramework=net10.0]
C:\Users\Administrator\RiderProjects\AdvancedTimeIsland\Views\Main\ForwardTimerControl.cs(34,12): warning CS8618: 在退出构造函数时，不可为 null 的 字段 "tbText4" 必须包含非 null 值。请考虑添加 "required" 修饰符或将该 字段 声明为可为 null。 [C:\Users\Administrator\RiderProjects\AdvancedTimeIsland\AdvancedTimeIsland.csproj::TargetFramework=net10.0]
C:\Users\Administrator\RiderProjects\AdvancedTimeIsland\Views\Main\ForwardTimerControl.cs(34,12): warning CS8618: 在退出构造函数时，不可为 null 的 字段 "rootBorder" 必须包含非 null 值。请考虑添加 "required" 修饰符或将该 字段 声明为可为 null。 [C:\Users\Administrator\RiderProjects\AdvancedTimeIsland\AdvancedTimeIsland.csproj::TargetFramework=net10.0]
C:\Users\Administrator\RiderProjects\AdvancedTimeIsland\Views\Main\ForwardTimerControl.cs(34,12): warning CS8618: 在退出构造函数时，不可为 null 的 字段 "contentPanel" 必须包含非 null 值。请考虑添加 "required" 修饰符或将该 字段 声明为可为 null。 [C:\Users\Administrator\RiderProjects\AdvancedTimeIsland\AdvancedTimeIsland.csproj::TargetFramework=net10.0]
C:\Users\Administrator\RiderProjects\AdvancedTimeIsland\Automation\Rules\MinutelyTimeRangeRuleSettingsControl.cs(64,13): warning CS0618: “TextBox.Watermark”已过时:“Use PlaceholderText instead.” [C:\Users\Administrator\RiderProjects\AdvancedTimeIsland\AdvancedTimeIsland.csproj::TargetFramework=net10.0]
C:\Users\Administrator\RiderProjects\AdvancedTimeIsland\Automation\Rules\MinutelyTimeRangeRuleSettingsControl.cs(125,39): warning CS8604: “int MinutelyTimeRangeRuleSettingsControl.ParseSecond(string text)”中的形参“text”可能传入 null 引用实参。 [C:\Users\Administrator\RiderProjects\AdvancedTimeIsland\AdvancedTimeIsland.csproj::TargetFramework=net10.0]
C:\Users\Administrator\RiderProjects\AdvancedTimeIsland\Automation\Rules\MinutelyTimeRangeRuleSettingsControl.cs(128,37): warning CS8604: “int MinutelyTimeRangeRuleSettingsControl.ParseSecond(string text)”中的形参“text”可能传入 null 引用实参。 [C:\Users\Administrator\RiderProjects\AdvancedTimeIsland\AdvancedTimeIsland.csproj::TargetFramework=net10.0]
C:\Users\Administrator\RiderProjects\AdvancedTimeIsland\Views\Main\CountdownSettingsControl.cs(156,44): warning CS0618: “TextBox.Watermark”已过时:“Use PlaceholderText instead.” [C:\Users\Administrator\RiderProjects\AdvancedTimeIsland\AdvancedTimeIsland.csproj::TargetFramework=net10.0]
C:\Users\Administrator\RiderProjects\AdvancedTimeIsland\Views\Main\CountdownSettingsControl.cs(222,55): warning CS0618: “TextBox.Watermark”已过时:“Use PlaceholderText instead.” [C:\Users\Administrator\RiderProjects\AdvancedTimeIsland\AdvancedTimeIsland.csproj::TargetFramework=net10.0]
C:\Users\Administrator\RiderProjects\AdvancedTimeIsland\Automation\Rules\LocalSolarMonthlyTimeRangeRuleSettingsControl.cs(152,13): warning CS0618: “TextBox.Watermark”已过时:“Use PlaceholderText instead.” [C:\Users\Administrator\RiderProjects\AdvancedTimeIsland\AdvancedTimeIsland.csproj::TargetFramework=net10.0]
C:\Users\Administrator\RiderProjects\AdvancedTimeIsland\Automation\Rules\LocalSolarMonthlyTimeRangeRuleSettingsControl.cs(166,52): warning CS0618: “TextBox.Watermark”已过时:“Use PlaceholderText instead.” [C:\Users\Administrator\RiderProjects\AdvancedTimeIsland\AdvancedTimeIsland.csproj::TargetFramework=net10.0]
C:\Users\Administrator\RiderProjects\AdvancedTimeIsland\Automation\Rules\LocalSolarMonthlyTimeRangeRuleSettingsControl.cs(171,52): warning CS0618: “TextBox.Watermark”已过时:“Use PlaceholderText instead.” [C:\Users\Administrator\RiderProjects\AdvancedTimeIsland\AdvancedTimeIsland.csproj::TargetFramework=net10.0]
C:\Users\Administrator\RiderProjects\AdvancedTimeIsland\Automation\Rules\LocalSolarMonthlyTimeRangeRuleSettingsControl.cs(176,52): warning CS0618: “TextBox.Watermark”已过时:“Use PlaceholderText instead.” [C:\Users\Administrator\RiderProjects\AdvancedTimeIsland\AdvancedTimeIsland.csproj::TargetFramework=net10.0]
C:\Users\Administrator\RiderProjects\AdvancedTimeIsland\Automation\Triggers\HourlyTimeIntervalTriggerSettingsControl.cs(85,13): warning CS0618: “TextBox.Watermark”已过时:“Use PlaceholderText instead.” [C:\Users\Administrator\RiderProjects\AdvancedTimeIsland\AdvancedTimeIsland.csproj::TargetFramework=net10.0]
C:\Users\Administrator\RiderProjects\AdvancedTimeIsland\Automation\Triggers\HourlyTimeIntervalTriggerSettingsControl.cs(92,13): warning CS0618: “TextBox.Watermark”已过时:“Use PlaceholderText instead.” [C:\Users\Administrator\RiderProjects\AdvancedTimeIsland\AdvancedTimeIsland.csproj::TargetFramework=net10.0]
C:\Users\Administrator\RiderProjects\AdvancedTimeIsland\Views\Settings\TimeCalculatorPage.cs(146,9): warning CS8602: 解引用可能出现空引用。 [C:\Users\Administrator\RiderProjects\AdvancedTimeIsland\AdvancedTimeIsland.csproj::TargetFramework=net10.0]
C:\Users\Administrator\RiderProjects\AdvancedTimeIsland\Automation\Triggers\HourlyTimeTriggerSettingsControl.cs(84,13): warning CS0618: “TextBox.Watermark”已过时:“Use PlaceholderText instead.” [C:\Users\Administrator\RiderProjects\AdvancedTimeIsland\AdvancedTimeIsland.csproj::TargetFramework=net10.0]
C:\Users\Administrator\RiderProjects\AdvancedTimeIsland\Automation\Triggers\HourlyTimeTriggerSettingsControl.cs(91,13): warning CS0618: “TextBox.Watermark”已过时:“Use PlaceholderText instead.” [C:\Users\Administrator\RiderProjects\AdvancedTimeIsland\AdvancedTimeIsland.csproj::TargetFramework=net10.0]
C:\Users\Administrator\RiderProjects\AdvancedTimeIsland\Views\Settings\TimeCalculatorPage.cs(182,13): warning CS0618: “TextBox.Watermark”已过时:“Use PlaceholderText instead.” [C:\Users\Administrator\RiderProjects\AdvancedTimeIsland\AdvancedTimeIsland.csproj::TargetFramework=net10.0]
C:\Users\Administrator\RiderProjects\AdvancedTimeIsland\Views\Settings\TimeCalculatorPage.cs(216,9): warning CS8602: 解引用可能出现空引用。 [C:\Users\Administrator\RiderProjects\AdvancedTimeIsland\AdvancedTimeIsland.csproj::TargetFramework=net10.0]
C:\Users\Administrator\RiderProjects\AdvancedTimeIsland\Automation\Triggers\HourlyTimeTriggerSettingsControl.cs(151,39): warning CS8604: “int HourlyTimeTriggerSettingsControl.ParseMinute(string text)”中的形参“text”可能传入 null 引用实参。 [C:\Users\Administrator\RiderProjects\AdvancedTimeIsland\AdvancedTimeIsland.csproj::TargetFramework=net10.0]
C:\Users\Administrator\RiderProjects\AdvancedTimeIsland\Automation\Triggers\HourlyTimeTriggerSettingsControl.cs(152,39): warning CS8604: “int HourlyTimeTriggerSettingsControl.ParseSecond(string text)”中的形参“text”可能传入 null 引用实参。 [C:\Users\Administrator\RiderProjects\AdvancedTimeIsland\AdvancedTimeIsland.csproj::TargetFramework=net10.0]
C:\Users\Administrator\RiderProjects\AdvancedTimeIsland\Automation\Triggers\LocalSolarDailyTimeIntervalTriggerSettingsControl.cs(79,13): warning CS0618: “TextBox.Watermark”已过时:“Use PlaceholderText instead.” [C:\Users\Administrator\RiderProjects\AdvancedTimeIsland\AdvancedTimeIsland.csproj::TargetFramework=net10.0]
C:\Users\Administrator\RiderProjects\AdvancedTimeIsland\Automation\Triggers\HourlyTimeIntervalTriggerSettingsControl.cs(235,39): warning CS8604: “int HourlyTimeIntervalTriggerSettingsControl.ParseMinute(string text)”中的形参“text”可能传入 null 引用实参。 [C:\Users\Administrator\RiderProjects\AdvancedTimeIsland\AdvancedTimeIsland.csproj::TargetFramework=net10.0]
C:\Users\Administrator\RiderProjects\AdvancedTimeIsland\Automation\Triggers\HourlyTimeIntervalTriggerSettingsControl.cs(236,39): warning CS8604: “int HourlyTimeIntervalTriggerSettingsControl.ParseSecond(string text)”中的形参“text”可能传入 null 引用实参。 [C:\Users\Administrator\RiderProjects\AdvancedTimeIsland\AdvancedTimeIsland.csproj::TargetFramework=net10.0]
C:\Users\Administrator\RiderProjects\AdvancedTimeIsland\Automation\Triggers\HourlyTimeIntervalTriggerSettingsControl.cs(239,37): warning CS8604: “int HourlyTimeIntervalTriggerSettingsControl.ParseMinute(string text)”中的形参“text”可能传入 null 引用实参。 [C:\Users\Administrator\RiderProjects\AdvancedTimeIsland\AdvancedTimeIsland.csproj::TargetFramework=net10.0]
C:\Users\Administrator\RiderProjects\AdvancedTimeIsland\Automation\Triggers\HourlyTimeIntervalTriggerSettingsControl.cs(240,37): warning CS8604: “int HourlyTimeIntervalTriggerSettingsControl.ParseSecond(string text)”中的形参“text”可能传入 null 引用实参。 [C:\Users\Administrator\RiderProjects\AdvancedTimeIsland\AdvancedTimeIsland.csproj::TargetFramework=net10.0]
C:\Users\Administrator\RiderProjects\AdvancedTimeIsland\Automation\Rules\LocalSolarHourlyTimeRangeRuleSettingsControl.cs(330,39): warning CS8604: “int LocalSolarHourlyTimeRangeRuleSettingsControl.ParseMinute(string text)”中的形参“text”可能传入 null 引用实参。 [C:\Users\Administrator\RiderProjects\AdvancedTimeIsland\AdvancedTimeIsland.csproj::TargetFramework=net10.0]
C:\Users\Administrator\RiderProjects\AdvancedTimeIsland\Automation\Rules\LocalSolarHourlyTimeRangeRuleSettingsControl.cs(331,39): warning CS8604: “int LocalSolarHourlyTimeRangeRuleSettingsControl.ParseSecond(string text)”中的形参“text”可能传入 null 引用实参。 [C:\Users\Administrator\RiderProjects\AdvancedTimeIsland\AdvancedTimeIsland.csproj::TargetFramework=net10.0]
C:\Users\Administrator\RiderProjects\AdvancedTimeIsland\Automation\Rules\LocalSolarHourlyTimeRangeRuleSettingsControl.cs(334,37): warning CS8604: “int LocalSolarHourlyTimeRangeRuleSettingsControl.ParseMinute(string text)”中的形参“text”可能传入 null 引用实参。 [C:\Users\Administrator\RiderProjects\AdvancedTimeIsland\AdvancedTimeIsland.csproj::TargetFramework=net10.0]
C:\Users\Administrator\RiderProjects\AdvancedTimeIsland\Automation\Rules\LocalSolarHourlyTimeRangeRuleSettingsControl.cs(335,37): warning CS8604: “int LocalSolarHourlyTimeRangeRuleSettingsControl.ParseSecond(string text)”中的形参“text”可能传入 null 引用实参。 [C:\Users\Administrator\RiderProjects\AdvancedTimeIsland\AdvancedTimeIsland.csproj::TargetFramework=net10.0]
C:\Users\Administrator\RiderProjects\AdvancedTimeIsland\Views\Main\CountdownSettingsControl.cs(446,33): warning CS0618: “TextBox.Watermark”已过时:“Use PlaceholderText instead.” [C:\Users\Administrator\RiderProjects\AdvancedTimeIsland\AdvancedTimeIsland.csproj::TargetFramework=net10.0]
C:\Users\Administrator\RiderProjects\AdvancedTimeIsland\Automation\Triggers\TimeZoneHourlyTimeTriggerSettingsControl.cs(194,33): warning CS8629: 可为 null 的值类型可为 null。 [C:\Users\Administrator\RiderProjects\AdvancedTimeIsland\AdvancedTimeIsland.csproj::TargetFramework=net10.0]
C:\Users\Administrator\RiderProjects\AdvancedTimeIsland\Automation\Triggers\TimeZoneHourlyTimeTriggerSettingsControl.cs(194,69): warning CS8629: 可为 null 的值类型可为 null。 [C:\Users\Administrator\RiderProjects\AdvancedTimeIsland\AdvancedTimeIsland.csproj::TargetFramework=net10.0]
C:\Users\Administrator\RiderProjects\AdvancedTimeIsland\Automation\Triggers\LocalSolarExactTimeIntervalTriggerSettingsControl.cs(83,13): warning CS0618: “TextBox.Watermark”已过时:“Use PlaceholderText instead.” [C:\Users\Administrator\RiderProjects\AdvancedTimeIsland\AdvancedTimeIsland.csproj::TargetFramework=net10.0]
C:\Users\Administrator\RiderProjects\AdvancedTimeIsland\Automation\Triggers\LocalSolarHourlyTimeIntervalTriggerSettingsControl.cs(81,13): warning CS0618: “TextBox.Watermark”已过时:“Use PlaceholderText instead.” [C:\Users\Administrator\RiderProjects\AdvancedTimeIsland\AdvancedTimeIsland.csproj::TargetFramework=net10.0]
C:\Users\Administrator\RiderProjects\AdvancedTimeIsland\Views\Settings\EasterEggPage.cs(593,9): warning CS4014: 由于此调用不会等待，因此在此调用完成之前将会继续执行当前方法。请考虑将 "await" 运算符应用于调用结果。 [C:\Users\Administrator\RiderProjects\AdvancedTimeIsland\AdvancedTimeIsland.csproj::TargetFramework=net10.0]
C:\Users\Administrator\RiderProjects\AdvancedTimeIsland\Automation\Triggers\LocalSolarDailyTimeTriggerSettingsControl.cs(140,13): warning CS0618: “TextBox.Watermark”已过时:“Use PlaceholderText instead.” [C:\Users\Administrator\RiderProjects\AdvancedTimeIsland\AdvancedTimeIsland.csproj::TargetFramework=net10.0]
C:\Users\Administrator\RiderProjects\AdvancedTimeIsland\Automation\Triggers\LocalSolarDailyTimeTriggerSettingsControl.cs(154,52): warning CS0618: “TextBox.Watermark”已过时:“Use PlaceholderText instead.” [C:\Users\Administrator\RiderProjects\AdvancedTimeIsland\AdvancedTimeIsland.csproj::TargetFramework=net10.0]
C:\Users\Administrator\RiderProjects\AdvancedTimeIsland\Automation\Triggers\LocalSolarDailyTimeTriggerSettingsControl.cs(159,52): warning CS0618: “TextBox.Watermark”已过时:“Use PlaceholderText instead.” [C:\Users\Administrator\RiderProjects\AdvancedTimeIsland\AdvancedTimeIsland.csproj::TargetFramework=net10.0]
C:\Users\Administrator\RiderProjects\AdvancedTimeIsland\Automation\Triggers\LocalSolarDailyTimeTriggerSettingsControl.cs(164,52): warning CS0618: “TextBox.Watermark”已过时:“Use PlaceholderText instead.” [C:\Users\Administrator\RiderProjects\AdvancedTimeIsland\AdvancedTimeIsland.csproj::TargetFramework=net10.0]
C:\Users\Administrator\RiderProjects\AdvancedTimeIsland\Automation\Triggers\LocalSolarHourlyTimeIntervalTriggerSettingsControl.cs(115,13): warning CS0618: “TextBox.Watermark”已过时:“Use PlaceholderText instead.” [C:\Users\Administrator\RiderProjects\AdvancedTimeIsland\AdvancedTimeIsland.csproj::TargetFramework=net10.0]
C:\Users\Administrator\RiderProjects\AdvancedTimeIsland\Automation\Triggers\LocalSolarHourlyTimeIntervalTriggerSettingsControl.cs(122,13): warning CS0618: “TextBox.Watermark”已过时:“Use PlaceholderText instead.” [C:\Users\Administrator\RiderProjects\AdvancedTimeIsland\AdvancedTimeIsland.csproj::TargetFramework=net10.0]
C:\Users\Administrator\RiderProjects\AdvancedTimeIsland\Views\Main\ForwardTimerSettingsControl.cs(165,55): warning CS0618: “TextBox.Watermark”已过时:“Use PlaceholderText instead.” [C:\Users\Administrator\RiderProjects\AdvancedTimeIsland\AdvancedTimeIsland.csproj::TargetFramework=net10.0]
C:\Users\Administrator\RiderProjects\AdvancedTimeIsland\Automation\Triggers\TimeZoneHourlyTimeIntervalTriggerSettingsControl.cs(120,13): warning CS0618: “TextBox.Watermark”已过时:“Use PlaceholderText instead.” [C:\Users\Administrator\RiderProjects\AdvancedTimeIsland\AdvancedTimeIsland.csproj::TargetFramework=net10.0]
C:\Users\Administrator\RiderProjects\AdvancedTimeIsland\Automation\Triggers\TimeZoneHourlyTimeIntervalTriggerSettingsControl.cs(127,13): warning CS0618: “TextBox.Watermark”已过时:“Use PlaceholderText instead.” [C:\Users\Administrator\RiderProjects\AdvancedTimeIsland\AdvancedTimeIsland.csproj::TargetFramework=net10.0]
C:\Users\Administrator\RiderProjects\AdvancedTimeIsland\Views\Main\ForwardTimerSettingsControl.cs(291,33): warning CS0618: “TextBox.Watermark”已过时:“Use PlaceholderText instead.” [C:\Users\Administrator\RiderProjects\AdvancedTimeIsland\AdvancedTimeIsland.csproj::TargetFramework=net10.0]
C:\Users\Administrator\RiderProjects\AdvancedTimeIsland\Views\Main\CountdownSettingsControl.cs(610,45): warning CS0618: “TextBox.Watermark”已过时:“Use PlaceholderText instead.” [C:\Users\Administrator\RiderProjects\AdvancedTimeIsland\AdvancedTimeIsland.csproj::TargetFramework=net10.0]
C:\Users\Administrator\RiderProjects\AdvancedTimeIsland\Automation\Triggers\LocalSolarMinutelyTimeIntervalTriggerSettingsControl.cs(79,13): warning CS0618: “TextBox.Watermark”已过时:“Use PlaceholderText instead.” [C:\Users\Administrator\RiderProjects\AdvancedTimeIsland\AdvancedTimeIsland.csproj::TargetFramework=net10.0]
C:\Users\Administrator\RiderProjects\AdvancedTimeIsland\Automation\Triggers\LocalSolarExactTimeTriggerSettingsControl.cs(146,13): warning CS0618: “TextBox.Watermark”已过时:“Use PlaceholderText instead.” [C:\Users\Administrator\RiderProjects\AdvancedTimeIsland\AdvancedTimeIsland.csproj::TargetFramework=net10.0]
C:\Users\Administrator\RiderProjects\AdvancedTimeIsland\Automation\Triggers\LocalSolarExactTimeTriggerSettingsControl.cs(160,52): warning CS0618: “TextBox.Watermark”已过时:“Use PlaceholderText instead.” [C:\Users\Administrator\RiderProjects\AdvancedTimeIsland\AdvancedTimeIsland.csproj::TargetFramework=net10.0]
C:\Users\Administrator\RiderProjects\AdvancedTimeIsland\Automation\Triggers\LocalSolarExactTimeTriggerSettingsControl.cs(165,52): warning CS0618: “TextBox.Watermark”已过时:“Use PlaceholderText instead.” [C:\Users\Administrator\RiderProjects\AdvancedTimeIsland\AdvancedTimeIsland.csproj::TargetFramework=net10.0]
C:\Users\Administrator\RiderProjects\AdvancedTimeIsland\Automation\Triggers\LocalSolarExactTimeTriggerSettingsControl.cs(170,52): warning CS0618: “TextBox.Watermark”已过时:“Use PlaceholderText instead.” [C:\Users\Administrator\RiderProjects\AdvancedTimeIsland\AdvancedTimeIsland.csproj::TargetFramework=net10.0]
C:\Users\Administrator\RiderProjects\AdvancedTimeIsland\Automation\Triggers\LocalSolarHourlyTimeIntervalTriggerSettingsControl.cs(277,39): warning CS8604: “int LocalSolarHourlyTimeIntervalTriggerSettingsControl.ParseMinute(string text)”中的形参“text”可能传入 null 引用实参。 [C:\Users\Administrator\RiderProjects\AdvancedTimeIsland\AdvancedTimeIsland.csproj::TargetFramework=net10.0]
C:\Users\Administrator\RiderProjects\AdvancedTimeIsland\Automation\Triggers\LocalSolarHourlyTimeIntervalTriggerSettingsControl.cs(278,39): warning CS8604: “int LocalSolarHourlyTimeIntervalTriggerSettingsControl.ParseSecond(string text)”中的形参“text”可能传入 null 引用实参。 [C:\Users\Administrator\RiderProjects\AdvancedTimeIsland\AdvancedTimeIsland.csproj::TargetFramework=net10.0]
C:\Users\Administrator\RiderProjects\AdvancedTimeIsland\Automation\Triggers\LocalSolarHourlyTimeIntervalTriggerSettingsControl.cs(281,37): warning CS8604: “int LocalSolarHourlyTimeIntervalTriggerSettingsControl.ParseMinute(string text)”中的形参“text”可能传入 null 引用实参。 [C:\Users\Administrator\RiderProjects\AdvancedTimeIsland\AdvancedTimeIsland.csproj::TargetFramework=net10.0]
C:\Users\Administrator\RiderProjects\AdvancedTimeIsland\Automation\Triggers\LocalSolarHourlyTimeIntervalTriggerSettingsControl.cs(282,37): warning CS8604: “int LocalSolarHourlyTimeIntervalTriggerSettingsControl.ParseSecond(string text)”中的形参“text”可能传入 null 引用实参。 [C:\Users\Administrator\RiderProjects\AdvancedTimeIsland\AdvancedTimeIsland.csproj::TargetFramework=net10.0]
C:\Users\Administrator\RiderProjects\AdvancedTimeIsland\Automation\Triggers\LocalSolarHourlyTimeTriggerSettingsControl.cs(146,13): warning CS0618: “TextBox.Watermark”已过时:“Use PlaceholderText instead.” [C:\Users\Administrator\RiderProjects\AdvancedTimeIsland\AdvancedTimeIsland.csproj::TargetFramework=net10.0]
C:\Users\Administrator\RiderProjects\AdvancedTimeIsland\Automation\Triggers\LocalSolarHourlyTimeTriggerSettingsControl.cs(160,52): warning CS0618: “TextBox.Watermark”已过时:“Use PlaceholderText instead.” [C:\Users\Administrator\RiderProjects\AdvancedTimeIsland\AdvancedTimeIsland.csproj::TargetFramework=net10.0]
C:\Users\Administrator\RiderProjects\AdvancedTimeIsland\Automation\Triggers\LocalSolarHourlyTimeTriggerSettingsControl.cs(165,52): warning CS0618: “TextBox.Watermark”已过时:“Use PlaceholderText instead.” [C:\Users\Administrator\RiderProjects\AdvancedTimeIsland\AdvancedTimeIsland.csproj::TargetFramework=net10.0]
C:\Users\Administrator\RiderProjects\AdvancedTimeIsland\Automation\Triggers\LocalSolarHourlyTimeTriggerSettingsControl.cs(170,52): warning CS0618: “TextBox.Watermark”已过时:“Use PlaceholderText instead.” [C:\Users\Administrator\RiderProjects\AdvancedTimeIsland\AdvancedTimeIsland.csproj::TargetFramework=net10.0]
C:\Users\Administrator\RiderProjects\AdvancedTimeIsland\Automation\Triggers\TimeZoneHourlyTimeIntervalTriggerSettingsControl.cs(289,39): warning CS8604: “int TimeZoneHourlyTimeIntervalTriggerSettingsControl.ParseMinute(string text)”中的形参“text”可能传入 null 引用实参。 [C:\Users\Administrator\RiderProjects\AdvancedTimeIsland\AdvancedTimeIsland.csproj::TargetFramework=net10.0]
C:\Users\Administrator\RiderProjects\AdvancedTimeIsland\Automation\Triggers\TimeZoneHourlyTimeIntervalTriggerSettingsControl.cs(290,39): warning CS8604: “int TimeZoneHourlyTimeIntervalTriggerSettingsControl.ParseSecond(string text)”中的形参“text”可能传入 null 引用实参。 [C:\Users\Administrator\RiderProjects\AdvancedTimeIsland\AdvancedTimeIsland.csproj::TargetFramework=net10.0]
C:\Users\Administrator\RiderProjects\AdvancedTimeIsland\Automation\Triggers\TimeZoneHourlyTimeIntervalTriggerSettingsControl.cs(293,37): warning CS8604: “int TimeZoneHourlyTimeIntervalTriggerSettingsControl.ParseMinute(string text)”中的形参“text”可能传入 null 引用实参。 [C:\Users\Administrator\RiderProjects\AdvancedTimeIsland\AdvancedTimeIsland.csproj::TargetFramework=net10.0]
C:\Users\Administrator\RiderProjects\AdvancedTimeIsland\Automation\Triggers\TimeZoneHourlyTimeIntervalTriggerSettingsControl.cs(294,37): warning CS8604: “int TimeZoneHourlyTimeIntervalTriggerSettingsControl.ParseSecond(string text)”中的形参“text”可能传入 null 引用实参。 [C:\Users\Administrator\RiderProjects\AdvancedTimeIsland\AdvancedTimeIsland.csproj::TargetFramework=net10.0]
C:\Users\Administrator\RiderProjects\AdvancedTimeIsland\Automation\Rules\LocalSolarYearlyTimeRangeRuleSettingsControl.cs(152,13): warning CS0618: “TextBox.Watermark”已过时:“Use PlaceholderText instead.” [C:\Users\Administrator\RiderProjects\AdvancedTimeIsland\AdvancedTimeIsland.csproj::TargetFramework=net10.0]
C:\Users\Administrator\RiderProjects\AdvancedTimeIsland\Automation\Rules\LocalSolarYearlyTimeRangeRuleSettingsControl.cs(166,52): warning CS0618: “TextBox.Watermark”已过时:“Use PlaceholderText instead.” [C:\Users\Administrator\RiderProjects\AdvancedTimeIsland\AdvancedTimeIsland.csproj::TargetFramework=net10.0]
C:\Users\Administrator\RiderProjects\AdvancedTimeIsland\Automation\Rules\LocalSolarYearlyTimeRangeRuleSettingsControl.cs(171,52): warning CS0618: “TextBox.Watermark”已过时:“Use PlaceholderText instead.” [C:\Users\Administrator\RiderProjects\AdvancedTimeIsland\AdvancedTimeIsland.csproj::TargetFramework=net10.0]
C:\Users\Administrator\RiderProjects\AdvancedTimeIsland\Automation\Rules\LocalSolarYearlyTimeRangeRuleSettingsControl.cs(176,52): warning CS0618: “TextBox.Watermark”已过时:“Use PlaceholderText instead.” [C:\Users\Administrator\RiderProjects\AdvancedTimeIsland\AdvancedTimeIsland.csproj::TargetFramework=net10.0]
C:\Users\Administrator\RiderProjects\AdvancedTimeIsland\Services\FloatingScheduleService.cs(1425,42): warning CS8602: 解引用可能出现空引用。 [C:\Users\Administrator\RiderProjects\AdvancedTimeIsland\AdvancedTimeIsland.csproj::TargetFramework=net10.0]
C:\Users\Administrator\RiderProjects\AdvancedTimeIsland\Services\FloatingScheduleService.cs(1426,53): warning CS8604: “bool ConditionalWeakTable<Layoutable, object>.Remove(Layoutable key)”中的形参“key”可能传入 null 引用实参。 [C:\Users\Administrator\RiderProjects\AdvancedTimeIsland\AdvancedTimeIsland.csproj::TargetFramework=net10.0]
C:\Users\Administrator\RiderProjects\AdvancedTimeIsland\Automation\Triggers\LocalSolarMonthlyTimeIntervalTriggerSettingsControl.cs(81,13): warning CS0618: “TextBox.Watermark”已过时:“Use PlaceholderText instead.” [C:\Users\Administrator\RiderProjects\AdvancedTimeIsland\AdvancedTimeIsland.csproj::TargetFramework=net10.0]
C:\Users\Administrator\RiderProjects\AdvancedTimeIsland\Automation\Triggers\LocalSolarYearlyTimeIntervalTriggerSettingsControl.cs(81,13): warning CS0618: “TextBox.Watermark”已过时:“Use PlaceholderText instead.” [C:\Users\Administrator\RiderProjects\AdvancedTimeIsland\AdvancedTimeIsland.csproj::TargetFramework=net10.0]
C:\Users\Administrator\RiderProjects\AdvancedTimeIsland\Automation\Triggers\LocalSolarMinutelyTimeTriggerSettingsControl.cs(150,13): warning CS0618: “TextBox.Watermark”已过时:“Use PlaceholderText instead.” [C:\Users\Administrator\RiderProjects\AdvancedTimeIsland\AdvancedTimeIsland.csproj::TargetFramework=net10.0]
C:\Users\Administrator\RiderProjects\AdvancedTimeIsland\Automation\Triggers\LocalSolarMinutelyTimeTriggerSettingsControl.cs(164,52): warning CS0618: “TextBox.Watermark”已过时:“Use PlaceholderText instead.” [C:\Users\Administrator\RiderProjects\AdvancedTimeIsland\AdvancedTimeIsland.csproj::TargetFramework=net10.0]
C:\Users\Administrator\RiderProjects\AdvancedTimeIsland\Automation\Triggers\LocalSolarMinutelyTimeTriggerSettingsControl.cs(169,52): warning CS0618: “TextBox.Watermark”已过时:“Use PlaceholderText instead.” [C:\Users\Administrator\RiderProjects\AdvancedTimeIsland\AdvancedTimeIsland.csproj::TargetFramework=net10.0]
C:\Users\Administrator\RiderProjects\AdvancedTimeIsland\Automation\Triggers\LocalSolarMinutelyTimeTriggerSettingsControl.cs(174,52): warning CS0618: “TextBox.Watermark”已过时:“Use PlaceholderText instead.” [C:\Users\Administrator\RiderProjects\AdvancedTimeIsland\AdvancedTimeIsland.csproj::TargetFramework=net10.0]
C:\Users\Administrator\RiderProjects\AdvancedTimeIsland\Automation\Triggers\LocalSolarMinutelyTimeTriggerSettingsControl.cs(226,13): warning CS0618: “TextBox.Watermark”已过时:“Use PlaceholderText instead.” [C:\Users\Administrator\RiderProjects\AdvancedTimeIsland\AdvancedTimeIsland.csproj::TargetFramework=net10.0]
C:\Users\Administrator\RiderProjects\AdvancedTimeIsland\Automation\Triggers\LocalSolarMonthlyTimeTriggerSettingsControl.cs(150,13): warning CS0618: “TextBox.Watermark”已过时:“Use PlaceholderText instead.” [C:\Users\Administrator\RiderProjects\AdvancedTimeIsland\AdvancedTimeIsland.csproj::TargetFramework=net10.0]
C:\Users\Administrator\RiderProjects\AdvancedTimeIsland\Automation\Triggers\LocalSolarMonthlyTimeTriggerSettingsControl.cs(164,52): warning CS0618: “TextBox.Watermark”已过时:“Use PlaceholderText instead.” [C:\Users\Administrator\RiderProjects\AdvancedTimeIsland\AdvancedTimeIsland.csproj::TargetFramework=net10.0]
C:\Users\Administrator\RiderProjects\AdvancedTimeIsland\Automation\Triggers\LocalSolarMonthlyTimeTriggerSettingsControl.cs(169,52): warning CS0618: “TextBox.Watermark”已过时:“Use PlaceholderText instead.” [C:\Users\Administrator\RiderProjects\AdvancedTimeIsland\AdvancedTimeIsland.csproj::TargetFramework=net10.0]
C:\Users\Administrator\RiderProjects\AdvancedTimeIsland\Automation\Triggers\LocalSolarMonthlyTimeTriggerSettingsControl.cs(174,52): warning CS0618: “TextBox.Watermark”已过时:“Use PlaceholderText instead.” [C:\Users\Administrator\RiderProjects\AdvancedTimeIsland\AdvancedTimeIsland.csproj::TargetFramework=net10.0]
C:\Users\Administrator\RiderProjects\AdvancedTimeIsland\Automation\Triggers\LocalSolarWeeklyTimeTriggerSettingsControl.cs(154,13): warning CS0618: “TextBox.Watermark”已过时:“Use PlaceholderText instead.” [C:\Users\Administrator\RiderProjects\AdvancedTimeIsland\AdvancedTimeIsland.csproj::TargetFramework=net10.0]
C:\Users\Administrator\RiderProjects\AdvancedTimeIsland\Automation\Triggers\LocalSolarWeeklyTimeTriggerSettingsControl.cs(168,52): warning CS0618: “TextBox.Watermark”已过时:“Use PlaceholderText instead.” [C:\Users\Administrator\RiderProjects\AdvancedTimeIsland\AdvancedTimeIsland.csproj::TargetFramework=net10.0]
C:\Users\Administrator\RiderProjects\AdvancedTimeIsland\Automation\Triggers\LocalSolarWeeklyTimeTriggerSettingsControl.cs(173,52): warning CS0618: “TextBox.Watermark”已过时:“Use PlaceholderText instead.” [C:\Users\Administrator\RiderProjects\AdvancedTimeIsland\AdvancedTimeIsland.csproj::TargetFramework=net10.0]
C:\Users\Administrator\RiderProjects\AdvancedTimeIsland\Automation\Triggers\LocalSolarWeeklyTimeTriggerSettingsControl.cs(178,52): warning CS0618: “TextBox.Watermark”已过时:“Use PlaceholderText instead.” [C:\Users\Administrator\RiderProjects\AdvancedTimeIsland\AdvancedTimeIsland.csproj::TargetFramework=net10.0]
C:\Users\Administrator\RiderProjects\AdvancedTimeIsland\Views\Main\CountdownSettingsControl.cs(842,9): warning CS8602: 解引用可能出现空引用。 [C:\Users\Administrator\RiderProjects\AdvancedTimeIsland\AdvancedTimeIsland.csproj::TargetFramework=net10.0]
C:\Users\Administrator\RiderProjects\AdvancedTimeIsland\Views\Main\CountdownSettingsControl.cs(843,9): warning CS8602: 解引用可能出现空引用。 [C:\Users\Administrator\RiderProjects\AdvancedTimeIsland\AdvancedTimeIsland.csproj::TargetFramework=net10.0]
C:\Users\Administrator\RiderProjects\AdvancedTimeIsland\Views\Main\CountdownSettingsControl.cs(844,9): warning CS8602: 解引用可能出现空引用。 [C:\Users\Administrator\RiderProjects\AdvancedTimeIsland\AdvancedTimeIsland.csproj::TargetFramework=net10.0]
C:\Users\Administrator\RiderProjects\AdvancedTimeIsland\Views\Main\CountdownSettingsControl.cs(845,9): warning CS8602: 解引用可能出现空引用。 [C:\Users\Administrator\RiderProjects\AdvancedTimeIsland\AdvancedTimeIsland.csproj::TargetFramework=net10.0]
C:\Users\Administrator\RiderProjects\AdvancedTimeIsland\Views\Main\CountdownSettingsControl.cs(846,9): warning CS8602: 解引用可能出现空引用。 [C:\Users\Administrator\RiderProjects\AdvancedTimeIsland\AdvancedTimeIsland.csproj::TargetFramework=net10.0]
C:\Users\Administrator\RiderProjects\AdvancedTimeIsland\Views\Main\CountdownSettingsControl.cs(847,9): warning CS8602: 解引用可能出现空引用。 [C:\Users\Administrator\RiderProjects\AdvancedTimeIsland\AdvancedTimeIsland.csproj::TargetFramework=net10.0]
C:\Users\Administrator\RiderProjects\AdvancedTimeIsland\Views\Main\CountdownSettingsControl.cs(848,9): warning CS8602: 解引用可能出现空引用。 [C:\Users\Administrator\RiderProjects\AdvancedTimeIsland\AdvancedTimeIsland.csproj::TargetFramework=net10.0]
C:\Users\Administrator\RiderProjects\AdvancedTimeIsland\Views\Main\CountdownSettingsControl.cs(849,9): warning CS8602: 解引用可能出现空引用。 [C:\Users\Administrator\RiderProjects\AdvancedTimeIsland\AdvancedTimeIsland.csproj::TargetFramework=net10.0]
C:\Users\Administrator\RiderProjects\AdvancedTimeIsland\Views\Main\CountdownSettingsControl.cs(850,9): warning CS8602: 解引用可能出现空引用。 [C:\Users\Administrator\RiderProjects\AdvancedTimeIsland\AdvancedTimeIsland.csproj::TargetFramework=net10.0]
C:\Users\Administrator\RiderProjects\AdvancedTimeIsland\Views\Main\CountdownSettingsControl.cs(851,9): warning CS8602: 解引用可能出现空引用。 [C:\Users\Administrator\RiderProjects\AdvancedTimeIsland\AdvancedTimeIsland.csproj::TargetFramework=net10.0]
C:\Users\Administrator\RiderProjects\AdvancedTimeIsland\Views\Main\CountdownSettingsControl.cs(852,9): warning CS8602: 解引用可能出现空引用。 [C:\Users\Administrator\RiderProjects\AdvancedTimeIsland\AdvancedTimeIsland.csproj::TargetFramework=net10.0]
C:\Users\Administrator\RiderProjects\AdvancedTimeIsland\Views\Main\CountdownSettingsControl.cs(853,9): warning CS8602: 解引用可能出现空引用。 [C:\Users\Administrator\RiderProjects\AdvancedTimeIsland\AdvancedTimeIsland.csproj::TargetFramework=net10.0]
C:\Users\Administrator\RiderProjects\AdvancedTimeIsland\Views\Main\CountdownSettingsControl.cs(854,9): warning CS8602: 解引用可能出现空引用。 [C:\Users\Administrator\RiderProjects\AdvancedTimeIsland\AdvancedTimeIsland.csproj::TargetFramework=net10.0]
C:\Users\Administrator\RiderProjects\AdvancedTimeIsland\Views\Main\CountdownSettingsControl.cs(855,9): warning CS8602: 解引用可能出现空引用。 [C:\Users\Administrator\RiderProjects\AdvancedTimeIsland\AdvancedTimeIsland.csproj::TargetFramework=net10.0]
C:\Users\Administrator\RiderProjects\AdvancedTimeIsland\Views\Main\CountdownSettingsControl.cs(856,9): warning CS8602: 解引用可能出现空引用。 [C:\Users\Administrator\RiderProjects\AdvancedTimeIsland\AdvancedTimeIsland.csproj::TargetFramework=net10.0]
C:\Users\Administrator\RiderProjects\AdvancedTimeIsland\Views\Main\CountdownSettingsControl.cs(857,9): warning CS8602: 解引用可能出现空引用。 [C:\Users\Administrator\RiderProjects\AdvancedTimeIsland\AdvancedTimeIsland.csproj::TargetFramework=net10.0]
C:\Users\Administrator\RiderProjects\AdvancedTimeIsland\Views\Main\CountdownSettingsControl.cs(858,9): warning CS8602: 解引用可能出现空引用。 [C:\Users\Administrator\RiderProjects\AdvancedTimeIsland\AdvancedTimeIsland.csproj::TargetFramework=net10.0]
C:\Users\Administrator\RiderProjects\AdvancedTimeIsland\Views\Main\CountdownSettingsControl.cs(859,9): warning CS8602: 解引用可能出现空引用。 [C:\Users\Administrator\RiderProjects\AdvancedTimeIsland\AdvancedTimeIsland.csproj::TargetFramework=net10.0]
C:\Users\Administrator\RiderProjects\AdvancedTimeIsland\Views\Main\CountdownSettingsControl.cs(860,9): warning CS8602: 解引用可能出现空引用。 [C:\Users\Administrator\RiderProjects\AdvancedTimeIsland\AdvancedTimeIsland.csproj::TargetFramework=net10.0]
C:\Users\Administrator\RiderProjects\AdvancedTimeIsland\Views\Main\CountdownSettingsControl.cs(861,9): warning CS8602: 解引用可能出现空引用。 [C:\Users\Administrator\RiderProjects\AdvancedTimeIsland\AdvancedTimeIsland.csproj::TargetFramework=net10.0]
C:\Users\Administrator\RiderProjects\AdvancedTimeIsland\Views\Main\CountdownSettingsControl.cs(870,9): warning CS8602: 解引用可能出现空引用。 [C:\Users\Administrator\RiderProjects\AdvancedTimeIsland\AdvancedTimeIsland.csproj::TargetFramework=net10.0]
C:\Users\Administrator\RiderProjects\AdvancedTimeIsland\Views\Main\CountdownSettingsControl.cs(871,9): warning CS8602: 解引用可能出现空引用。 [C:\Users\Administrator\RiderProjects\AdvancedTimeIsland\AdvancedTimeIsland.csproj::TargetFramework=net10.0]
C:\Users\Administrator\RiderProjects\AdvancedTimeIsland\Views\Main\FpsMonitorControl.cs(48,12): warning CS8618: 在退出构造函数时，不可为 null 的 字段 "labelFpsTb" 必须包含非 null 值。请考虑添加 "required" 修饰符或将该 字段 声明为可为 null。 [C:\Users\Administrator\RiderProjects\AdvancedTimeIsland\AdvancedTimeIsland.csproj::TargetFramework=net10.0]
C:\Users\Administrator\RiderProjects\AdvancedTimeIsland\Views\Main\FpsMonitorControl.cs(48,12): warning CS8618: 在退出构造函数时，不可为 null 的 字段 "valueFpsTb" 必须包含非 null 值。请考虑添加 "required" 修饰符或将该 字段 声明为可为 null。 [C:\Users\Administrator\RiderProjects\AdvancedTimeIsland\AdvancedTimeIsland.csproj::TargetFramework=net10.0]
C:\Users\Administrator\RiderProjects\AdvancedTimeIsland\Views\Main\FpsMonitorControl.cs(48,12): warning CS8618: 在退出构造函数时，不可为 null 的 字段 "labelMaxTb" 必须包含非 null 值。请考虑添加 "required" 修饰符或将该 字段 声明为可为 null。 [C:\Users\Administrator\RiderProjects\AdvancedTimeIsland\AdvancedTimeIsland.csproj::TargetFramework=net10.0]
C:\Users\Administrator\RiderProjects\AdvancedTimeIsland\Views\Main\FpsMonitorControl.cs(48,12): warning CS8618: 在退出构造函数时，不可为 null 的 字段 "valueMaxTb" 必须包含非 null 值。请考虑添加 "required" 修饰符或将该 字段 声明为可为 null。 [C:\Users\Administrator\RiderProjects\AdvancedTimeIsland\AdvancedTimeIsland.csproj::TargetFramework=net10.0]
C:\Users\Administrator\RiderProjects\AdvancedTimeIsland\Views\Main\FpsMonitorControl.cs(48,12): warning CS8618: 在退出构造函数时，不可为 null 的 字段 "labelAvgTb" 必须包含非 null 值。请考虑添加 "required" 修饰符或将该 字段 声明为可为 null。 [C:\Users\Administrator\RiderProjects\AdvancedTimeIsland\AdvancedTimeIsland.csproj::TargetFramework=net10.0]
C:\Users\Administrator\RiderProjects\AdvancedTimeIsland\Views\Main\FpsMonitorControl.cs(48,12): warning CS8618: 在退出构造函数时，不可为 null 的 字段 "valueAvgTb" 必须包含非 null 值。请考虑添加 "required" 修饰符或将该 字段 声明为可为 null。 [C:\Users\Administrator\RiderProjects\AdvancedTimeIsland\AdvancedTimeIsland.csproj::TargetFramework=net10.0]
C:\Users\Administrator\RiderProjects\AdvancedTimeIsland\Views\Main\FpsMonitorControl.cs(48,12): warning CS8618: 在退出构造函数时，不可为 null 的 字段 "labelMinTb" 必须包含非 null 值。请考虑添加 "required" 修饰符或将该 字段 声明为可为 null。 [C:\Users\Administrator\RiderProjects\AdvancedTimeIsland\AdvancedTimeIsland.csproj::TargetFramework=net10.0]
C:\Users\Administrator\RiderProjects\AdvancedTimeIsland\Views\Main\FpsMonitorControl.cs(48,12): warning CS8618: 在退出构造函数时，不可为 null 的 字段 "valueMinTb" 必须包含非 null 值。请考虑添加 "required" 修饰符或将该 字段 声明为可为 null。 [C:\Users\Administrator\RiderProjects\AdvancedTimeIsland\AdvancedTimeIsland.csproj::TargetFramework=net10.0]
C:\Users\Administrator\RiderProjects\AdvancedTimeIsland\Views\Main\FpsMonitorControl.cs(48,12): warning CS8618: 在退出构造函数时，不可为 null 的 字段 "labelLow1Tb" 必须包含非 null 值。请考虑添加 "required" 修饰符或将该 字段 声明为可为 null。 [C:\Users\Administrator\RiderProjects\AdvancedTimeIsland\AdvancedTimeIsland.csproj::TargetFramework=net10.0]
C:\Users\Administrator\RiderProjects\AdvancedTimeIsland\Views\Main\FpsMonitorControl.cs(48,12): warning CS8618: 在退出构造函数时，不可为 null 的 字段 "valueLow1Tb" 必须包含非 null 值。请考虑添加 "required" 修饰符或将该 字段 声明为可为 null。 [C:\Users\Administrator\RiderProjects\AdvancedTimeIsland\AdvancedTimeIsland.csproj::TargetFramework=net10.0]
C:\Users\Administrator\RiderProjects\AdvancedTimeIsland\Views\Main\FpsMonitorControl.cs(48,12): warning CS8618: 在退出构造函数时，不可为 null 的 字段 "labelOneSecondFrameCountTb" 必须包含非 null 值。请考虑添加 "required" 修饰符或将该 字段 声明为可为 null。 [C:\Users\Administrator\RiderProjects\AdvancedTimeIsland\AdvancedTimeIsland.csproj::TargetFramework=net10.0]
C:\Users\Administrator\RiderProjects\AdvancedTimeIsland\Views\Main\FpsMonitorControl.cs(48,12): warning CS8618: 在退出构造函数时，不可为 null 的 字段 "valueOneSecondFrameCountTb" 必须包含非 null 值。请考虑添加 "required" 修饰符或将该 字段 声明为可为 null。 [C:\Users\Administrator\RiderProjects\AdvancedTimeIsland\AdvancedTimeIsland.csproj::TargetFramework=net10.0]
C:\Users\Administrator\RiderProjects\AdvancedTimeIsland\Views\Main\FpsMonitorControl.cs(48,12): warning CS8618: 在退出构造函数时，不可为 null 的 字段 "rootBorder" 必须包含非 null 值。请考虑添加 "required" 修饰符或将该 字段 声明为可为 null。 [C:\Users\Administrator\RiderProjects\AdvancedTimeIsland\AdvancedTimeIsland.csproj::TargetFramework=net10.0]
C:\Users\Administrator\RiderProjects\AdvancedTimeIsland\Views\Main\ForwardTimerSettingsControl.cs(597,9): warning CS8602: 解引用可能出现空引用。 [C:\Users\Administrator\RiderProjects\AdvancedTimeIsland\AdvancedTimeIsland.csproj::TargetFramework=net10.0]
C:\Users\Administrator\RiderProjects\AdvancedTimeIsland\Views\Main\ForwardTimerSettingsControl.cs(598,9): warning CS8602: 解引用可能出现空引用。 [C:\Users\Administrator\RiderProjects\AdvancedTimeIsland\AdvancedTimeIsland.csproj::TargetFramework=net10.0]
C:\Users\Administrator\RiderProjects\AdvancedTimeIsland\Views\Main\ForwardTimerSettingsControl.cs(599,9): warning CS8602: 解引用可能出现空引用。 [C:\Users\Administrator\RiderProjects\AdvancedTimeIsland\AdvancedTimeIsland.csproj::TargetFramework=net10.0]
C:\Users\Administrator\RiderProjects\AdvancedTimeIsland\Views\Main\ForwardTimerSettingsControl.cs(600,9): warning CS8602: 解引用可能出现空引用。 [C:\Users\Administrator\RiderProjects\AdvancedTimeIsland\AdvancedTimeIsland.csproj::TargetFramework=net10.0]
C:\Users\Administrator\RiderProjects\AdvancedTimeIsland\Views\Main\ForwardTimerSettingsControl.cs(601,9): warning CS8602: 解引用可能出现空引用。 [C:\Users\Administrator\RiderProjects\AdvancedTimeIsland\AdvancedTimeIsland.csproj::TargetFramework=net10.0]
C:\Users\Administrator\RiderProjects\AdvancedTimeIsland\Views\Main\ForwardTimerSettingsControl.cs(602,9): warning CS8602: 解引用可能出现空引用。 [C:\Users\Administrator\RiderProjects\AdvancedTimeIsland\AdvancedTimeIsland.csproj::TargetFramework=net10.0]
C:\Users\Administrator\RiderProjects\AdvancedTimeIsland\Views\Main\ForwardTimerSettingsControl.cs(603,9): warning CS8602: 解引用可能出现空引用。 [C:\Users\Administrator\RiderProjects\AdvancedTimeIsland\AdvancedTimeIsland.csproj::TargetFramework=net10.0]
C:\Users\Administrator\RiderProjects\AdvancedTimeIsland\Views\Main\ForwardTimerSettingsControl.cs(604,9): warning CS8602: 解引用可能出现空引用。 [C:\Users\Administrator\RiderProjects\AdvancedTimeIsland\AdvancedTimeIsland.csproj::TargetFramework=net10.0]
C:\Users\Administrator\RiderProjects\AdvancedTimeIsland\Views\Main\ForwardTimerSettingsControl.cs(605,9): warning CS8602: 解引用可能出现空引用。 [C:\Users\Administrator\RiderProjects\AdvancedTimeIsland\AdvancedTimeIsland.csproj::TargetFramework=net10.0]
C:\Users\Administrator\RiderProjects\AdvancedTimeIsland\Views\Main\ForwardTimerSettingsControl.cs(606,9): warning CS8602: 解引用可能出现空引用。 [C:\Users\Administrator\RiderProjects\AdvancedTimeIsland\AdvancedTimeIsland.csproj::TargetFramework=net10.0]
C:\Users\Administrator\RiderProjects\AdvancedTimeIsland\Views\Main\ForwardTimerSettingsControl.cs(607,9): warning CS8602: 解引用可能出现空引用。 [C:\Users\Administrator\RiderProjects\AdvancedTimeIsland\AdvancedTimeIsland.csproj::TargetFramework=net10.0]
C:\Users\Administrator\RiderProjects\AdvancedTimeIsland\Views\Main\ForwardTimerSettingsControl.cs(608,9): warning CS8602: 解引用可能出现空引用。 [C:\Users\Administrator\RiderProjects\AdvancedTimeIsland\AdvancedTimeIsland.csproj::TargetFramework=net10.0]
C:\Users\Administrator\RiderProjects\AdvancedTimeIsland\Views\Main\ForwardTimerSettingsControl.cs(609,9): warning CS8602: 解引用可能出现空引用。 [C:\Users\Administrator\RiderProjects\AdvancedTimeIsland\AdvancedTimeIsland.csproj::TargetFramework=net10.0]
C:\Users\Administrator\RiderProjects\AdvancedTimeIsland\Views\Main\ForwardTimerSettingsControl.cs(610,9): warning CS8602: 解引用可能出现空引用。 [C:\Users\Administrator\RiderProjects\AdvancedTimeIsland\AdvancedTimeIsland.csproj::TargetFramework=net10.0]
C:\Users\Administrator\RiderProjects\AdvancedTimeIsland\Views\Main\ForwardTimerSettingsControl.cs(611,9): warning CS8602: 解引用可能出现空引用。 [C:\Users\Administrator\RiderProjects\AdvancedTimeIsland\AdvancedTimeIsland.csproj::TargetFramework=net10.0]
C:\Users\Administrator\RiderProjects\AdvancedTimeIsland\Views\Main\ForwardTimerSettingsControl.cs(612,9): warning CS8602: 解引用可能出现空引用。 [C:\Users\Administrator\RiderProjects\AdvancedTimeIsland\AdvancedTimeIsland.csproj::TargetFramework=net10.0]
C:\Users\Administrator\RiderProjects\AdvancedTimeIsland\Views\Main\ForwardTimerSettingsControl.cs(613,9): warning CS8602: 解引用可能出现空引用。 [C:\Users\Administrator\RiderProjects\AdvancedTimeIsland\AdvancedTimeIsland.csproj::TargetFramework=net10.0]
C:\Users\Administrator\RiderProjects\AdvancedTimeIsland\Views\Main\ForwardTimerSettingsControl.cs(614,9): warning CS8602: 解引用可能出现空引用。 [C:\Users\Administrator\RiderProjects\AdvancedTimeIsland\AdvancedTimeIsland.csproj::TargetFramework=net10.0]
C:\Users\Administrator\RiderProjects\AdvancedTimeIsland\Views\Main\ForwardTimerSettingsControl.cs(615,9): warning CS8602: 解引用可能出现空引用。 [C:\Users\Administrator\RiderProjects\AdvancedTimeIsland\AdvancedTimeIsland.csproj::TargetFramework=net10.0]
C:\Users\Administrator\RiderProjects\AdvancedTimeIsland\Views\Main\ForwardTimerSettingsControl.cs(616,9): warning CS8602: 解引用可能出现空引用。 [C:\Users\Administrator\RiderProjects\AdvancedTimeIsland\AdvancedTimeIsland.csproj::TargetFramework=net10.0]
C:\Users\Administrator\RiderProjects\AdvancedTimeIsland\Automation\Triggers\MinutelyTimeIntervalTriggerSettingsControl.cs(77,13): warning CS0618: “TextBox.Watermark”已过时:“Use PlaceholderText instead.” [C:\Users\Administrator\RiderProjects\AdvancedTimeIsland\AdvancedTimeIsland.csproj::TargetFramework=net10.0]
C:\Users\Administrator\RiderProjects\AdvancedTimeIsland\Automation\Triggers\MinutelyTimeTriggerSettingsControl.cs(77,13): warning CS0618: “TextBox.Watermark”已过时:“Use PlaceholderText instead.” [C:\Users\Administrator\RiderProjects\AdvancedTimeIsland\AdvancedTimeIsland.csproj::TargetFramework=net10.0]
C:\Users\Administrator\RiderProjects\AdvancedTimeIsland\Views\Settings\TimeCalculatorPage.cs(261,9): warning CS8602: 解引用可能出现空引用。 [C:\Users\Administrator\RiderProjects\AdvancedTimeIsland\AdvancedTimeIsland.csproj::TargetFramework=net10.0]
C:\Users\Administrator\RiderProjects\AdvancedTimeIsland\Views\Settings\EasterEggPage.cs(745,56): warning CS8604: “int AvaloniaList<Control>.IndexOf(Control item)”中的形参“item”可能传入 null 引用实参。 [C:\Users\Administrator\RiderProjects\AdvancedTimeIsland\AdvancedTimeIsland.csproj::TargetFramework=net10.0]
C:\Users\Administrator\RiderProjects\AdvancedTimeIsland\Automation\Triggers\MinutelyTimeIntervalTriggerSettingsControl.cs(199,39): warning CS8604: “int MinutelyTimeIntervalTriggerSettingsControl.ParseSecond(string text)”中的形参“text”可能传入 null 引用实参。 [C:\Users\Administrator\RiderProjects\AdvancedTimeIsland\AdvancedTimeIsland.csproj::TargetFramework=net10.0]
C:\Users\Administrator\RiderProjects\AdvancedTimeIsland\Automation\Triggers\MinutelyTimeIntervalTriggerSettingsControl.cs(202,37): warning CS8604: “int MinutelyTimeIntervalTriggerSettingsControl.ParseSecond(string text)”中的形参“text”可能传入 null 引用实参。 [C:\Users\Administrator\RiderProjects\AdvancedTimeIsland\AdvancedTimeIsland.csproj::TargetFramework=net10.0]
C:\Users\Administrator\RiderProjects\AdvancedTimeIsland\Views\Main\FpsMonitorSettingsControl.cs(40,12): warning CS8618: 在退出构造函数时，不可为 null 的 字段 "_labelColorPicker" 必须包含非 null 值。请考虑添加 "required" 修饰符或将该 字段 声明为可为 null。 [C:\Users\Administrator\RiderProjects\AdvancedTimeIsland\AdvancedTimeIsland.csproj::TargetFramework=net10.0]
C:\Users\Administrator\RiderProjects\AdvancedTimeIsland\Views\Main\FpsMonitorSettingsControl.cs(40,12): warning CS8618: 在退出构造函数时，不可为 null 的 字段 "_labelFontSizeNumericUpDown" 必须包含非 null 值。请考虑添加 "required" 修饰符或将该 字段 声明为可为 null。 [C:\Users\Administrator\RiderProjects\AdvancedTimeIsland\AdvancedTimeIsland.csproj::TargetFramework=net10.0]
C:\Users\Administrator\RiderProjects\AdvancedTimeIsland\Views\Main\FpsMonitorSettingsControl.cs(40,12): warning CS8618: 在退出构造函数时，不可为 null 的 字段 "_valueColorPicker" 必须包含非 null 值。请考虑添加 "required" 修饰符或将该 字段 声明为可为 null。 [C:\Users\Administrator\RiderProjects\AdvancedTimeIsland\AdvancedTimeIsland.csproj::TargetFramework=net10.0]
C:\Users\Administrator\RiderProjects\AdvancedTimeIsland\Views\Main\FpsMonitorSettingsControl.cs(40,12): warning CS8618: 在退出构造函数时，不可为 null 的 字段 "_valueFontSizeNumericUpDown" 必须包含非 null 值。请考虑添加 "required" 修饰符或将该 字段 声明为可为 null。 [C:\Users\Administrator\RiderProjects\AdvancedTimeIsland\AdvancedTimeIsland.csproj::TargetFramework=net10.0]
C:\Users\Administrator\RiderProjects\AdvancedTimeIsland\Views\Main\FpsMonitorSettingsControl.cs(40,12): warning CS8618: 在退出构造函数时，不可为 null 的 字段 "_enableComponentToggle" 必须包含非 null 值。请考虑添加 "required" 修饰符或将该 字段 声明为可为 null。 [C:\Users\Administrator\RiderProjects\AdvancedTimeIsland\AdvancedTimeIsland.csproj::TargetFramework=net10.0]
C:\Users\Administrator\RiderProjects\AdvancedTimeIsland\Views\Main\FpsMonitorSettingsControl.cs(40,12): warning CS8618: 在退出构造函数时，不可为 null 的 字段 "_labelTitleTextBlock" 必须包含非 null 值。请考虑添加 "required" 修饰符或将该 字段 声明为可为 null。 [C:\Users\Administrator\RiderProjects\AdvancedTimeIsland\AdvancedTimeIsland.csproj::TargetFramework=net10.0]
C:\Users\Administrator\RiderProjects\AdvancedTimeIsland\Views\Main\FpsMonitorSettingsControl.cs(40,12): warning CS8618: 在退出构造函数时，不可为 null 的 字段 "_labelColorLabelTextBlock" 必须包含非 null 值。请考虑添加 "required" 修饰符或将该 字段 声明为可为 null。 [C:\Users\Administrator\RiderProjects\AdvancedTimeIsland\AdvancedTimeIsland.csproj::TargetFramework=net10.0]
C:\Users\Administrator\RiderProjects\AdvancedTimeIsland\Views\Main\FpsMonitorSettingsControl.cs(40,12): warning CS8618: 在退出构造函数时，不可为 null 的 字段 "_labelFontSizeLabelTextBlock" 必须包含非 null 值。请考虑添加 "required" 修饰符或将该 字段 声明为可为 null。 [C:\Users\Administrator\RiderProjects\AdvancedTimeIsland\AdvancedTimeIsland.csproj::TargetFramework=net10.0]
C:\Users\Administrator\RiderProjects\AdvancedTimeIsland\Views\Main\FpsMonitorSettingsControl.cs(40,12): warning CS8618: 在退出构造函数时，不可为 null 的 字段 "_valueTitleTextBlock" 必须包含非 null 值。请考虑添加 "required" 修饰符或将该 字段 声明为可为 null。 [C:\Users\Administrator\RiderProjects\AdvancedTimeIsland\AdvancedTimeIsland.csproj::TargetFramework=net10.0]
C:\Users\Administrator\RiderProjects\AdvancedTimeIsland\Views\Main\FpsMonitorSettingsControl.cs(40,12): warning CS8618: 在退出构造函数时，不可为 null 的 字段 "_valueColorNoteTextBlock" 必须包含非 null 值。请考虑添加 "required" 修饰符或将该 字段 声明为可为 null。 [C:\Users\Administrator\RiderProjects\AdvancedTimeIsland\AdvancedTimeIsland.csproj::TargetFramework=net10.0]
C:\Users\Administrator\RiderProjects\AdvancedTimeIsland\Views\Main\FpsMonitorSettingsControl.cs(40,12): warning CS8618: 在退出构造函数时，不可为 null 的 字段 "_valueColorLabelTextBlock" 必须包含非 null 值。请考虑添加 "required" 修饰符或将该 字段 声明为可为 null。 [C:\Users\Administrator\RiderProjects\AdvancedTimeIsland\AdvancedTimeIsland.csproj::TargetFramework=net10.0]
C:\Users\Administrator\RiderProjects\AdvancedTimeIsland\Views\Main\FpsMonitorSettingsControl.cs(40,12): warning CS8618: 在退出构造函数时，不可为 null 的 字段 "_valueFontSizeLabelTextBlock" 必须包含非 null 值。请考虑添加 "required" 修饰符或将该 字段 声明为可为 null。 [C:\Users\Administrator\RiderProjects\AdvancedTimeIsland\AdvancedTimeIsland.csproj::TargetFramework=net10.0]
C:\Users\Administrator\RiderProjects\AdvancedTimeIsland\Automation\Triggers\LocalSolarMinutelyTimeIntervalTriggerSettingsControl.cs(107,13): warning CS0618: “TextBox.Watermark”已过时:“Use PlaceholderText instead.” [C:\Users\Administrator\RiderProjects\AdvancedTimeIsland\AdvancedTimeIsland.csproj::TargetFramework=net10.0]
C:\Users\Administrator\RiderProjects\AdvancedTimeIsland\Views\Main\FpsMonitorSettingsControl.cs(88,9): warning CS8602: 解引用可能出现空引用。 [C:\Users\Administrator\RiderProjects\AdvancedTimeIsland\AdvancedTimeIsland.csproj::TargetFramework=net10.0]
C:\Users\Administrator\RiderProjects\AdvancedTimeIsland\Views\Main\FpsMonitorSettingsControl.cs(89,9): warning CS8602: 解引用可能出现空引用。 [C:\Users\Administrator\RiderProjects\AdvancedTimeIsland\AdvancedTimeIsland.csproj::TargetFramework=net10.0]
C:\Users\Administrator\RiderProjects\AdvancedTimeIsland\Views\Main\FpsMonitorSettingsControl.cs(90,9): warning CS8602: 解引用可能出现空引用。 [C:\Users\Administrator\RiderProjects\AdvancedTimeIsland\AdvancedTimeIsland.csproj::TargetFramework=net10.0]
C:\Users\Administrator\RiderProjects\AdvancedTimeIsland\Views\Main\FpsMonitorSettingsControl.cs(91,9): warning CS8602: 解引用可能出现空引用。 [C:\Users\Administrator\RiderProjects\AdvancedTimeIsland\AdvancedTimeIsland.csproj::TargetFramework=net10.0]
C:\Users\Administrator\RiderProjects\AdvancedTimeIsland\Views\Main\SunriseSunsetSettingsControl.cs(130,65): warning CS0618: “TextBox.Watermark”已过时:“Use PlaceholderText instead.” [C:\Users\Administrator\RiderProjects\AdvancedTimeIsland\AdvancedTimeIsland.csproj::TargetFramework=net10.0]
C:\Users\Administrator\RiderProjects\AdvancedTimeIsland\Views\Main\SunriseSunsetSettingsControl.cs(136,65): warning CS0618: “TextBox.Watermark”已过时:“Use PlaceholderText instead.” [C:\Users\Administrator\RiderProjects\AdvancedTimeIsland\AdvancedTimeIsland.csproj::TargetFramework=net10.0]
C:\Users\Administrator\RiderProjects\AdvancedTimeIsland\Views\Main\SunriseSunsetSettingsControl.cs(142,65): warning CS0618: “TextBox.Watermark”已过时:“Use PlaceholderText instead.” [C:\Users\Administrator\RiderProjects\AdvancedTimeIsland\AdvancedTimeIsland.csproj::TargetFramework=net10.0]
C:\Users\Administrator\RiderProjects\AdvancedTimeIsland\Views\Main\SunriseSunsetSettingsControl.cs(174,64): warning CS0618: “TextBox.Watermark”已过时:“Use PlaceholderText instead.” [C:\Users\Administrator\RiderProjects\AdvancedTimeIsland\AdvancedTimeIsland.csproj::TargetFramework=net10.0]
C:\Users\Administrator\RiderProjects\AdvancedTimeIsland\Views\Main\SunriseSunsetSettingsControl.cs(180,64): warning CS0618: “TextBox.Watermark”已过时:“Use PlaceholderText instead.” [C:\Users\Administrator\RiderProjects\AdvancedTimeIsland\AdvancedTimeIsland.csproj::TargetFramework=net10.0]
C:\Users\Administrator\RiderProjects\AdvancedTimeIsland\Views\Main\SunriseSunsetSettingsControl.cs(186,64): warning CS0618: “TextBox.Watermark”已过时:“Use PlaceholderText instead.” [C:\Users\Administrator\RiderProjects\AdvancedTimeIsland\AdvancedTimeIsland.csproj::TargetFramework=net10.0]
C:\Users\Administrator\RiderProjects\AdvancedTimeIsland\Automation\Triggers\LocalSolarMinutelyTimeTriggerSettingsControl.cs(303,39): warning CS8604: “int LocalSolarMinutelyTimeTriggerSettingsControl.ParseSecond(string text)”中的形参“text”可能传入 null 引用实参。 [C:\Users\Administrator\RiderProjects\AdvancedTimeIsland\AdvancedTimeIsland.csproj::TargetFramework=net10.0]
C:\Users\Administrator\RiderProjects\AdvancedTimeIsland\Automation\Triggers\LocalSolarMinutelyTimeIntervalTriggerSettingsControl.cs(241,39): warning CS8604: “int LocalSolarMinutelyTimeIntervalTriggerSettingsControl.ParseSecond(string text)”中的形参“text”可能传入 null 引用实参。 [C:\Users\Administrator\RiderProjects\AdvancedTimeIsland\AdvancedTimeIsland.csproj::TargetFramework=net10.0]
C:\Users\Administrator\RiderProjects\AdvancedTimeIsland\Automation\Triggers\LocalSolarMinutelyTimeIntervalTriggerSettingsControl.cs(244,37): warning CS8604: “int LocalSolarMinutelyTimeIntervalTriggerSettingsControl.ParseSecond(string text)”中的形参“text”可能传入 null 引用实参。 [C:\Users\Administrator\RiderProjects\AdvancedTimeIsland\AdvancedTimeIsland.csproj::TargetFramework=net10.0]
C:\Users\Administrator\RiderProjects\AdvancedTimeIsland\Views\Main\JieQiControl.cs(30,12): warning CS8618: 在退出构造函数时，不可为 null 的 字段 "vm" 必须包含非 null 值。请考虑添加 "required" 修饰符或将该 字段 声明为可为 null。 [C:\Users\Administrator\RiderProjects\AdvancedTimeIsland\AdvancedTimeIsland.csproj::TargetFramework=net10.0]
C:\Users\Administrator\RiderProjects\AdvancedTimeIsland\Views\Main\JieQiControl.cs(30,12): warning CS8618: 在退出构造函数时，不可为 null 的 字段 "labelTb" 必须包含非 null 值。请考虑添加 "required" 修饰符或将该 字段 声明为可为 null。 [C:\Users\Administrator\RiderProjects\AdvancedTimeIsland\AdvancedTimeIsland.csproj::TargetFramework=net10.0]
C:\Users\Administrator\RiderProjects\AdvancedTimeIsland\Views\Main\JieQiControl.cs(30,12): warning CS8618: 在退出构造函数时，不可为 null 的 字段 "valueTb" 必须包含非 null 值。请考虑添加 "required" 修饰符或将该 字段 声明为可为 null。 [C:\Users\Administrator\RiderProjects\AdvancedTimeIsland\AdvancedTimeIsland.csproj::TargetFramework=net10.0]
C:\Users\Administrator\RiderProjects\AdvancedTimeIsland\Views\Main\JieQiControl.cs(30,12): warning CS8618: 在退出构造函数时，不可为 null 的 字段 "rootBorder" 必须包含非 null 值。请考虑添加 "required" 修饰符或将该 字段 声明为可为 null。 [C:\Users\Administrator\RiderProjects\AdvancedTimeIsland\AdvancedTimeIsland.csproj::TargetFramework=net10.0]
C:\Users\Administrator\RiderProjects\AdvancedTimeIsland\Views\Main\SunriseSunsetSettingsControl.cs(312,9): warning CS8602: 解引用可能出现空引用。 [C:\Users\Administrator\RiderProjects\AdvancedTimeIsland\AdvancedTimeIsland.csproj::TargetFramework=net10.0]
C:\Users\Administrator\RiderProjects\AdvancedTimeIsland\Views\Main\SunriseSunsetSettingsControl.cs(313,9): warning CS8602: 解引用可能出现空引用。 [C:\Users\Administrator\RiderProjects\AdvancedTimeIsland\AdvancedTimeIsland.csproj::TargetFramework=net10.0]
C:\Users\Administrator\RiderProjects\AdvancedTimeIsland\Views\Main\SunriseSunsetSettingsControl.cs(314,9): warning CS8602: 解引用可能出现空引用。 [C:\Users\Administrator\RiderProjects\AdvancedTimeIsland\AdvancedTimeIsland.csproj::TargetFramework=net10.0]
C:\Users\Administrator\RiderProjects\AdvancedTimeIsland\Views\Main\SunriseSunsetSettingsControl.cs(315,9): warning CS8602: 解引用可能出现空引用。 [C:\Users\Administrator\RiderProjects\AdvancedTimeIsland\AdvancedTimeIsland.csproj::TargetFramework=net10.0]
C:\Users\Administrator\RiderProjects\AdvancedTimeIsland\Views\Main\SunriseSunsetSettingsControl.cs(316,9): warning CS8602: 解引用可能出现空引用。 [C:\Users\Administrator\RiderProjects\AdvancedTimeIsland\AdvancedTimeIsland.csproj::TargetFramework=net10.0]
C:\Users\Administrator\RiderProjects\AdvancedTimeIsland\Views\Main\SunriseSunsetSettingsControl.cs(317,9): warning CS8602: 解引用可能出现空引用。 [C:\Users\Administrator\RiderProjects\AdvancedTimeIsland\AdvancedTimeIsland.csproj::TargetFramework=net10.0]
C:\Users\Administrator\RiderProjects\AdvancedTimeIsland\Views\Main\SunriseSunsetSettingsControl.cs(318,9): warning CS8602: 解引用可能出现空引用。 [C:\Users\Administrator\RiderProjects\AdvancedTimeIsland\AdvancedTimeIsland.csproj::TargetFramework=net10.0]
C:\Users\Administrator\RiderProjects\AdvancedTimeIsland\Views\Main\SunriseSunsetSettingsControl.cs(319,9): warning CS8602: 解引用可能出现空引用。 [C:\Users\Administrator\RiderProjects\AdvancedTimeIsland\AdvancedTimeIsland.csproj::TargetFramework=net10.0]
C:\Users\Administrator\RiderProjects\AdvancedTimeIsland\Automation\Triggers\MinutelyTimeTriggerSettingsControl.cs(136,39): warning CS8604: “int MinutelyTimeTriggerSettingsControl.ParseSecond(string text)”中的形参“text”可能传入 null 引用实参。 [C:\Users\Administrator\RiderProjects\AdvancedTimeIsland\AdvancedTimeIsland.csproj::TargetFramework=net10.0]
C:\Users\Administrator\RiderProjects\AdvancedTimeIsland\Views\Settings\PluginSettingsPage.cs(975,13): warning CS0618: “TextBox.Watermark”已过时:“Use PlaceholderText instead.” [C:\Users\Administrator\RiderProjects\AdvancedTimeIsland\AdvancedTimeIsland.csproj::TargetFramework=net10.0]
C:\Users\Administrator\RiderProjects\AdvancedTimeIsland\Views\Settings\PluginSettingsPage.cs(1006,56): warning CS0618: “TextBox.Watermark”已过时:“Use PlaceholderText instead.” [C:\Users\Administrator\RiderProjects\AdvancedTimeIsland\AdvancedTimeIsland.csproj::TargetFramework=net10.0]
C:\Users\Administrator\RiderProjects\AdvancedTimeIsland\Views\Settings\PluginSettingsPage.cs(1011,56): warning CS0618: “TextBox.Watermark”已过时:“Use PlaceholderText instead.” [C:\Users\Administrator\RiderProjects\AdvancedTimeIsland\AdvancedTimeIsland.csproj::TargetFramework=net10.0]
C:\Users\Administrator\RiderProjects\AdvancedTimeIsland\Views\Settings\PluginSettingsPage.cs(1016,56): warning CS0618: “TextBox.Watermark”已过时:“Use PlaceholderText instead.” [C:\Users\Administrator\RiderProjects\AdvancedTimeIsland\AdvancedTimeIsland.csproj::TargetFramework=net10.0]
C:\Users\Administrator\RiderProjects\AdvancedTimeIsland\Views\Settings\PluginSettingsPage.cs(1040,9): warning CS8602: 解引用可能出现空引用。 [C:\Users\Administrator\RiderProjects\AdvancedTimeIsland\AdvancedTimeIsland.csproj::TargetFramework=net10.0]
C:\Users\Administrator\RiderProjects\AdvancedTimeIsland\Views\Settings\PluginSettingsPage.cs(1041,9): warning CS8602: 解引用可能出现空引用。 [C:\Users\Administrator\RiderProjects\AdvancedTimeIsland\AdvancedTimeIsland.csproj::TargetFramework=net10.0]
C:\Users\Administrator\RiderProjects\AdvancedTimeIsland\Views\Settings\hanfu_page_template.cs(975,37): warning CS8604: “void HanfuPageTemplate.ComputeSpanOffsetsRecursive(InlineCollection inlines, ref int offset, Dictionary<Span, (int, int)> result)”中的形参“inlines”可能传入 null 引用实参。 [C:\Users\Administrator\RiderProjects\AdvancedTimeIsland\AdvancedTimeIsland.csproj::TargetFramework=net10.0]
C:\Users\Administrator\RiderProjects\AdvancedTimeIsland\Views\Settings\hanfu_page_template.cs(985,27): warning CS8602: 解引用可能出现空引用。 [C:\Users\Administrator\RiderProjects\AdvancedTimeIsland\AdvancedTimeIsland.csproj::TargetFramework=net10.0]
C:\Users\Administrator\RiderProjects\AdvancedTimeIsland\Views\Main\JieQiSettingsControl.cs(41,12): warning CS8618: 在退出构造函数时，不可为 null 的 字段 "_labelColorPicker" 必须包含非 null 值。请考虑添加 "required" 修饰符或将该 字段 声明为可为 null。 [C:\Users\Administrator\RiderProjects\AdvancedTimeIsland\AdvancedTimeIsland.csproj::TargetFramework=net10.0]
C:\Users\Administrator\RiderProjects\AdvancedTimeIsland\Views\Main\JieQiSettingsControl.cs(41,12): warning CS8618: 在退出构造函数时，不可为 null 的 字段 "_labelFontSizeNumericUpDown" 必须包含非 null 值。请考虑添加 "required" 修饰符或将该 字段 声明为可为 null。 [C:\Users\Administrator\RiderProjects\AdvancedTimeIsland\AdvancedTimeIsland.csproj::TargetFramework=net10.0]
C:\Users\Administrator\RiderProjects\AdvancedTimeIsland\Views\Main\JieQiSettingsControl.cs(41,12): warning CS8618: 在退出构造函数时，不可为 null 的 字段 "_valueColorPicker" 必须包含非 null 值。请考虑添加 "required" 修饰符或将该 字段 声明为可为 null。 [C:\Users\Administrator\RiderProjects\AdvancedTimeIsland\AdvancedTimeIsland.csproj::TargetFramework=net10.0]
C:\Users\Administrator\RiderProjects\AdvancedTimeIsland\Views\Main\JieQiSettingsControl.cs(41,12): warning CS8618: 在退出构造函数时，不可为 null 的 字段 "_valueFontSizeNumericUpDown" 必须包含非 null 值。请考虑添加 "required" 修饰符或将该 字段 声明为可为 null。 [C:\Users\Administrator\RiderProjects\AdvancedTimeIsland\AdvancedTimeIsland.csproj::TargetFramework=net10.0]
C:\Users\Administrator\RiderProjects\AdvancedTimeIsland\Views\Main\JieQiSettingsControl.cs(41,12): warning CS8618: 在退出构造函数时，不可为 null 的 字段 "_labelEnableCustomFontSizeToggle" 必须包含非 null 值。请考虑添加 "required" 修饰符或将该 字段 声明为可为 null。 [C:\Users\Administrator\RiderProjects\AdvancedTimeIsland\AdvancedTimeIsland.csproj::TargetFramework=net10.0]
C:\Users\Administrator\RiderProjects\AdvancedTimeIsland\Views\Main\JieQiSettingsControl.cs(41,12): warning CS8618: 在退出构造函数时，不可为 null 的 字段 "_labelEnableCustomFontColorToggle" 必须包含非 null 值。请考虑添加 "required" 修饰符或将该 字段 声明为可为 null。 [C:\Users\Administrator\RiderProjects\AdvancedTimeIsland\AdvancedTimeIsland.csproj::TargetFramework=net10.0]
C:\Users\Administrator\RiderProjects\AdvancedTimeIsland\Views\Main\JieQiSettingsControl.cs(41,12): warning CS8618: 在退出构造函数时，不可为 null 的 字段 "_valueEnableCustomFontSizeToggle" 必须包含非 null 值。请考虑添加 "required" 修饰符或将该 字段 声明为可为 null。 [C:\Users\Administrator\RiderProjects\AdvancedTimeIsland\AdvancedTimeIsland.csproj::TargetFramework=net10.0]
C:\Users\Administrator\RiderProjects\AdvancedTimeIsland\Views\Main\JieQiSettingsControl.cs(41,12): warning CS8618: 在退出构造函数时，不可为 null 的 字段 "_valueEnableCustomFontColorToggle" 必须包含非 null 值。请考虑添加 "required" 修饰符或将该 字段 声明为可为 null。 [C:\Users\Administrator\RiderProjects\AdvancedTimeIsland\AdvancedTimeIsland.csproj::TargetFramework=net10.0]
C:\Users\Administrator\RiderProjects\AdvancedTimeIsland\Views\Main\JieQiSettingsControl.cs(41,12): warning CS8618: 在退出构造函数时，不可为 null 的 字段 "_labelEnableCustomFontFamilyToggle" 必须包含非 null 值。请考虑添加 "required" 修饰符或将该 字段 声明为可为 null。 [C:\Users\Administrator\RiderProjects\AdvancedTimeIsland\AdvancedTimeIsland.csproj::TargetFramework=net10.0]
C:\Users\Administrator\RiderProjects\AdvancedTimeIsland\Views\Main\JieQiSettingsControl.cs(41,12): warning CS8618: 在退出构造函数时，不可为 null 的 字段 "_valueEnableCustomFontFamilyToggle" 必须包含非 null 值。请考虑添加 "required" 修饰符或将该 字段 声明为可为 null。 [C:\Users\Administrator\RiderProjects\AdvancedTimeIsland\AdvancedTimeIsland.csproj::TargetFramework=net10.0]
C:\Users\Administrator\RiderProjects\AdvancedTimeIsland\Views\Main\JieQiSettingsControl.cs(41,12): warning CS8618: 在退出构造函数时，不可为 null 的 字段 "_labelEnableCustomFontWeightToggle" 必须包含非 null 值。请考虑添加 "required" 修饰符或将该 字段 声明为可为 null。 [C:\Users\Administrator\RiderProjects\AdvancedTimeIsland\AdvancedTimeIsland.csproj::TargetFramework=net10.0]
C:\Users\Administrator\RiderProjects\AdvancedTimeIsland\Views\Main\JieQiSettingsControl.cs(41,12): warning CS8618: 在退出构造函数时，不可为 null 的 字段 "_valueEnableCustomFontWeightToggle" 必须包含非 null 值。请考虑添加 "required" 修饰符或将该 字段 声明为可为 null。 [C:\Users\Administrator\RiderProjects\AdvancedTimeIsland\AdvancedTimeIsland.csproj::TargetFramework=net10.0]
C:\Users\Administrator\RiderProjects\AdvancedTimeIsland\Views\Main\JieQiSettingsControl.cs(41,12): warning CS8618: 在退出构造函数时，不可为 null 的 字段 "_labelFontFamilyComboBox" 必须包含非 null 值。请考虑添加 "required" 修饰符或将该 字段 声明为可为 null。 [C:\Users\Administrator\RiderProjects\AdvancedTimeIsland\AdvancedTimeIsland.csproj::TargetFramework=net10.0]
C:\Users\Administrator\RiderProjects\AdvancedTimeIsland\Views\Main\JieQiSettingsControl.cs(41,12): warning CS8618: 在退出构造函数时，不可为 null 的 字段 "_valueFontFamilyComboBox" 必须包含非 null 值。请考虑添加 "required" 修饰符或将该 字段 声明为可为 null。 [C:\Users\Administrator\RiderProjects\AdvancedTimeIsland\AdvancedTimeIsland.csproj::TargetFramework=net10.0]
C:\Users\Administrator\RiderProjects\AdvancedTimeIsland\Views\Main\JieQiSettingsControl.cs(41,12): warning CS8618: 在退出构造函数时，不可为 null 的 字段 "_labelFontWeightComboBox" 必须包含非 null 值。请考虑添加 "required" 修饰符或将该 字段 声明为可为 null。 [C:\Users\Administrator\RiderProjects\AdvancedTimeIsland\AdvancedTimeIsland.csproj::TargetFramework=net10.0]
C:\Users\Administrator\RiderProjects\AdvancedTimeIsland\Views\Main\JieQiSettingsControl.cs(41,12): warning CS8618: 在退出构造函数时，不可为 null 的 字段 "_valueFontWeightComboBox" 必须包含非 null 值。请考虑添加 "required" 修饰符或将该 字段 声明为可为 null。 [C:\Users\Administrator\RiderProjects\AdvancedTimeIsland\AdvancedTimeIsland.csproj::TargetFramework=net10.0]
C:\Users\Administrator\RiderProjects\AdvancedTimeIsland\Views\Main\JieQiSettingsControl.cs(41,12): warning CS8618: 在退出构造函数时，不可为 null 的 字段 "_labelTitleTextBlock" 必须包含非 null 值。请考虑添加 "required" 修饰符或将该 字段 声明为可为 null。 [C:\Users\Administrator\RiderProjects\AdvancedTimeIsland\AdvancedTimeIsland.csproj::TargetFramework=net10.0]
C:\Users\Administrator\RiderProjects\AdvancedTimeIsland\Views\Main\JieQiSettingsControl.cs(41,12): warning CS8618: 在退出构造函数时，不可为 null 的 字段 "_labelColorLabelTextBlock" 必须包含非 null 值。请考虑添加 "required" 修饰符或将该 字段 声明为可为 null。 [C:\Users\Administrator\RiderProjects\AdvancedTimeIsland\AdvancedTimeIsland.csproj::TargetFramework=net10.0]
C:\Users\Administrator\RiderProjects\AdvancedTimeIsland\Views\Main\JieQiSettingsControl.cs(41,12): warning CS8618: 在退出构造函数时，不可为 null 的 字段 "_labelFontSizeLabelTextBlock" 必须包含非 null 值。请考虑添加 "required" 修饰符或将该 字段 声明为可为 null。 [C:\Users\Administrator\RiderProjects\AdvancedTimeIsland\AdvancedTimeIsland.csproj::TargetFramework=net10.0]
C:\Users\Administrator\RiderProjects\AdvancedTimeIsland\Views\Main\JieQiSettingsControl.cs(41,12): warning CS8618: 在退出构造函数时，不可为 null 的 字段 "_valueTitleTextBlock" 必须包含非 null 值。请考虑添加 "required" 修饰符或将该 字段 声明为可为 null。 [C:\Users\Administrator\RiderProjects\AdvancedTimeIsland\AdvancedTimeIsland.csproj::TargetFramework=net10.0]
C:\Users\Administrator\RiderProjects\AdvancedTimeIsland\Views\Main\JieQiSettingsControl.cs(41,12): warning CS8618: 在退出构造函数时，不可为 null 的 字段 "_valueColorLabelTextBlock" 必须包含非 null 值。请考虑添加 "required" 修饰符或将该 字段 声明为可为 null。 [C:\Users\Administrator\RiderProjects\AdvancedTimeIsland\AdvancedTimeIsland.csproj::TargetFramework=net10.0]
C:\Users\Administrator\RiderProjects\AdvancedTimeIsland\Views\Main\JieQiSettingsControl.cs(41,12): warning CS8618: 在退出构造函数时，不可为 null 的 字段 "_valueFontSizeLabelTextBlock" 必须包含非 null 值。请考虑添加 "required" 修饰符或将该 字段 声明为可为 null。 [C:\Users\Administrator\RiderProjects\AdvancedTimeIsland\AdvancedTimeIsland.csproj::TargetFramework=net10.0]
C:\Users\Administrator\RiderProjects\AdvancedTimeIsland\Views\Main\LocalSolarTimeControl.cs(29,12): warning CS8618: 在退出构造函数时，不可为 null 的 字段 "vm" 必须包含非 null 值。请考虑添加 "required" 修饰符或将该 字段 声明为可为 null。 [C:\Users\Administrator\RiderProjects\AdvancedTimeIsland\AdvancedTimeIsland.csproj::TargetFramework=net10.0]
C:\Users\Administrator\RiderProjects\AdvancedTimeIsland\Views\Main\LocalSolarTimeControl.cs(29,12): warning CS8618: 在退出构造函数时，不可为 null 的 字段 "tb" 必须包含非 null 值。请考虑添加 "required" 修饰符或将该 字段 声明为可为 null。 [C:\Users\Administrator\RiderProjects\AdvancedTimeIsland\AdvancedTimeIsland.csproj::TargetFramework=net10.0]
C:\Users\Administrator\RiderProjects\AdvancedTimeIsland\Views\Main\LocalSolarTimeControl.cs(29,12): warning CS8618: 在退出构造函数时，不可为 null 的 字段 "rootBorder" 必须包含非 null 值。请考虑添加 "required" 修饰符或将该 字段 声明为可为 null。 [C:\Users\Administrator\RiderProjects\AdvancedTimeIsland\AdvancedTimeIsland.csproj::TargetFramework=net10.0]
C:\Users\Administrator\RiderProjects\AdvancedTimeIsland\Views\Main\LocalSolarTimeSettingsControl.cs(52,12): warning CS8618: 在退出构造函数时，不可为 null 的 字段 "_longitudeTextBox" 必须包含非 null 值。请考虑添加 "required" 修饰符或将该 字段 声明为可为 null。 [C:\Users\Administrator\RiderProjects\AdvancedTimeIsland\AdvancedTimeIsland.csproj::TargetFramework=net10.0]
C:\Users\Administrator\RiderProjects\AdvancedTimeIsland\Views\Main\LocalSolarTimeSettingsControl.cs(52,12): warning CS8618: 在退出构造函数时，不可为 null 的 字段 "_longitudeDmsDegreesTextBox" 必须包含非 null 值。请考虑添加 "required" 修饰符或将该 字段 声明为可为 null。 [C:\Users\Administrator\RiderProjects\AdvancedTimeIsland\AdvancedTimeIsland.csproj::TargetFramework=net10.0]
C:\Users\Administrator\RiderProjects\AdvancedTimeIsland\Views\Main\LocalSolarTimeSettingsControl.cs(52,12): warning CS8618: 在退出构造函数时，不可为 null 的 字段 "_longitudeDmsMinutesTextBox" 必须包含非 null 值。请考虑添加 "required" 修饰符或将该 字段 声明为可为 null。 [C:\Users\Administrator\RiderProjects\AdvancedTimeIsland\AdvancedTimeIsland.csproj::TargetFramework=net10.0]
C:\Users\Administrator\RiderProjects\AdvancedTimeIsland\Views\Main\LocalSolarTimeSettingsControl.cs(52,12): warning CS8618: 在退出构造函数时，不可为 null 的 字段 "_longitudeDmsSecondsTextBox" 必须包含非 null 值。请考虑添加 "required" 修饰符或将该 字段 声明为可为 null。 [C:\Users\Administrator\RiderProjects\AdvancedTimeIsland\AdvancedTimeIsland.csproj::TargetFramework=net10.0]
C:\Users\Administrator\RiderProjects\AdvancedTimeIsland\Views\Main\LocalSolarTimeSettingsControl.cs(52,12): warning CS8618: 在退出构造函数时，不可为 null 的 字段 "_longitudeDmsDirectionComboBox" 必须包含非 null 值。请考虑添加 "required" 修饰符或将该 字段 声明为可为 null。 [C:\Users\Administrator\RiderProjects\AdvancedTimeIsland\AdvancedTimeIsland.csproj::TargetFramework=net10.0]
C:\Users\Administrator\RiderProjects\AdvancedTimeIsland\Views\Main\LocalSolarTimeSettingsControl.cs(52,12): warning CS8618: 在退出构造函数时，不可为 null 的 字段 "_longitudeDmsPanel" 必须包含非 null 值。请考虑添加 "required" 修饰符或将该 字段 声明为可为 null。 [C:\Users\Administrator\RiderProjects\AdvancedTimeIsland\AdvancedTimeIsland.csproj::TargetFramework=net10.0]
C:\Users\Administrator\RiderProjects\AdvancedTimeIsland\Views\Main\LocalSolarTimeSettingsControl.cs(52,12): warning CS8618: 在退出构造函数时，不可为 null 的 字段 "_colorPicker" 必须包含非 null 值。请考虑添加 "required" 修饰符或将该 字段 声明为可为 null。 [C:\Users\Administrator\RiderProjects\AdvancedTimeIsland\AdvancedTimeIsland.csproj::TargetFramework=net10.0]
C:\Users\Administrator\RiderProjects\AdvancedTimeIsland\Views\Main\LocalSolarTimeSettingsControl.cs(52,12): warning CS8618: 在退出构造函数时，不可为 null 的 字段 "_fontSizeNumericUpDown" 必须包含非 null 值。请考虑添加 "required" 修饰符或将该 字段 声明为可为 null。 [C:\Users\Administrator\RiderProjects\AdvancedTimeIsland\AdvancedTimeIsland.csproj::TargetFramework=net10.0]
C:\Users\Administrator\RiderProjects\AdvancedTimeIsland\Views\Main\LocalSolarTimeSettingsControl.cs(52,12): warning CS8618: 在退出构造函数时，不可为 null 的 字段 "_enableCustomFontSizeToggle" 必须包含非 null 值。请考虑添加 "required" 修饰符或将该 字段 声明为可为 null。 [C:\Users\Administrator\RiderProjects\AdvancedTimeIsland\AdvancedTimeIsland.csproj::TargetFramework=net10.0]
C:\Users\Administrator\RiderProjects\AdvancedTimeIsland\Views\Main\LocalSolarTimeSettingsControl.cs(52,12): warning CS8618: 在退出构造函数时，不可为 null 的 字段 "_enableCustomFontColorToggle" 必须包含非 null 值。请考虑添加 "required" 修饰符或将该 字段 声明为可为 null。 [C:\Users\Administrator\RiderProjects\AdvancedTimeIsland\AdvancedTimeIsland.csproj::TargetFramework=net10.0]
C:\Users\Administrator\RiderProjects\AdvancedTimeIsland\Views\Main\LocalSolarTimeSettingsControl.cs(52,12): warning CS8618: 在退出构造函数时，不可为 null 的 字段 "_enableCustomFontFamilyToggle" 必须包含非 null 值。请考虑添加 "required" 修饰符或将该 字段 声明为可为 null。 [C:\Users\Administrator\RiderProjects\AdvancedTimeIsland\AdvancedTimeIsland.csproj::TargetFramework=net10.0]
C:\Users\Administrator\RiderProjects\AdvancedTimeIsland\Views\Main\LocalSolarTimeSettingsControl.cs(52,12): warning CS8618: 在退出构造函数时，不可为 null 的 字段 "_enableCustomFontWeightToggle" 必须包含非 null 值。请考虑添加 "required" 修饰符或将该 字段 声明为可为 null。 [C:\Users\Administrator\RiderProjects\AdvancedTimeIsland\AdvancedTimeIsland.csproj::TargetFramework=net10.0]
C:\Users\Administrator\RiderProjects\AdvancedTimeIsland\Views\Main\LocalSolarTimeSettingsControl.cs(52,12): warning CS8618: 在退出构造函数时，不可为 null 的 字段 "_fontFamilyComboBox" 必须包含非 null 值。请考虑添加 "required" 修饰符或将该 字段 声明为可为 null。 [C:\Users\Administrator\RiderProjects\AdvancedTimeIsland\AdvancedTimeIsland.csproj::TargetFramework=net10.0]
C:\Users\Administrator\RiderProjects\AdvancedTimeIsland\Views\Main\LocalSolarTimeSettingsControl.cs(52,12): warning CS8618: 在退出构造函数时，不可为 null 的 字段 "_fontWeightComboBox" 必须包含非 null 值。请考虑添加 "required" 修饰符或将该 字段 声明为可为 null。 [C:\Users\Administrator\RiderProjects\AdvancedTimeIsland\AdvancedTimeIsland.csproj::TargetFramework=net10.0]
C:\Users\Administrator\RiderProjects\AdvancedTimeIsland\Views\Main\LocalSolarTimeSettingsControl.cs(52,12): warning CS8618: 在退出构造函数时，不可为 null 的 字段 "_getLocationButton" 必须包含非 null 值。请考虑添加 "required" 修饰符或将该 字段 声明为可为 null。 [C:\Users\Administrator\RiderProjects\AdvancedTimeIsland\AdvancedTimeIsland.csproj::TargetFramework=net10.0]
C:\Users\Administrator\RiderProjects\AdvancedTimeIsland\Views\Main\LocalSolarTimeSettingsControl.cs(52,12): warning CS8618: 在退出构造函数时，不可为 null 的 字段 "_statusText" 必须包含非 null 值。请考虑添加 "required" 修饰符或将该 字段 声明为可为 null。 [C:\Users\Administrator\RiderProjects\AdvancedTimeIsland\AdvancedTimeIsland.csproj::TargetFramework=net10.0]
C:\Users\Administrator\RiderProjects\AdvancedTimeIsland\Views\Main\LocalSolarTimeSettingsControl.cs(52,12): warning CS8618: 在退出构造函数时，不可为 null 的 字段 "_titleTextBlock" 必须包含非 null 值。请考虑添加 "required" 修饰符或将该 字段 声明为可为 null。 [C:\Users\Administrator\RiderProjects\AdvancedTimeIsland\AdvancedTimeIsland.csproj::TargetFramework=net10.0]
C:\Users\Administrator\RiderProjects\AdvancedTimeIsland\Views\Main\LocalSolarTimeSettingsControl.cs(52,12): warning CS8618: 在退出构造函数时，不可为 null 的 字段 "_longitudeLabelTextBlock" 必须包含非 null 值。请考虑添加 "required" 修饰符或将该 字段 声明为可为 null。 [C:\Users\Administrator\RiderProjects\AdvancedTimeIsland\AdvancedTimeIsland.csproj::TargetFramework=net10.0]
C:\Users\Administrator\RiderProjects\AdvancedTimeIsland\Views\Main\LocalSolarTimeSettingsControl.cs(52,12): warning CS8618: 在退出构造函数时，不可为 null 的 字段 "_dmsDegreeSymbol" 必须包含非 null 值。请考虑添加 "required" 修饰符或将该 字段 声明为可为 null。 [C:\Users\Administrator\RiderProjects\AdvancedTimeIsland\AdvancedTimeIsland.csproj::TargetFramework=net10.0]
C:\Users\Administrator\RiderProjects\AdvancedTimeIsland\Views\Main\LocalSolarTimeSettingsControl.cs(52,12): warning CS8618: 在退出构造函数时，不可为 null 的 字段 "_dmsMinuteSymbol" 必须包含非 null 值。请考虑添加 "required" 修饰符或将该 字段 声明为可为 null。 [C:\Users\Administrator\RiderProjects\AdvancedTimeIsland\AdvancedTimeIsland.csproj::TargetFramework=net10.0]
C:\Users\Administrator\RiderProjects\AdvancedTimeIsland\Views\Main\LocalSolarTimeSettingsControl.cs(52,12): warning CS8618: 在退出构造函数时，不可为 null 的 字段 "_dmsSecondSymbol" 必须包含非 null 值。请考虑添加 "required" 修饰符或将该 字段 声明为可为 null。 [C:\Users\Administrator\RiderProjects\AdvancedTimeIsland\AdvancedTimeIsland.csproj::TargetFramework=net10.0]
C:\Users\Administrator\RiderProjects\AdvancedTimeIsland\Views\Main\LocalSolarTimeSettingsControl.cs(52,12): warning CS8618: 在退出构造函数时，不可为 null 的 字段 "_hintTextBlock" 必须包含非 null 值。请考虑添加 "required" 修饰符或将该 字段 声明为可为 null。 [C:\Users\Administrator\RiderProjects\AdvancedTimeIsland\AdvancedTimeIsland.csproj::TargetFramework=net10.0]
C:\Users\Administrator\RiderProjects\AdvancedTimeIsland\Views\Main\LocalSolarTimeSettingsControl.cs(52,12): warning CS8618: 在退出构造函数时，不可为 null 的 字段 "_styleTitleTextBlock" 必须包含非 null 值。请考虑添加 "required" 修饰符或将该 字段 声明为可为 null。 [C:\Users\Administrator\RiderProjects\AdvancedTimeIsland\AdvancedTimeIsland.csproj::TargetFramework=net10.0]
C:\Users\Administrator\RiderProjects\AdvancedTimeIsland\Views\Main\LocalSolarTimeSettingsControl.cs(52,12): warning CS8618: 在退出构造函数时，不可为 null 的 字段 "_colorLabelTextBlock" 必须包含非 null 值。请考虑添加 "required" 修饰符或将该 字段 声明为可为 null。 [C:\Users\Administrator\RiderProjects\AdvancedTimeIsland\AdvancedTimeIsland.csproj::TargetFramework=net10.0]
C:\Users\Administrator\RiderProjects\AdvancedTimeIsland\Views\Main\LocalSolarTimeSettingsControl.cs(52,12): warning CS8618: 在退出构造函数时，不可为 null 的 字段 "_fontSizeLabelTextBlock" 必须包含非 null 值。请考虑添加 "required" 修饰符或将该 字段 声明为可为 null。 [C:\Users\Administrator\RiderProjects\AdvancedTimeIsland\AdvancedTimeIsland.csproj::TargetFramework=net10.0]
C:\Users\Administrator\RiderProjects\AdvancedTimeIsland\Views\Main\LunarCountdownControl.cs(39,12): warning CS8618: 在退出构造函数时，不可为 null 的 字段 "vm" 必须包含非 null 值。请考虑添加 "required" 修饰符或将该 字段 声明为可为 null。 [C:\Users\Administrator\RiderProjects\AdvancedTimeIsland\AdvancedTimeIsland.csproj::TargetFramework=net10.0]
C:\Users\Administrator\RiderProjects\AdvancedTimeIsland\Views\Main\LunarCountdownControl.cs(39,12): warning CS8618: 在退出构造函数时，不可为 null 的 字段 "tbText1" 必须包含非 null 值。请考虑添加 "required" 修饰符或将该 字段 声明为可为 null。 [C:\Users\Administrator\RiderProjects\AdvancedTimeIsland\AdvancedTimeIsland.csproj::TargetFramework=net10.0]
C:\Users\Administrator\RiderProjects\AdvancedTimeIsland\Views\Main\LunarCountdownControl.cs(39,12): warning CS8618: 在退出构造函数时，不可为 null 的 字段 "tbName" 必须包含非 null 值。请考虑添加 "required" 修饰符或将该 字段 声明为可为 null。 [C:\Users\Administrator\RiderProjects\AdvancedTimeIsland\AdvancedTimeIsland.csproj::TargetFramework=net10.0]
C:\Users\Administrator\RiderProjects\AdvancedTimeIsland\Views\Main\LunarCountdownControl.cs(39,12): warning CS8618: 在退出构造函数时，不可为 null 的 字段 "tbText3" 必须包含非 null 值。请考虑添加 "required" 修饰符或将该 字段 声明为可为 null。 [C:\Users\Administrator\RiderProjects\AdvancedTimeIsland\AdvancedTimeIsland.csproj::TargetFramework=net10.0]
C:\Users\Administrator\RiderProjects\AdvancedTimeIsland\Views\Main\LunarCountdownControl.cs(39,12): warning CS8618: 在退出构造函数时，不可为 null 的 字段 "tbTime" 必须包含非 null 值。请考虑添加 "required" 修饰符或将该 字段 声明为可为 null。 [C:\Users\Administrator\RiderProjects\AdvancedTimeIsland\AdvancedTimeIsland.csproj::TargetFramework=net10.0]
C:\Users\Administrator\RiderProjects\AdvancedTimeIsland\Views\Main\LunarCountdownControl.cs(39,12): warning CS8618: 在退出构造函数时，不可为 null 的 字段 "tbText4" 必须包含非 null 值。请考虑添加 "required" 修饰符或将该 字段 声明为可为 null。 [C:\Users\Administrator\RiderProjects\AdvancedTimeIsland\AdvancedTimeIsland.csproj::TargetFramework=net10.0]
C:\Users\Administrator\RiderProjects\AdvancedTimeIsland\Views\Main\LunarCountdownControl.cs(39,12): warning CS8618: 在退出构造函数时，不可为 null 的 字段 "rootBorder" 必须包含非 null 值。请考虑添加 "required" 修饰符或将该 字段 声明为可为 null。 [C:\Users\Administrator\RiderProjects\AdvancedTimeIsland\AdvancedTimeIsland.csproj::TargetFramework=net10.0]
C:\Users\Administrator\RiderProjects\AdvancedTimeIsland\Views\Main\LunarCountdownControl.cs(39,12): warning CS8618: 在退出构造函数时，不可为 null 的 字段 "contentPanel" 必须包含非 null 值。请考虑添加 "required" 修饰符或将该 字段 声明为可为 null。 [C:\Users\Administrator\RiderProjects\AdvancedTimeIsland\AdvancedTimeIsland.csproj::TargetFramework=net10.0]
C:\Users\Administrator\RiderProjects\AdvancedTimeIsland\Views\Main\LunarCountdownControl.cs(39,12): warning CS8618: 在退出构造函数时，不可为 null 的 字段 "progressBar" 必须包含非 null 值。请考虑添加 "required" 修饰符或将该 字段 声明为可为 null。 [C:\Users\Administrator\RiderProjects\AdvancedTimeIsland\AdvancedTimeIsland.csproj::TargetFramework=net10.0]
C:\Users\Administrator\RiderProjects\AdvancedTimeIsland\Views\Main\LunarCountdownControl.cs(39,12): warning CS8618: 在退出构造函数时，不可为 null 的 字段 "circleProgressRoot" 必须包含非 null 值。请考虑添加 "required" 修饰符或将该 字段 声明为可为 null。 [C:\Users\Administrator\RiderProjects\AdvancedTimeIsland\AdvancedTimeIsland.csproj::TargetFramework=net10.0]
C:\Users\Administrator\RiderProjects\AdvancedTimeIsland\Views\Main\LunarCountdownControl.cs(39,12): warning CS8618: 在退出构造函数时，不可为 null 的 字段 "circleProgressBackground" 必须包含非 null 值。请考虑添加 "required" 修饰符或将该 字段 声明为可为 null。 [C:\Users\Administrator\RiderProjects\AdvancedTimeIsland\AdvancedTimeIsland.csproj::TargetFramework=net10.0]
C:\Users\Administrator\RiderProjects\AdvancedTimeIsland\Views\Main\LunarCountdownControl.cs(39,12): warning CS8618: 在退出构造函数时，不可为 null 的 字段 "circleProgressPath" 必须包含非 null 值。请考虑添加 "required" 修饰符或将该 字段 声明为可为 null。 [C:\Users\Administrator\RiderProjects\AdvancedTimeIsland\AdvancedTimeIsland.csproj::TargetFramework=net10.0]
C:\Users\Administrator\RiderProjects\AdvancedTimeIsland\Views\Main\NextFestivalCountdownControl.cs(27,12): warning CS8618: 在退出构造函数时，不可为 null 的 字段 "vm" 必须包含非 null 值。请考虑添加 "required" 修饰符或将该 字段 声明为可为 null。 [C:\Users\Administrator\RiderProjects\AdvancedTimeIsland\AdvancedTimeIsland.csproj::TargetFramework=net10.0]
C:\Users\Administrator\RiderProjects\AdvancedTimeIsland\Views\Main\NextFestivalCountdownControl.cs(27,12): warning CS8618: 在退出构造函数时，不可为 null 的 字段 "text1Tb" 必须包含非 null 值。请考虑添加 "required" 修饰符或将该 字段 声明为可为 null。 [C:\Users\Administrator\RiderProjects\AdvancedTimeIsland\AdvancedTimeIsland.csproj::TargetFramework=net10.0]
C:\Users\Administrator\RiderProjects\AdvancedTimeIsland\Views\Main\NextFestivalCountdownControl.cs(27,12): warning CS8618: 在退出构造函数时，不可为 null 的 字段 "nameTb" 必须包含非 null 值。请考虑添加 "required" 修饰符或将该 字段 声明为可为 null。 [C:\Users\Administrator\RiderProjects\AdvancedTimeIsland\AdvancedTimeIsland.csproj::TargetFramework=net10.0]
C:\Users\Administrator\RiderProjects\AdvancedTimeIsland\Views\Main\NextFestivalCountdownControl.cs(27,12): warning CS8618: 在退出构造函数时，不可为 null 的 字段 "text3Tb" 必须包含非 null 值。请考虑添加 "required" 修饰符或将该 字段 声明为可为 null。 [C:\Users\Administrator\RiderProjects\AdvancedTimeIsland\AdvancedTimeIsland.csproj::TargetFramework=net10.0]
C:\Users\Administrator\RiderProjects\AdvancedTimeIsland\Views\Main\NextFestivalCountdownControl.cs(27,12): warning CS8618: 在退出构造函数时，不可为 null 的 字段 "timeTb" 必须包含非 null 值。请考虑添加 "required" 修饰符或将该 字段 声明为可为 null。 [C:\Users\Administrator\RiderProjects\AdvancedTimeIsland\AdvancedTimeIsland.csproj::TargetFramework=net10.0]
C:\Users\Administrator\RiderProjects\AdvancedTimeIsland\Views\Main\NextFestivalCountdownControl.cs(27,12): warning CS8618: 在退出构造函数时，不可为 null 的 字段 "rootBorder" 必须包含非 null 值。请考虑添加 "required" 修饰符或将该 字段 声明为可为 null。 [C:\Users\Administrator\RiderProjects\AdvancedTimeIsland\AdvancedTimeIsland.csproj::TargetFramework=net10.0]
C:\Users\Administrator\RiderProjects\AdvancedTimeIsland\Views\Main\NextFestivalCountdownSettingsControl.cs(57,12): warning CS8618: 在退出构造函数时，不可为 null 的 字段 "_formatTextBox" 必须包含非 null 值。请考虑添加 "required" 修饰符或将该 字段 声明为可为 null。 [C:\Users\Administrator\RiderProjects\AdvancedTimeIsland\AdvancedTimeIsland.csproj::TargetFramework=net10.0]
C:\Users\Administrator\RiderProjects\AdvancedTimeIsland\Views\Main\NextFestivalCountdownSettingsControl.cs(57,12): warning CS8618: 在退出构造函数时，不可为 null 的 字段 "_text1FontSizeNumericUpDown" 必须包含非 null 值。请考虑添加 "required" 修饰符或将该 字段 声明为可为 null。 [C:\Users\Administrator\RiderProjects\AdvancedTimeIsland\AdvancedTimeIsland.csproj::TargetFramework=net10.0]
C:\Users\Administrator\RiderProjects\AdvancedTimeIsland\Views\Main\NextFestivalCountdownSettingsControl.cs(57,12): warning CS8618: 在退出构造函数时，不可为 null 的 字段 "_text1FontColorPicker" 必须包含非 null 值。请考虑添加 "required" 修饰符或将该 字段 声明为可为 null。 [C:\Users\Administrator\RiderProjects\AdvancedTimeIsland\AdvancedTimeIsland.csproj::TargetFramework=net10.0]
C:\Users\Administrator\RiderProjects\AdvancedTimeIsland\Views\Main\NextFestivalCountdownSettingsControl.cs(57,12): warning CS8618: 在退出构造函数时，不可为 null 的 字段 "_nameFontSizeNumericUpDown" 必须包含非 null 值。请考虑添加 "required" 修饰符或将该 字段 声明为可为 null。 [C:\Users\Administrator\RiderProjects\AdvancedTimeIsland\AdvancedTimeIsland.csproj::TargetFramework=net10.0]
C:\Users\Administrator\RiderProjects\AdvancedTimeIsland\Views\Main\NextFestivalCountdownSettingsControl.cs(57,12): warning CS8618: 在退出构造函数时，不可为 null 的 字段 "_nameFontColorPicker" 必须包含非 null 值。请考虑添加 "required" 修饰符或将该 字段 声明为可为 null。 [C:\Users\Administrator\RiderProjects\AdvancedTimeIsland\AdvancedTimeIsland.csproj::TargetFramework=net10.0]
C:\Users\Administrator\RiderProjects\AdvancedTimeIsland\Views\Main\NextFestivalCountdownSettingsControl.cs(57,12): warning CS8618: 在退出构造函数时，不可为 null 的 字段 "_text3FontSizeNumericUpDown" 必须包含非 null 值。请考虑添加 "required" 修饰符或将该 字段 声明为可为 null。 [C:\Users\Administrator\RiderProjects\AdvancedTimeIsland\AdvancedTimeIsland.csproj::TargetFramework=net10.0]
C:\Users\Administrator\RiderProjects\AdvancedTimeIsland\Views\Main\NextFestivalCountdownSettingsControl.cs(57,12): warning CS8618: 在退出构造函数时，不可为 null 的 字段 "_text3FontColorPicker" 必须包含非 null 值。请考虑添加 "required" 修饰符或将该 字段 声明为可为 null。 [C:\Users\Administrator\RiderProjects\AdvancedTimeIsland\AdvancedTimeIsland.csproj::TargetFramework=net10.0]
C:\Users\Administrator\RiderProjects\AdvancedTimeIsland\Views\Main\NextFestivalCountdownSettingsControl.cs(57,12): warning CS8618: 在退出构造函数时，不可为 null 的 字段 "_timeFontSizeNumericUpDown" 必须包含非 null 值。请考虑添加 "required" 修饰符或将该 字段 声明为可为 null。 [C:\Users\Administrator\RiderProjects\AdvancedTimeIsland\AdvancedTimeIsland.csproj::TargetFramework=net10.0]
C:\Users\Administrator\RiderProjects\AdvancedTimeIsland\Views\Main\NextFestivalCountdownSettingsControl.cs(57,12): warning CS8618: 在退出构造函数时，不可为 null 的 字段 "_timeFontColorPicker" 必须包含非 null 值。请考虑添加 "required" 修饰符或将该 字段 声明为可为 null。 [C:\Users\Administrator\RiderProjects\AdvancedTimeIsland\AdvancedTimeIsland.csproj::TargetFramework=net10.0]
C:\Users\Administrator\RiderProjects\AdvancedTimeIsland\Views\Main\NextFestivalCountdownSettingsControl.cs(57,12): warning CS8618: 在退出构造函数时，不可为 null 的 字段 "_internationalToggle" 必须包含非 null 值。请考虑添加 "required" 修饰符或将该 字段 声明为可为 null。 [C:\Users\Administrator\RiderProjects\AdvancedTimeIsland\AdvancedTimeIsland.csproj::TargetFramework=net10.0]
C:\Users\Administrator\RiderProjects\AdvancedTimeIsland\Views\Main\NextFestivalCountdownSettingsControl.cs(57,12): warning CS8618: 在退出构造函数时，不可为 null 的 字段 "_traditionalToggle" 必须包含非 null 值。请考虑添加 "required" 修饰符或将该 字段 声明为可为 null。 [C:\Users\Administrator\RiderProjects\AdvancedTimeIsland\AdvancedTimeIsland.csproj::TargetFramework=net10.0]
C:\Users\Administrator\RiderProjects\AdvancedTimeIsland\Views\Main\NextFestivalCountdownSettingsControl.cs(57,12): warning CS8618: 在退出构造函数时，不可为 null 的 字段 "_redToggle" 必须包含非 null 值。请考虑添加 "required" 修饰符或将该 字段 声明为可为 null。 [C:\Users\Administrator\RiderProjects\AdvancedTimeIsland\AdvancedTimeIsland.csproj::TargetFramework=net10.0]
C:\Users\Administrator\RiderProjects\AdvancedTimeIsland\Views\Main\NextFestivalCountdownSettingsControl.cs(57,12): warning CS8618: 在退出构造函数时，不可为 null 的 字段 "_formatTitle" 必须包含非 null 值。请考虑添加 "required" 修饰符或将该 字段 声明为可为 null。 [C:\Users\Administrator\RiderProjects\AdvancedTimeIsland\AdvancedTimeIsland.csproj::TargetFramework=net10.0]
C:\Users\Administrator\RiderProjects\AdvancedTimeIsland\Views\Main\NextFestivalCountdownSettingsControl.cs(57,12): warning CS8618: 在退出构造函数时，不可为 null 的 字段 "_formatLabel" 必须包含非 null 值。请考虑添加 "required" 修饰符或将该 字段 声明为可为 null。 [C:\Users\Administrator\RiderProjects\AdvancedTimeIsland\AdvancedTimeIsland.csproj::TargetFramework=net10.0]
C:\Users\Administrator\RiderProjects\AdvancedTimeIsland\Views\Main\NextFestivalCountdownSettingsControl.cs(57,12): warning CS8618: 在退出构造函数时，不可为 null 的 字段 "_formatHelpText" 必须包含非 null 值。请考虑添加 "required" 修饰符或将该 字段 声明为可为 null。 [C:\Users\Administrator\RiderProjects\AdvancedTimeIsland\AdvancedTimeIsland.csproj::TargetFramework=net10.0]
C:\Users\Administrator\RiderProjects\AdvancedTimeIsland\Views\Main\NextFestivalCountdownSettingsControl.cs(57,12): warning CS8618: 在退出构造函数时，不可为 null 的 字段 "_festivalTypeTitle" 必须包含非 null 值。请考虑添加 "required" 修饰符或将该 字段 声明为可为 null。 [C:\Users\Administrator\RiderProjects\AdvancedTimeIsland\AdvancedTimeIsland.csproj::TargetFramework=net10.0]
C:\Users\Administrator\RiderProjects\AdvancedTimeIsland\Views\Main\NextFestivalCountdownSettingsControl.cs(57,12): warning CS8618: 在退出构造函数时，不可为 null 的 字段 "_text1Title" 必须包含非 null 值。请考虑添加 "required" 修饰符或将该 字段 声明为可为 null。 [C:\Users\Administrator\RiderProjects\AdvancedTimeIsland\AdvancedTimeIsland.csproj::TargetFramework=net10.0]
C:\Users\Administrator\RiderProjects\AdvancedTimeIsland\Views\Main\NextFestivalCountdownSettingsControl.cs(57,12): warning CS8618: 在退出构造函数时，不可为 null 的 字段 "_text1ColorLabel" 必须包含非 null 值。请考虑添加 "required" 修饰符或将该 字段 声明为可为 null。 [C:\Users\Administrator\RiderProjects\AdvancedTimeIsland\AdvancedTimeIsland.csproj::TargetFramework=net10.0]
C:\Users\Administrator\RiderProjects\AdvancedTimeIsland\Views\Main\NextFestivalCountdownSettingsControl.cs(57,12): warning CS8618: 在退出构造函数时，不可为 null 的 字段 "_text1FontSizeLabel" 必须包含非 null 值。请考虑添加 "required" 修饰符或将该 字段 声明为可为 null。 [C:\Users\Administrator\RiderProjects\AdvancedTimeIsland\AdvancedTimeIsland.csproj::TargetFramework=net10.0]
C:\Users\Administrator\RiderProjects\AdvancedTimeIsland\Views\Main\NextFestivalCountdownSettingsControl.cs(57,12): warning CS8618: 在退出构造函数时，不可为 null 的 字段 "_nameTitle" 必须包含非 null 值。请考虑添加 "required" 修饰符或将该 字段 声明为可为 null。 [C:\Users\Administrator\RiderProjects\AdvancedTimeIsland\AdvancedTimeIsland.csproj::TargetFramework=net10.0]
C:\Users\Administrator\RiderProjects\AdvancedTimeIsland\Views\Main\NextFestivalCountdownSettingsControl.cs(57,12): warning CS8618: 在退出构造函数时，不可为 null 的 字段 "_nameColorLabel" 必须包含非 null 值。请考虑添加 "required" 修饰符或将该 字段 声明为可为 null。 [C:\Users\Administrator\RiderProjects\AdvancedTimeIsland\AdvancedTimeIsland.csproj::TargetFramework=net10.0]
C:\Users\Administrator\RiderProjects\AdvancedTimeIsland\Views\Main\NextFestivalCountdownSettingsControl.cs(57,12): warning CS8618: 在退出构造函数时，不可为 null 的 字段 "_nameFontSizeLabel" 必须包含非 null 值。请考虑添加 "required" 修饰符或将该 字段 声明为可为 null。 [C:\Users\Administrator\RiderProjects\AdvancedTimeIsland\AdvancedTimeIsland.csproj::TargetFramework=net10.0]
C:\Users\Administrator\RiderProjects\AdvancedTimeIsland\Views\Main\NextFestivalCountdownSettingsControl.cs(57,12): warning CS8618: 在退出构造函数时，不可为 null 的 字段 "_text3Title" 必须包含非 null 值。请考虑添加 "required" 修饰符或将该 字段 声明为可为 null。 [C:\Users\Administrator\RiderProjects\AdvancedTimeIsland\AdvancedTimeIsland.csproj::TargetFramework=net10.0]
C:\Users\Administrator\RiderProjects\AdvancedTimeIsland\Views\Main\NextFestivalCountdownSettingsControl.cs(57,12): warning CS8618: 在退出构造函数时，不可为 null 的 字段 "_text3ColorLabel" 必须包含非 null 值。请考虑添加 "required" 修饰符或将该 字段 声明为可为 null。 [C:\Users\Administrator\RiderProjects\AdvancedTimeIsland\AdvancedTimeIsland.csproj::TargetFramework=net10.0]
C:\Users\Administrator\RiderProjects\AdvancedTimeIsland\Views\Main\NextFestivalCountdownSettingsControl.cs(57,12): warning CS8618: 在退出构造函数时，不可为 null 的 字段 "_text3FontSizeLabel" 必须包含非 null 值。请考虑添加 "required" 修饰符或将该 字段 声明为可为 null。 [C:\Users\Administrator\RiderProjects\AdvancedTimeIsland\AdvancedTimeIsland.csproj::TargetFramework=net10.0]
C:\Users\Administrator\RiderProjects\AdvancedTimeIsland\Views\Main\NextFestivalCountdownSettingsControl.cs(57,12): warning CS8618: 在退出构造函数时，不可为 null 的 字段 "_timeTitle" 必须包含非 null 值。请考虑添加 "required" 修饰符或将该 字段 声明为可为 null。 [C:\Users\Administrator\RiderProjects\AdvancedTimeIsland\AdvancedTimeIsland.csproj::TargetFramework=net10.0]
C:\Users\Administrator\RiderProjects\AdvancedTimeIsland\Views\Main\NextFestivalCountdownSettingsControl.cs(57,12): warning CS8618: 在退出构造函数时，不可为 null 的 字段 "_timeColorLabel" 必须包含非 null 值。请考虑添加 "required" 修饰符或将该 字段 声明为可为 null。 [C:\Users\Administrator\RiderProjects\AdvancedTimeIsland\AdvancedTimeIsland.csproj::TargetFramework=net10.0]
C:\Users\Administrator\RiderProjects\AdvancedTimeIsland\Views\Main\NextFestivalCountdownSettingsControl.cs(57,12): warning CS8618: 在退出构造函数时，不可为 null 的 字段 "_timeFontSizeLabel" 必须包含非 null 值。请考虑添加 "required" 修饰符或将该 字段 声明为可为 null。 [C:\Users\Administrator\RiderProjects\AdvancedTimeIsland\AdvancedTimeIsland.csproj::TargetFramework=net10.0]
C:\Users\Administrator\RiderProjects\AdvancedTimeIsland\Views\Main\LocalSolarTimeSettingsControl.cs(88,65): warning CS0618: “TextBox.Watermark”已过时:“Use PlaceholderText instead.” [C:\Users\Administrator\RiderProjects\AdvancedTimeIsland\AdvancedTimeIsland.csproj::TargetFramework=net10.0]
C:\Users\Administrator\RiderProjects\AdvancedTimeIsland\Views\Main\LocalSolarTimeSettingsControl.cs(94,65): warning CS0618: “TextBox.Watermark”已过时:“Use PlaceholderText instead.” [C:\Users\Administrator\RiderProjects\AdvancedTimeIsland\AdvancedTimeIsland.csproj::TargetFramework=net10.0]
C:\Users\Administrator\RiderProjects\AdvancedTimeIsland\Views\Main\LocalSolarTimeSettingsControl.cs(100,65): warning CS0618: “TextBox.Watermark”已过时:“Use PlaceholderText instead.” [C:\Users\Administrator\RiderProjects\AdvancedTimeIsland\AdvancedTimeIsland.csproj::TargetFramework=net10.0]
C:\Users\Administrator\RiderProjects\AdvancedTimeIsland\Views\Main\FpsMonitorSettingsControl.cs(401,9): warning CS8602: 解引用可能出现空引用。 [C:\Users\Administrator\RiderProjects\AdvancedTimeIsland\AdvancedTimeIsland.csproj::TargetFramework=net10.0]
C:\Users\Administrator\RiderProjects\AdvancedTimeIsland\Views\Main\FpsMonitorSettingsControl.cs(402,9): warning CS8602: 解引用可能出现空引用。 [C:\Users\Administrator\RiderProjects\AdvancedTimeIsland\AdvancedTimeIsland.csproj::TargetFramework=net10.0]
C:\Users\Administrator\RiderProjects\AdvancedTimeIsland\Views\Main\FpsMonitorSettingsControl.cs(403,9): warning CS8602: 解引用可能出现空引用。 [C:\Users\Administrator\RiderProjects\AdvancedTimeIsland\AdvancedTimeIsland.csproj::TargetFramework=net10.0]
C:\Users\Administrator\RiderProjects\AdvancedTimeIsland\Views\Main\FpsMonitorSettingsControl.cs(404,9): warning CS8602: 解引用可能出现空引用。 [C:\Users\Administrator\RiderProjects\AdvancedTimeIsland\AdvancedTimeIsland.csproj::TargetFramework=net10.0]
C:\Users\Administrator\RiderProjects\AdvancedTimeIsland\Views\Main\NextJieQiCountdownControl.cs(27,12): warning CS8618: 在退出构造函数时，不可为 null 的 字段 "vm" 必须包含非 null 值。请考虑添加 "required" 修饰符或将该 字段 声明为可为 null。 [C:\Users\Administrator\RiderProjects\AdvancedTimeIsland\AdvancedTimeIsland.csproj::TargetFramework=net10.0]
C:\Users\Administrator\RiderProjects\AdvancedTimeIsland\Views\Main\NextJieQiCountdownControl.cs(27,12): warning CS8618: 在退出构造函数时，不可为 null 的 字段 "text1Tb" 必须包含非 null 值。请考虑添加 "required" 修饰符或将该 字段 声明为可为 null。 [C:\Users\Administrator\RiderProjects\AdvancedTimeIsland\AdvancedTimeIsland.csproj::TargetFramework=net10.0]
C:\Users\Administrator\RiderProjects\AdvancedTimeIsland\Views\Main\NextJieQiCountdownControl.cs(27,12): warning CS8618: 在退出构造函数时，不可为 null 的 字段 "nameTb" 必须包含非 null 值。请考虑添加 "required" 修饰符或将该 字段 声明为可为 null。 [C:\Users\Administrator\RiderProjects\AdvancedTimeIsland\AdvancedTimeIsland.csproj::TargetFramework=net10.0]
C:\Users\Administrator\RiderProjects\AdvancedTimeIsland\Views\Main\NextJieQiCountdownControl.cs(27,12): warning CS8618: 在退出构造函数时，不可为 null 的 字段 "text3Tb" 必须包含非 null 值。请考虑添加 "required" 修饰符或将该 字段 声明为可为 null。 [C:\Users\Administrator\RiderProjects\AdvancedTimeIsland\AdvancedTimeIsland.csproj::TargetFramework=net10.0]
C:\Users\Administrator\RiderProjects\AdvancedTimeIsland\Views\Main\NextJieQiCountdownControl.cs(27,12): warning CS8618: 在退出构造函数时，不可为 null 的 字段 "timeTb" 必须包含非 null 值。请考虑添加 "required" 修饰符或将该 字段 声明为可为 null。 [C:\Users\Administrator\RiderProjects\AdvancedTimeIsland\AdvancedTimeIsland.csproj::TargetFramework=net10.0]
C:\Users\Administrator\RiderProjects\AdvancedTimeIsland\Views\Main\NextJieQiCountdownControl.cs(27,12): warning CS8618: 在退出构造函数时，不可为 null 的 字段 "rootBorder" 必须包含非 null 值。请考虑添加 "required" 修饰符或将该 字段 声明为可为 null。 [C:\Users\Administrator\RiderProjects\AdvancedTimeIsland\AdvancedTimeIsland.csproj::TargetFramework=net10.0]
C:\Users\Administrator\RiderProjects\AdvancedTimeIsland\Views\Main\NextJieQiCountdownSettingsControl.cs(53,12): warning CS8618: 在退出构造函数时，不可为 null 的 字段 "_formatTextBox" 必须包含非 null 值。请考虑添加 "required" 修饰符或将该 字段 声明为可为 null。 [C:\Users\Administrator\RiderProjects\AdvancedTimeIsland\AdvancedTimeIsland.csproj::TargetFramework=net10.0]
C:\Users\Administrator\RiderProjects\AdvancedTimeIsland\Views\Main\NextJieQiCountdownSettingsControl.cs(53,12): warning CS8618: 在退出构造函数时，不可为 null 的 字段 "_text1FontSizeTextBox" 必须包含非 null 值。请考虑添加 "required" 修饰符或将该 字段 声明为可为 null。 [C:\Users\Administrator\RiderProjects\AdvancedTimeIsland\AdvancedTimeIsland.csproj::TargetFramework=net10.0]
C:\Users\Administrator\RiderProjects\AdvancedTimeIsland\Views\Main\NextJieQiCountdownSettingsControl.cs(53,12): warning CS8618: 在退出构造函数时，不可为 null 的 字段 "_text1FontColorPicker" 必须包含非 null 值。请考虑添加 "required" 修饰符或将该 字段 声明为可为 null。 [C:\Users\Administrator\RiderProjects\AdvancedTimeIsland\AdvancedTimeIsland.csproj::TargetFramework=net10.0]
C:\Users\Administrator\RiderProjects\AdvancedTimeIsland\Views\Main\NextJieQiCountdownSettingsControl.cs(53,12): warning CS8618: 在退出构造函数时，不可为 null 的 字段 "_nameFontSizeTextBox" 必须包含非 null 值。请考虑添加 "required" 修饰符或将该 字段 声明为可为 null。 [C:\Users\Administrator\RiderProjects\AdvancedTimeIsland\AdvancedTimeIsland.csproj::TargetFramework=net10.0]
C:\Users\Administrator\RiderProjects\AdvancedTimeIsland\Views\Main\NextJieQiCountdownSettingsControl.cs(53,12): warning CS8618: 在退出构造函数时，不可为 null 的 字段 "_nameFontColorPicker" 必须包含非 null 值。请考虑添加 "required" 修饰符或将该 字段 声明为可为 null。 [C:\Users\Administrator\RiderProjects\AdvancedTimeIsland\AdvancedTimeIsland.csproj::TargetFramework=net10.0]
C:\Users\Administrator\RiderProjects\AdvancedTimeIsland\Views\Main\NextJieQiCountdownSettingsControl.cs(53,12): warning CS8618: 在退出构造函数时，不可为 null 的 字段 "_text3FontSizeTextBox" 必须包含非 null 值。请考虑添加 "required" 修饰符或将该 字段 声明为可为 null。 [C:\Users\Administrator\RiderProjects\AdvancedTimeIsland\AdvancedTimeIsland.csproj::TargetFramework=net10.0]
C:\Users\Administrator\RiderProjects\AdvancedTimeIsland\Views\Main\NextJieQiCountdownSettingsControl.cs(53,12): warning CS8618: 在退出构造函数时，不可为 null 的 字段 "_text3FontColorPicker" 必须包含非 null 值。请考虑添加 "required" 修饰符或将该 字段 声明为可为 null。 [C:\Users\Administrator\RiderProjects\AdvancedTimeIsland\AdvancedTimeIsland.csproj::TargetFramework=net10.0]
C:\Users\Administrator\RiderProjects\AdvancedTimeIsland\Views\Main\NextJieQiCountdownSettingsControl.cs(53,12): warning CS8618: 在退出构造函数时，不可为 null 的 字段 "_timeFontSizeTextBox" 必须包含非 null 值。请考虑添加 "required" 修饰符或将该 字段 声明为可为 null。 [C:\Users\Administrator\RiderProjects\AdvancedTimeIsland\AdvancedTimeIsland.csproj::TargetFramework=net10.0]
C:\Users\Administrator\RiderProjects\AdvancedTimeIsland\Views\Main\NextJieQiCountdownSettingsControl.cs(53,12): warning CS8618: 在退出构造函数时，不可为 null 的 字段 "_timeFontColorPicker" 必须包含非 null 值。请考虑添加 "required" 修饰符或将该 字段 声明为可为 null。 [C:\Users\Administrator\RiderProjects\AdvancedTimeIsland\AdvancedTimeIsland.csproj::TargetFramework=net10.0]
C:\Users\Administrator\RiderProjects\AdvancedTimeIsland\Views\Main\NextJieQiCountdownSettingsControl.cs(53,12): warning CS8618: 在退出构造函数时，不可为 null 的 字段 "_text1EnableCustomFontSizeToggle" 必须包含非 null 值。请考虑添加 "required" 修饰符或将该 字段 声明为可为 null。 [C:\Users\Administrator\RiderProjects\AdvancedTimeIsland\AdvancedTimeIsland.csproj::TargetFramework=net10.0]
C:\Users\Administrator\RiderProjects\AdvancedTimeIsland\Views\Main\NextJieQiCountdownSettingsControl.cs(53,12): warning CS8618: 在退出构造函数时，不可为 null 的 字段 "_text1EnableCustomFontColorToggle" 必须包含非 null 值。请考虑添加 "required" 修饰符或将该 字段 声明为可为 null。 [C:\Users\Administrator\RiderProjects\AdvancedTimeIsland\AdvancedTimeIsland.csproj::TargetFramework=net10.0]
C:\Users\Administrator\RiderProjects\AdvancedTimeIsland\Views\Main\NextJieQiCountdownSettingsControl.cs(53,12): warning CS8618: 在退出构造函数时，不可为 null 的 字段 "_nameEnableCustomFontSizeToggle" 必须包含非 null 值。请考虑添加 "required" 修饰符或将该 字段 声明为可为 null。 [C:\Users\Administrator\RiderProjects\AdvancedTimeIsland\AdvancedTimeIsland.csproj::TargetFramework=net10.0]
C:\Users\Administrator\RiderProjects\AdvancedTimeIsland\Views\Main\NextJieQiCountdownSettingsControl.cs(53,12): warning CS8618: 在退出构造函数时，不可为 null 的 字段 "_nameEnableCustomFontColorToggle" 必须包含非 null 值。请考虑添加 "required" 修饰符或将该 字段 声明为可为 null。 [C:\Users\Administrator\RiderProjects\AdvancedTimeIsland\AdvancedTimeIsland.csproj::TargetFramework=net10.0]
C:\Users\Administrator\RiderProjects\AdvancedTimeIsland\Views\Main\NextJieQiCountdownSettingsControl.cs(53,12): warning CS8618: 在退出构造函数时，不可为 null 的 字段 "_text3EnableCustomFontSizeToggle" 必须包含非 null 值。请考虑添加 "required" 修饰符或将该 字段 声明为可为 null。 [C:\Users\Administrator\RiderProjects\AdvancedTimeIsland\AdvancedTimeIsland.csproj::TargetFramework=net10.0]
C:\Users\Administrator\RiderProjects\AdvancedTimeIsland\Views\Main\NextJieQiCountdownSettingsControl.cs(53,12): warning CS8618: 在退出构造函数时，不可为 null 的 字段 "_text3EnableCustomFontColorToggle" 必须包含非 null 值。请考虑添加 "required" 修饰符或将该 字段 声明为可为 null。 [C:\Users\Administrator\RiderProjects\AdvancedTimeIsland\AdvancedTimeIsland.csproj::TargetFramework=net10.0]
C:\Users\Administrator\RiderProjects\AdvancedTimeIsland\Views\Main\NextJieQiCountdownSettingsControl.cs(53,12): warning CS8618: 在退出构造函数时，不可为 null 的 字段 "_timeEnableCustomFontSizeToggle" 必须包含非 null 值。请考虑添加 "required" 修饰符或将该 字段 声明为可为 null。 [C:\Users\Administrator\RiderProjects\AdvancedTimeIsland\AdvancedTimeIsland.csproj::TargetFramework=net10.0]
C:\Users\Administrator\RiderProjects\AdvancedTimeIsland\Views\Main\NextJieQiCountdownSettingsControl.cs(53,12): warning CS8618: 在退出构造函数时，不可为 null 的 字段 "_timeEnableCustomFontColorToggle" 必须包含非 null 值。请考虑添加 "required" 修饰符或将该 字段 声明为可为 null。 [C:\Users\Administrator\RiderProjects\AdvancedTimeIsland\AdvancedTimeIsland.csproj::TargetFramework=net10.0]
C:\Users\Administrator\RiderProjects\AdvancedTimeIsland\Views\Main\NextJieQiCountdownSettingsControl.cs(53,12): warning CS8618: 在退出构造函数时，不可为 null 的 字段 "_formatTitle" 必须包含非 null 值。请考虑添加 "required" 修饰符或将该 字段 声明为可为 null。 [C:\Users\Administrator\RiderProjects\AdvancedTimeIsland\AdvancedTimeIsland.csproj::TargetFramework=net10.0]
C:\Users\Administrator\RiderProjects\AdvancedTimeIsland\Views\Main\NextJieQiCountdownSettingsControl.cs(53,12): warning CS8618: 在退出构造函数时，不可为 null 的 字段 "_formatLabel" 必须包含非 null 值。请考虑添加 "required" 修饰符或将该 字段 声明为可为 null。 [C:\Users\Administrator\RiderProjects\AdvancedTimeIsland\AdvancedTimeIsland.csproj::TargetFramework=net10.0]
C:\Users\Administrator\RiderProjects\AdvancedTimeIsland\Views\Main\NextJieQiCountdownSettingsControl.cs(53,12): warning CS8618: 在退出构造函数时，不可为 null 的 字段 "_formatHelpText" 必须包含非 null 值。请考虑添加 "required" 修饰符或将该 字段 声明为可为 null。 [C:\Users\Administrator\RiderProjects\AdvancedTimeIsland\AdvancedTimeIsland.csproj::TargetFramework=net10.0]
C:\Users\Administrator\RiderProjects\AdvancedTimeIsland\Views\Main\NextJieQiCountdownSettingsControl.cs(53,12): warning CS8618: 在退出构造函数时，不可为 null 的 字段 "_text1Title" 必须包含非 null 值。请考虑添加 "required" 修饰符或将该 字段 声明为可为 null。 [C:\Users\Administrator\RiderProjects\AdvancedTimeIsland\AdvancedTimeIsland.csproj::TargetFramework=net10.0]
C:\Users\Administrator\RiderProjects\AdvancedTimeIsland\Views\Main\NextJieQiCountdownSettingsControl.cs(53,12): warning CS8618: 在退出构造函数时，不可为 null 的 字段 "_text1ColorLabel" 必须包含非 null 值。请考虑添加 "required" 修饰符或将该 字段 声明为可为 null。 [C:\Users\Administrator\RiderProjects\AdvancedTimeIsland\AdvancedTimeIsland.csproj::TargetFramework=net10.0]
C:\Users\Administrator\RiderProjects\AdvancedTimeIsland\Views\Main\NextJieQiCountdownSettingsControl.cs(53,12): warning CS8618: 在退出构造函数时，不可为 null 的 字段 "_text1FontSizeLabel" 必须包含非 null 值。请考虑添加 "required" 修饰符或将该 字段 声明为可为 null。 [C:\Users\Administrator\RiderProjects\AdvancedTimeIsland\AdvancedTimeIsland.csproj::TargetFramework=net10.0]
C:\Users\Administrator\RiderProjects\AdvancedTimeIsland\Views\Main\NextJieQiCountdownSettingsControl.cs(53,12): warning CS8618: 在退出构造函数时，不可为 null 的 字段 "_nameTitle" 必须包含非 null 值。请考虑添加 "required" 修饰符或将该 字段 声明为可为 null。 [C:\Users\Administrator\RiderProjects\AdvancedTimeIsland\AdvancedTimeIsland.csproj::TargetFramework=net10.0]
C:\Users\Administrator\RiderProjects\AdvancedTimeIsland\Views\Main\NextJieQiCountdownSettingsControl.cs(53,12): warning CS8618: 在退出构造函数时，不可为 null 的 字段 "_nameColorLabel" 必须包含非 null 值。请考虑添加 "required" 修饰符或将该 字段 声明为可为 null。 [C:\Users\Administrator\RiderProjects\AdvancedTimeIsland\AdvancedTimeIsland.csproj::TargetFramework=net10.0]
C:\Users\Administrator\RiderProjects\AdvancedTimeIsland\Views\Main\NextJieQiCountdownSettingsControl.cs(53,12): warning CS8618: 在退出构造函数时，不可为 null 的 字段 "_nameFontSizeLabel" 必须包含非 null 值。请考虑添加 "required" 修饰符或将该 字段 声明为可为 null。 [C:\Users\Administrator\RiderProjects\AdvancedTimeIsland\AdvancedTimeIsland.csproj::TargetFramework=net10.0]
C:\Users\Administrator\RiderProjects\AdvancedTimeIsland\Views\Main\NextJieQiCountdownSettingsControl.cs(53,12): warning CS8618: 在退出构造函数时，不可为 null 的 字段 "_text3Title" 必须包含非 null 值。请考虑添加 "required" 修饰符或将该 字段 声明为可为 null。 [C:\Users\Administrator\RiderProjects\AdvancedTimeIsland\AdvancedTimeIsland.csproj::TargetFramework=net10.0]
C:\Users\Administrator\RiderProjects\AdvancedTimeIsland\Views\Main\NextJieQiCountdownSettingsControl.cs(53,12): warning CS8618: 在退出构造函数时，不可为 null 的 字段 "_text3ColorLabel" 必须包含非 null 值。请考虑添加 "required" 修饰符或将该 字段 声明为可为 null。 [C:\Users\Administrator\RiderProjects\AdvancedTimeIsland\AdvancedTimeIsland.csproj::TargetFramework=net10.0]
C:\Users\Administrator\RiderProjects\AdvancedTimeIsland\Views\Main\NextJieQiCountdownSettingsControl.cs(53,12): warning CS8618: 在退出构造函数时，不可为 null 的 字段 "_text3FontSizeLabel" 必须包含非 null 值。请考虑添加 "required" 修饰符或将该 字段 声明为可为 null。 [C:\Users\Administrator\RiderProjects\AdvancedTimeIsland\AdvancedTimeIsland.csproj::TargetFramework=net10.0]
C:\Users\Administrator\RiderProjects\AdvancedTimeIsland\Views\Main\NextJieQiCountdownSettingsControl.cs(53,12): warning CS8618: 在退出构造函数时，不可为 null 的 字段 "_timeTitle" 必须包含非 null 值。请考虑添加 "required" 修饰符或将该 字段 声明为可为 null。 [C:\Users\Administrator\RiderProjects\AdvancedTimeIsland\AdvancedTimeIsland.csproj::TargetFramework=net10.0]
C:\Users\Administrator\RiderProjects\AdvancedTimeIsland\Views\Main\NextJieQiCountdownSettingsControl.cs(53,12): warning CS8618: 在退出构造函数时，不可为 null 的 字段 "_timeColorLabel" 必须包含非 null 值。请考虑添加 "required" 修饰符或将该 字段 声明为可为 null。 [C:\Users\Administrator\RiderProjects\AdvancedTimeIsland\AdvancedTimeIsland.csproj::TargetFramework=net10.0]
C:\Users\Administrator\RiderProjects\AdvancedTimeIsland\Views\Main\NextJieQiCountdownSettingsControl.cs(53,12): warning CS8618: 在退出构造函数时，不可为 null 的 字段 "_timeFontSizeLabel" 必须包含非 null 值。请考虑添加 "required" 修饰符或将该 字段 声明为可为 null。 [C:\Users\Administrator\RiderProjects\AdvancedTimeIsland\AdvancedTimeIsland.csproj::TargetFramework=net10.0]
C:\Users\Administrator\RiderProjects\AdvancedTimeIsland\Views\Main\NextFestivalCountdownSettingsControl.cs(74,53): warning CS0618: “TextBox.Watermark”已过时:“Use PlaceholderText instead.” [C:\Users\Administrator\RiderProjects\AdvancedTimeIsland\AdvancedTimeIsland.csproj::TargetFramework=net10.0]
C:\Users\Administrator\RiderProjects\AdvancedTimeIsland\Views\Main\NextXingZuoCountdownControl.cs(27,12): warning CS8618: 在退出构造函数时，不可为 null 的 字段 "vm" 必须包含非 null 值。请考虑添加 "required" 修饰符或将该 字段 声明为可为 null。 [C:\Users\Administrator\RiderProjects\AdvancedTimeIsland\AdvancedTimeIsland.csproj::TargetFramework=net10.0]
C:\Users\Administrator\RiderProjects\AdvancedTimeIsland\Views\Main\NextXingZuoCountdownControl.cs(27,12): warning CS8618: 在退出构造函数时，不可为 null 的 字段 "text1Tb" 必须包含非 null 值。请考虑添加 "required" 修饰符或将该 字段 声明为可为 null。 [C:\Users\Administrator\RiderProjects\AdvancedTimeIsland\AdvancedTimeIsland.csproj::TargetFramework=net10.0]
C:\Users\Administrator\RiderProjects\AdvancedTimeIsland\Views\Main\NextXingZuoCountdownControl.cs(27,12): warning CS8618: 在退出构造函数时，不可为 null 的 字段 "nameTb" 必须包含非 null 值。请考虑添加 "required" 修饰符或将该 字段 声明为可为 null。 [C:\Users\Administrator\RiderProjects\AdvancedTimeIsland\AdvancedTimeIsland.csproj::TargetFramework=net10.0]
C:\Users\Administrator\RiderProjects\AdvancedTimeIsland\Views\Main\NextXingZuoCountdownControl.cs(27,12): warning CS8618: 在退出构造函数时，不可为 null 的 字段 "text3Tb" 必须包含非 null 值。请考虑添加 "required" 修饰符或将该 字段 声明为可为 null。 [C:\Users\Administrator\RiderProjects\AdvancedTimeIsland\AdvancedTimeIsland.csproj::TargetFramework=net10.0]
C:\Users\Administrator\RiderProjects\AdvancedTimeIsland\Views\Main\NextXingZuoCountdownControl.cs(27,12): warning CS8618: 在退出构造函数时，不可为 null 的 字段 "timeTb" 必须包含非 null 值。请考虑添加 "required" 修饰符或将该 字段 声明为可为 null。 [C:\Users\Administrator\RiderProjects\AdvancedTimeIsland\AdvancedTimeIsland.csproj::TargetFramework=net10.0]
C:\Users\Administrator\RiderProjects\AdvancedTimeIsland\Views\Main\NextXingZuoCountdownControl.cs(27,12): warning CS8618: 在退出构造函数时，不可为 null 的 字段 "rootBorder" 必须包含非 null 值。请考虑添加 "required" 修饰符或将该 字段 声明为可为 null。 [C:\Users\Administrator\RiderProjects\AdvancedTimeIsland\AdvancedTimeIsland.csproj::TargetFramework=net10.0]
C:\Users\Administrator\RiderProjects\AdvancedTimeIsland\Views\Main\NextJieQiCountdownSettingsControl.cs(70,53): warning CS0618: “TextBox.Watermark”已过时:“Use PlaceholderText instead.” [C:\Users\Administrator\RiderProjects\AdvancedTimeIsland\AdvancedTimeIsland.csproj::TargetFramework=net10.0]
C:\Users\Administrator\RiderProjects\AdvancedTimeIsland\Views\Main\NextXingZuoCountdownSettingsControl.cs(53,12): warning CS8618: 在退出构造函数时，不可为 null 的 字段 "_formatTextBox" 必须包含非 null 值。请考虑添加 "required" 修饰符或将该 字段 声明为可为 null。 [C:\Users\Administrator\RiderProjects\AdvancedTimeIsland\AdvancedTimeIsland.csproj::TargetFramework=net10.0]
C:\Users\Administrator\RiderProjects\AdvancedTimeIsland\Views\Main\NextXingZuoCountdownSettingsControl.cs(53,12): warning CS8618: 在退出构造函数时，不可为 null 的 字段 "_text1FontSizeTextBox" 必须包含非 null 值。请考虑添加 "required" 修饰符或将该 字段 声明为可为 null。 [C:\Users\Administrator\RiderProjects\AdvancedTimeIsland\AdvancedTimeIsland.csproj::TargetFramework=net10.0]
C:\Users\Administrator\RiderProjects\AdvancedTimeIsland\Views\Main\NextXingZuoCountdownSettingsControl.cs(53,12): warning CS8618: 在退出构造函数时，不可为 null 的 字段 "_text1FontColorPicker" 必须包含非 null 值。请考虑添加 "required" 修饰符或将该 字段 声明为可为 null。 [C:\Users\Administrator\RiderProjects\AdvancedTimeIsland\AdvancedTimeIsland.csproj::TargetFramework=net10.0]
C:\Users\Administrator\RiderProjects\AdvancedTimeIsland\Views\Main\NextXingZuoCountdownSettingsControl.cs(53,12): warning CS8618: 在退出构造函数时，不可为 null 的 字段 "_nameFontSizeTextBox" 必须包含非 null 值。请考虑添加 "required" 修饰符或将该 字段 声明为可为 null。 [C:\Users\Administrator\RiderProjects\AdvancedTimeIsland\AdvancedTimeIsland.csproj::TargetFramework=net10.0]
C:\Users\Administrator\RiderProjects\AdvancedTimeIsland\Views\Main\NextXingZuoCountdownSettingsControl.cs(53,12): warning CS8618: 在退出构造函数时，不可为 null 的 字段 "_nameFontColorPicker" 必须包含非 null 值。请考虑添加 "required" 修饰符或将该 字段 声明为可为 null。 [C:\Users\Administrator\RiderProjects\AdvancedTimeIsland\AdvancedTimeIsland.csproj::TargetFramework=net10.0]
C:\Users\Administrator\RiderProjects\AdvancedTimeIsland\Views\Main\NextXingZuoCountdownSettingsControl.cs(53,12): warning CS8618: 在退出构造函数时，不可为 null 的 字段 "_text3FontSizeTextBox" 必须包含非 null 值。请考虑添加 "required" 修饰符或将该 字段 声明为可为 null。 [C:\Users\Administrator\RiderProjects\AdvancedTimeIsland\AdvancedTimeIsland.csproj::TargetFramework=net10.0]
C:\Users\Administrator\RiderProjects\AdvancedTimeIsland\Views\Main\NextXingZuoCountdownSettingsControl.cs(53,12): warning CS8618: 在退出构造函数时，不可为 null 的 字段 "_text3FontColorPicker" 必须包含非 null 值。请考虑添加 "required" 修饰符或将该 字段 声明为可为 null。 [C:\Users\Administrator\RiderProjects\AdvancedTimeIsland\AdvancedTimeIsland.csproj::TargetFramework=net10.0]
C:\Users\Administrator\RiderProjects\AdvancedTimeIsland\Views\Main\NextXingZuoCountdownSettingsControl.cs(53,12): warning CS8618: 在退出构造函数时，不可为 null 的 字段 "_timeFontSizeTextBox" 必须包含非 null 值。请考虑添加 "required" 修饰符或将该 字段 声明为可为 null。 [C:\Users\Administrator\RiderProjects\AdvancedTimeIsland\AdvancedTimeIsland.csproj::TargetFramework=net10.0]
C:\Users\Administrator\RiderProjects\AdvancedTimeIsland\Views\Main\NextXingZuoCountdownSettingsControl.cs(53,12): warning CS8618: 在退出构造函数时，不可为 null 的 字段 "_timeFontColorPicker" 必须包含非 null 值。请考虑添加 "required" 修饰符或将该 字段 声明为可为 null。 [C:\Users\Administrator\RiderProjects\AdvancedTimeIsland\AdvancedTimeIsland.csproj::TargetFramework=net10.0]
C:\Users\Administrator\RiderProjects\AdvancedTimeIsland\Views\Main\NextXingZuoCountdownSettingsControl.cs(53,12): warning CS8618: 在退出构造函数时，不可为 null 的 字段 "_text1EnableCustomFontSizeToggle" 必须包含非 null 值。请考虑添加 "required" 修饰符或将该 字段 声明为可为 null。 [C:\Users\Administrator\RiderProjects\AdvancedTimeIsland\AdvancedTimeIsland.csproj::TargetFramework=net10.0]
C:\Users\Administrator\RiderProjects\AdvancedTimeIsland\Views\Main\NextXingZuoCountdownSettingsControl.cs(53,12): warning CS8618: 在退出构造函数时，不可为 null 的 字段 "_text1EnableCustomFontColorToggle" 必须包含非 null 值。请考虑添加 "required" 修饰符或将该 字段 声明为可为 null。 [C:\Users\Administrator\RiderProjects\AdvancedTimeIsland\AdvancedTimeIsland.csproj::TargetFramework=net10.0]
C:\Users\Administrator\RiderProjects\AdvancedTimeIsland\Views\Main\NextXingZuoCountdownSettingsControl.cs(53,12): warning CS8618: 在退出构造函数时，不可为 null 的 字段 "_nameEnableCustomFontSizeToggle" 必须包含非 null 值。请考虑添加 "required" 修饰符或将该 字段 声明为可为 null。 [C:\Users\Administrator\RiderProjects\AdvancedTimeIsland\AdvancedTimeIsland.csproj::TargetFramework=net10.0]
C:\Users\Administrator\RiderProjects\AdvancedTimeIsland\Views\Main\NextXingZuoCountdownSettingsControl.cs(53,12): warning CS8618: 在退出构造函数时，不可为 null 的 字段 "_nameEnableCustomFontColorToggle" 必须包含非 null 值。请考虑添加 "required" 修饰符或将该 字段 声明为可为 null。 [C:\Users\Administrator\RiderProjects\AdvancedTimeIsland\AdvancedTimeIsland.csproj::TargetFramework=net10.0]
C:\Users\Administrator\RiderProjects\AdvancedTimeIsland\Views\Main\NextXingZuoCountdownSettingsControl.cs(53,12): warning CS8618: 在退出构造函数时，不可为 null 的 字段 "_text3EnableCustomFontSizeToggle" 必须包含非 null 值。请考虑添加 "required" 修饰符或将该 字段 声明为可为 null。 [C:\Users\Administrator\RiderProjects\AdvancedTimeIsland\AdvancedTimeIsland.csproj::TargetFramework=net10.0]
C:\Users\Administrator\RiderProjects\AdvancedTimeIsland\Views\Main\NextXingZuoCountdownSettingsControl.cs(53,12): warning CS8618: 在退出构造函数时，不可为 null 的 字段 "_text3EnableCustomFontColorToggle" 必须包含非 null 值。请考虑添加 "required" 修饰符或将该 字段 声明为可为 null。 [C:\Users\Administrator\RiderProjects\AdvancedTimeIsland\AdvancedTimeIsland.csproj::TargetFramework=net10.0]
C:\Users\Administrator\RiderProjects\AdvancedTimeIsland\Views\Main\NextXingZuoCountdownSettingsControl.cs(53,12): warning CS8618: 在退出构造函数时，不可为 null 的 字段 "_timeEnableCustomFontSizeToggle" 必须包含非 null 值。请考虑添加 "required" 修饰符或将该 字段 声明为可为 null。 [C:\Users\Administrator\RiderProjects\AdvancedTimeIsland\AdvancedTimeIsland.csproj::TargetFramework=net10.0]
C:\Users\Administrator\RiderProjects\AdvancedTimeIsland\Views\Main\NextXingZuoCountdownSettingsControl.cs(53,12): warning CS8618: 在退出构造函数时，不可为 null 的 字段 "_timeEnableCustomFontColorToggle" 必须包含非 null 值。请考虑添加 "required" 修饰符或将该 字段 声明为可为 null。 [C:\Users\Administrator\RiderProjects\AdvancedTimeIsland\AdvancedTimeIsland.csproj::TargetFramework=net10.0]
C:\Users\Administrator\RiderProjects\AdvancedTimeIsland\Views\Main\NextXingZuoCountdownSettingsControl.cs(53,12): warning CS8618: 在退出构造函数时，不可为 null 的 字段 "_formatTitle" 必须包含非 null 值。请考虑添加 "required" 修饰符或将该 字段 声明为可为 null。 [C:\Users\Administrator\RiderProjects\AdvancedTimeIsland\AdvancedTimeIsland.csproj::TargetFramework=net10.0]
C:\Users\Administrator\RiderProjects\AdvancedTimeIsland\Views\Main\NextXingZuoCountdownSettingsControl.cs(53,12): warning CS8618: 在退出构造函数时，不可为 null 的 字段 "_formatLabel" 必须包含非 null 值。请考虑添加 "required" 修饰符或将该 字段 声明为可为 null。 [C:\Users\Administrator\RiderProjects\AdvancedTimeIsland\AdvancedTimeIsland.csproj::TargetFramework=net10.0]
C:\Users\Administrator\RiderProjects\AdvancedTimeIsland\Views\Main\NextXingZuoCountdownSettingsControl.cs(53,12): warning CS8618: 在退出构造函数时，不可为 null 的 字段 "_formatHelpText" 必须包含非 null 值。请考虑添加 "required" 修饰符或将该 字段 声明为可为 null。 [C:\Users\Administrator\RiderProjects\AdvancedTimeIsland\AdvancedTimeIsland.csproj::TargetFramework=net10.0]
C:\Users\Administrator\RiderProjects\AdvancedTimeIsland\Views\Main\NextXingZuoCountdownSettingsControl.cs(53,12): warning CS8618: 在退出构造函数时，不可为 null 的 字段 "_text1Title" 必须包含非 null 值。请考虑添加 "required" 修饰符或将该 字段 声明为可为 null。 [C:\Users\Administrator\RiderProjects\AdvancedTimeIsland\AdvancedTimeIsland.csproj::TargetFramework=net10.0]
C:\Users\Administrator\RiderProjects\AdvancedTimeIsland\Views\Main\NextXingZuoCountdownSettingsControl.cs(53,12): warning CS8618: 在退出构造函数时，不可为 null 的 字段 "_text1ColorLabel" 必须包含非 null 值。请考虑添加 "required" 修饰符或将该 字段 声明为可为 null。 [C:\Users\Administrator\RiderProjects\AdvancedTimeIsland\AdvancedTimeIsland.csproj::TargetFramework=net10.0]
C:\Users\Administrator\RiderProjects\AdvancedTimeIsland\Views\Main\NextXingZuoCountdownSettingsControl.cs(53,12): warning CS8618: 在退出构造函数时，不可为 null 的 字段 "_text1FontSizeLabel" 必须包含非 null 值。请考虑添加 "required" 修饰符或将该 字段 声明为可为 null。 [C:\Users\Administrator\RiderProjects\AdvancedTimeIsland\AdvancedTimeIsland.csproj::TargetFramework=net10.0]
C:\Users\Administrator\RiderProjects\AdvancedTimeIsland\Views\Main\NextXingZuoCountdownSettingsControl.cs(53,12): warning CS8618: 在退出构造函数时，不可为 null 的 字段 "_nameTitle" 必须包含非 null 值。请考虑添加 "required" 修饰符或将该 字段 声明为可为 null。 [C:\Users\Administrator\RiderProjects\AdvancedTimeIsland\AdvancedTimeIsland.csproj::TargetFramework=net10.0]
C:\Users\Administrator\RiderProjects\AdvancedTimeIsland\Views\Main\NextXingZuoCountdownSettingsControl.cs(53,12): warning CS8618: 在退出构造函数时，不可为 null 的 字段 "_nameColorLabel" 必须包含非 null 值。请考虑添加 "required" 修饰符或将该 字段 声明为可为 null。 [C:\Users\Administrator\RiderProjects\AdvancedTimeIsland\AdvancedTimeIsland.csproj::TargetFramework=net10.0]
C:\Users\Administrator\RiderProjects\AdvancedTimeIsland\Views\Main\NextXingZuoCountdownSettingsControl.cs(53,12): warning CS8618: 在退出构造函数时，不可为 null 的 字段 "_nameFontSizeLabel" 必须包含非 null 值。请考虑添加 "required" 修饰符或将该 字段 声明为可为 null。 [C:\Users\Administrator\RiderProjects\AdvancedTimeIsland\AdvancedTimeIsland.csproj::TargetFramework=net10.0]
C:\Users\Administrator\RiderProjects\AdvancedTimeIsland\Views\Main\NextXingZuoCountdownSettingsControl.cs(53,12): warning CS8618: 在退出构造函数时，不可为 null 的 字段 "_text3Title" 必须包含非 null 值。请考虑添加 "required" 修饰符或将该 字段 声明为可为 null。 [C:\Users\Administrator\RiderProjects\AdvancedTimeIsland\AdvancedTimeIsland.csproj::TargetFramework=net10.0]
C:\Users\Administrator\RiderProjects\AdvancedTimeIsland\Views\Main\NextXingZuoCountdownSettingsControl.cs(53,12): warning CS8618: 在退出构造函数时，不可为 null 的 字段 "_text3ColorLabel" 必须包含非 null 值。请考虑添加 "required" 修饰符或将该 字段 声明为可为 null。 [C:\Users\Administrator\RiderProjects\AdvancedTimeIsland\AdvancedTimeIsland.csproj::TargetFramework=net10.0]
C:\Users\Administrator\RiderProjects\AdvancedTimeIsland\Views\Main\NextXingZuoCountdownSettingsControl.cs(53,12): warning CS8618: 在退出构造函数时，不可为 null 的 字段 "_text3FontSizeLabel" 必须包含非 null 值。请考虑添加 "required" 修饰符或将该 字段 声明为可为 null。 [C:\Users\Administrator\RiderProjects\AdvancedTimeIsland\AdvancedTimeIsland.csproj::TargetFramework=net10.0]
C:\Users\Administrator\RiderProjects\AdvancedTimeIsland\Views\Main\NextXingZuoCountdownSettingsControl.cs(53,12): warning CS8618: 在退出构造函数时，不可为 null 的 字段 "_timeTitle" 必须包含非 null 值。请考虑添加 "required" 修饰符或将该 字段 声明为可为 null。 [C:\Users\Administrator\RiderProjects\AdvancedTimeIsland\AdvancedTimeIsland.csproj::TargetFramework=net10.0]
C:\Users\Administrator\RiderProjects\AdvancedTimeIsland\Views\Main\NextXingZuoCountdownSettingsControl.cs(53,12): warning CS8618: 在退出构造函数时，不可为 null 的 字段 "_timeColorLabel" 必须包含非 null 值。请考虑添加 "required" 修饰符或将该 字段 声明为可为 null。 [C:\Users\Administrator\RiderProjects\AdvancedTimeIsland\AdvancedTimeIsland.csproj::TargetFramework=net10.0]
C:\Users\Administrator\RiderProjects\AdvancedTimeIsland\Views\Main\NextXingZuoCountdownSettingsControl.cs(53,12): warning CS8618: 在退出构造函数时，不可为 null 的 字段 "_timeFontSizeLabel" 必须包含非 null 值。请考虑添加 "required" 修饰符或将该 字段 声明为可为 null。 [C:\Users\Administrator\RiderProjects\AdvancedTimeIsland\AdvancedTimeIsland.csproj::TargetFramework=net10.0]
C:\Users\Administrator\RiderProjects\AdvancedTimeIsland\Views\Main\NextJieQiCountdownSettingsControl.cs(127,45): warning CS0618: “TextBox.Watermark”已过时:“Use PlaceholderText instead.” [C:\Users\Administrator\RiderProjects\AdvancedTimeIsland\AdvancedTimeIsland.csproj::TargetFramework=net10.0]
C:\Users\Administrator\RiderProjects\AdvancedTimeIsland\Views\Main\PeriodicCountdownControl.cs(39,12): warning CS8618: 在退出构造函数时，不可为 null 的 字段 "vm" 必须包含非 null 值。请考虑添加 "required" 修饰符或将该 字段 声明为可为 null。 [C:\Users\Administrator\RiderProjects\AdvancedTimeIsland\AdvancedTimeIsland.csproj::TargetFramework=net10.0]
C:\Users\Administrator\RiderProjects\AdvancedTimeIsland\Views\Main\PeriodicCountdownControl.cs(39,12): warning CS8618: 在退出构造函数时，不可为 null 的 字段 "tbText1" 必须包含非 null 值。请考虑添加 "required" 修饰符或将该 字段 声明为可为 null。 [C:\Users\Administrator\RiderProjects\AdvancedTimeIsland\AdvancedTimeIsland.csproj::TargetFramework=net10.0]
C:\Users\Administrator\RiderProjects\AdvancedTimeIsland\Views\Main\PeriodicCountdownControl.cs(39,12): warning CS8618: 在退出构造函数时，不可为 null 的 字段 "tbText2" 必须包含非 null 值。请考虑添加 "required" 修饰符或将该 字段 声明为可为 null。 [C:\Users\Administrator\RiderProjects\AdvancedTimeIsland\AdvancedTimeIsland.csproj::TargetFramework=net10.0]
C:\Users\Administrator\RiderProjects\AdvancedTimeIsland\Views\Main\PeriodicCountdownControl.cs(39,12): warning CS8618: 在退出构造函数时，不可为 null 的 字段 "tbText3" 必须包含非 null 值。请考虑添加 "required" 修饰符或将该 字段 声明为可为 null。 [C:\Users\Administrator\RiderProjects\AdvancedTimeIsland\AdvancedTimeIsland.csproj::TargetFramework=net10.0]
C:\Users\Administrator\RiderProjects\AdvancedTimeIsland\Views\Main\PeriodicCountdownControl.cs(39,12): warning CS8618: 在退出构造函数时，不可为 null 的 字段 "tbTime" 必须包含非 null 值。请考虑添加 "required" 修饰符或将该 字段 声明为可为 null。 [C:\Users\Administrator\RiderProjects\AdvancedTimeIsland\AdvancedTimeIsland.csproj::TargetFramework=net10.0]
C:\Users\Administrator\RiderProjects\AdvancedTimeIsland\Views\Main\PeriodicCountdownControl.cs(39,12): warning CS8618: 在退出构造函数时，不可为 null 的 字段 "tbText4" 必须包含非 null 值。请考虑添加 "required" 修饰符或将该 字段 声明为可为 null。 [C:\Users\Administrator\RiderProjects\AdvancedTimeIsland\AdvancedTimeIsland.csproj::TargetFramework=net10.0]
C:\Users\Administrator\RiderProjects\AdvancedTimeIsland\Views\Main\PeriodicCountdownControl.cs(39,12): warning CS8618: 在退出构造函数时，不可为 null 的 字段 "rootBorder" 必须包含非 null 值。请考虑添加 "required" 修饰符或将该 字段 声明为可为 null。 [C:\Users\Administrator\RiderProjects\AdvancedTimeIsland\AdvancedTimeIsland.csproj::TargetFramework=net10.0]
C:\Users\Administrator\RiderProjects\AdvancedTimeIsland\Views\Main\PeriodicCountdownControl.cs(39,12): warning CS8618: 在退出构造函数时，不可为 null 的 字段 "contentPanel" 必须包含非 null 值。请考虑添加 "required" 修饰符或将该 字段 声明为可为 null。 [C:\Users\Administrator\RiderProjects\AdvancedTimeIsland\AdvancedTimeIsland.csproj::TargetFramework=net10.0]
C:\Users\Administrator\RiderProjects\AdvancedTimeIsland\Views\Main\PeriodicCountdownControl.cs(39,12): warning CS8618: 在退出构造函数时，不可为 null 的 字段 "progressBar" 必须包含非 null 值。请考虑添加 "required" 修饰符或将该 字段 声明为可为 null。 [C:\Users\Administrator\RiderProjects\AdvancedTimeIsland\AdvancedTimeIsland.csproj::TargetFramework=net10.0]
C:\Users\Administrator\RiderProjects\AdvancedTimeIsland\Views\Main\PeriodicCountdownControl.cs(39,12): warning CS8618: 在退出构造函数时，不可为 null 的 字段 "circleProgressRoot" 必须包含非 null 值。请考虑添加 "required" 修饰符或将该 字段 声明为可为 null。 [C:\Users\Administrator\RiderProjects\AdvancedTimeIsland\AdvancedTimeIsland.csproj::TargetFramework=net10.0]
C:\Users\Administrator\RiderProjects\AdvancedTimeIsland\Views\Main\PeriodicCountdownControl.cs(39,12): warning CS8618: 在退出构造函数时，不可为 null 的 字段 "circleProgressBackground" 必须包含非 null 值。请考虑添加 "required" 修饰符或将该 字段 声明为可为 null。 [C:\Users\Administrator\RiderProjects\AdvancedTimeIsland\AdvancedTimeIsland.csproj::TargetFramework=net10.0]
C:\Users\Administrator\RiderProjects\AdvancedTimeIsland\Views\Main\PeriodicCountdownControl.cs(39,12): warning CS8618: 在退出构造函数时，不可为 null 的 字段 "circleProgressPath" 必须包含非 null 值。请考虑添加 "required" 修饰符或将该 字段 声明为可为 null。 [C:\Users\Administrator\RiderProjects\AdvancedTimeIsland\AdvancedTimeIsland.csproj::TargetFramework=net10.0]
C:\Users\Administrator\RiderProjects\AdvancedTimeIsland\Views\Main\ShengXiaoControl.cs(30,12): warning CS8618: 在退出构造函数时，不可为 null 的 字段 "vm" 必须包含非 null 值。请考虑添加 "required" 修饰符或将该 字段 声明为可为 null。 [C:\Users\Administrator\RiderProjects\AdvancedTimeIsland\AdvancedTimeIsland.csproj::TargetFramework=net10.0]
C:\Users\Administrator\RiderProjects\AdvancedTimeIsland\Views\Main\ShengXiaoControl.cs(30,12): warning CS8618: 在退出构造函数时，不可为 null 的 字段 "labelTb" 必须包含非 null 值。请考虑添加 "required" 修饰符或将该 字段 声明为可为 null。 [C:\Users\Administrator\RiderProjects\AdvancedTimeIsland\AdvancedTimeIsland.csproj::TargetFramework=net10.0]
C:\Users\Administrator\RiderProjects\AdvancedTimeIsland\Views\Main\ShengXiaoControl.cs(30,12): warning CS8618: 在退出构造函数时，不可为 null 的 字段 "valueTb" 必须包含非 null 值。请考虑添加 "required" 修饰符或将该 字段 声明为可为 null。 [C:\Users\Administrator\RiderProjects\AdvancedTimeIsland\AdvancedTimeIsland.csproj::TargetFramework=net10.0]
C:\Users\Administrator\RiderProjects\AdvancedTimeIsland\Views\Main\ShengXiaoControl.cs(30,12): warning CS8618: 在退出构造函数时，不可为 null 的 字段 "rootBorder" 必须包含非 null 值。请考虑添加 "required" 修饰符或将该 字段 声明为可为 null。 [C:\Users\Administrator\RiderProjects\AdvancedTimeIsland\AdvancedTimeIsland.csproj::TargetFramework=net10.0]
C:\Users\Administrator\RiderProjects\AdvancedTimeIsland\Views\Main\NextXingZuoCountdownSettingsControl.cs(70,53): warning CS0618: “TextBox.Watermark”已过时:“Use PlaceholderText instead.” [C:\Users\Administrator\RiderProjects\AdvancedTimeIsland\AdvancedTimeIsland.csproj::TargetFramework=net10.0]
C:\Users\Administrator\RiderProjects\AdvancedTimeIsland\Automation\Triggers\LocalSolarHourlyTimeTriggerSettingsControl.cs(228,13): warning CS0618: “TextBox.Watermark”已过时:“Use PlaceholderText instead.” [C:\Users\Administrator\RiderProjects\AdvancedTimeIsland\AdvancedTimeIsland.csproj::TargetFramework=net10.0]
C:\Users\Administrator\RiderProjects\AdvancedTimeIsland\Automation\Triggers\LocalSolarHourlyTimeTriggerSettingsControl.cs(235,13): warning CS0618: “TextBox.Watermark”已过时:“Use PlaceholderText instead.” [C:\Users\Administrator\RiderProjects\AdvancedTimeIsland\AdvancedTimeIsland.csproj::TargetFramework=net10.0]
C:\Users\Administrator\RiderProjects\AdvancedTimeIsland\Views\Main\NextXingZuoCountdownSettingsControl.cs(127,45): warning CS0618: “TextBox.Watermark”已过时:“Use PlaceholderText instead.” [C:\Users\Administrator\RiderProjects\AdvancedTimeIsland\AdvancedTimeIsland.csproj::TargetFramework=net10.0]
C:\Users\Administrator\RiderProjects\AdvancedTimeIsland\Views\Main\ShengXiaoSettingsControl.cs(41,12): warning CS8618: 在退出构造函数时，不可为 null 的 字段 "_labelColorPicker" 必须包含非 null 值。请考虑添加 "required" 修饰符或将该 字段 声明为可为 null。 [C:\Users\Administrator\RiderProjects\AdvancedTimeIsland\AdvancedTimeIsland.csproj::TargetFramework=net10.0]
C:\Users\Administrator\RiderProjects\AdvancedTimeIsland\Views\Main\ShengXiaoSettingsControl.cs(41,12): warning CS8618: 在退出构造函数时，不可为 null 的 字段 "_labelFontSizeNumericUpDown" 必须包含非 null 值。请考虑添加 "required" 修饰符或将该 字段 声明为可为 null。 [C:\Users\Administrator\RiderProjects\AdvancedTimeIsland\AdvancedTimeIsland.csproj::TargetFramework=net10.0]
C:\Users\Administrator\RiderProjects\AdvancedTimeIsland\Views\Main\ShengXiaoSettingsControl.cs(41,12): warning CS8618: 在退出构造函数时，不可为 null 的 字段 "_valueColorPicker" 必须包含非 null 值。请考虑添加 "required" 修饰符或将该 字段 声明为可为 null。 [C:\Users\Administrator\RiderProjects\AdvancedTimeIsland\AdvancedTimeIsland.csproj::TargetFramework=net10.0]
C:\Users\Administrator\RiderProjects\AdvancedTimeIsland\Views\Main\ShengXiaoSettingsControl.cs(41,12): warning CS8618: 在退出构造函数时，不可为 null 的 字段 "_valueFontSizeNumericUpDown" 必须包含非 null 值。请考虑添加 "required" 修饰符或将该 字段 声明为可为 null。 [C:\Users\Administrator\RiderProjects\AdvancedTimeIsland\AdvancedTimeIsland.csproj::TargetFramework=net10.0]
C:\Users\Administrator\RiderProjects\AdvancedTimeIsland\Views\Main\ShengXiaoSettingsControl.cs(41,12): warning CS8618: 在退出构造函数时，不可为 null 的 字段 "_labelEnableCustomFontSizeToggle" 必须包含非 null 值。请考虑添加 "required" 修饰符或将该 字段 声明为可为 null。 [C:\Users\Administrator\RiderProjects\AdvancedTimeIsland\AdvancedTimeIsland.csproj::TargetFramework=net10.0]
C:\Users\Administrator\RiderProjects\AdvancedTimeIsland\Views\Main\ShengXiaoSettingsControl.cs(41,12): warning CS8618: 在退出构造函数时，不可为 null 的 字段 "_labelEnableCustomFontColorToggle" 必须包含非 null 值。请考虑添加 "required" 修饰符或将该 字段 声明为可为 null。 [C:\Users\Administrator\RiderProjects\AdvancedTimeIsland\AdvancedTimeIsland.csproj::TargetFramework=net10.0]
C:\Users\Administrator\RiderProjects\AdvancedTimeIsland\Views\Main\ShengXiaoSettingsControl.cs(41,12): warning CS8618: 在退出构造函数时，不可为 null 的 字段 "_valueEnableCustomFontSizeToggle" 必须包含非 null 值。请考虑添加 "required" 修饰符或将该 字段 声明为可为 null。 [C:\Users\Administrator\RiderProjects\AdvancedTimeIsland\AdvancedTimeIsland.csproj::TargetFramework=net10.0]
C:\Users\Administrator\RiderProjects\AdvancedTimeIsland\Views\Main\ShengXiaoSettingsControl.cs(41,12): warning CS8618: 在退出构造函数时，不可为 null 的 字段 "_valueEnableCustomFontColorToggle" 必须包含非 null 值。请考虑添加 "required" 修饰符或将该 字段 声明为可为 null。 [C:\Users\Administrator\RiderProjects\AdvancedTimeIsland\AdvancedTimeIsland.csproj::TargetFramework=net10.0]
C:\Users\Administrator\RiderProjects\AdvancedTimeIsland\Views\Main\ShengXiaoSettingsControl.cs(41,12): warning CS8618: 在退出构造函数时，不可为 null 的 字段 "_labelEnableCustomFontFamilyToggle" 必须包含非 null 值。请考虑添加 "required" 修饰符或将该 字段 声明为可为 null。 [C:\Users\Administrator\RiderProjects\AdvancedTimeIsland\AdvancedTimeIsland.csproj::TargetFramework=net10.0]
C:\Users\Administrator\RiderProjects\AdvancedTimeIsland\Views\Main\ShengXiaoSettingsControl.cs(41,12): warning CS8618: 在退出构造函数时，不可为 null 的 字段 "_valueEnableCustomFontFamilyToggle" 必须包含非 null 值。请考虑添加 "required" 修饰符或将该 字段 声明为可为 null。 [C:\Users\Administrator\RiderProjects\AdvancedTimeIsland\AdvancedTimeIsland.csproj::TargetFramework=net10.0]
C:\Users\Administrator\RiderProjects\AdvancedTimeIsland\Views\Main\ShengXiaoSettingsControl.cs(41,12): warning CS8618: 在退出构造函数时，不可为 null 的 字段 "_labelEnableCustomFontWeightToggle" 必须包含非 null 值。请考虑添加 "required" 修饰符或将该 字段 声明为可为 null。 [C:\Users\Administrator\RiderProjects\AdvancedTimeIsland\AdvancedTimeIsland.csproj::TargetFramework=net10.0]
C:\Users\Administrator\RiderProjects\AdvancedTimeIsland\Views\Main\ShengXiaoSettingsControl.cs(41,12): warning CS8618: 在退出构造函数时，不可为 null 的 字段 "_valueEnableCustomFontWeightToggle" 必须包含非 null 值。请考虑添加 "required" 修饰符或将该 字段 声明为可为 null。 [C:\Users\Administrator\RiderProjects\AdvancedTimeIsland\AdvancedTimeIsland.csproj::TargetFramework=net10.0]
C:\Users\Administrator\RiderProjects\AdvancedTimeIsland\Views\Main\ShengXiaoSettingsControl.cs(41,12): warning CS8618: 在退出构造函数时，不可为 null 的 字段 "_labelFontFamilyComboBox" 必须包含非 null 值。请考虑添加 "required" 修饰符或将该 字段 声明为可为 null。 [C:\Users\Administrator\RiderProjects\AdvancedTimeIsland\AdvancedTimeIsland.csproj::TargetFramework=net10.0]
C:\Users\Administrator\RiderProjects\AdvancedTimeIsland\Views\Main\ShengXiaoSettingsControl.cs(41,12): warning CS8618: 在退出构造函数时，不可为 null 的 字段 "_valueFontFamilyComboBox" 必须包含非 null 值。请考虑添加 "required" 修饰符或将该 字段 声明为可为 null。 [C:\Users\Administrator\RiderProjects\AdvancedTimeIsland\AdvancedTimeIsland.csproj::TargetFramework=net10.0]
C:\Users\Administrator\RiderProjects\AdvancedTimeIsland\Views\Main\ShengXiaoSettingsControl.cs(41,12): warning CS8618: 在退出构造函数时，不可为 null 的 字段 "_labelFontWeightComboBox" 必须包含非 null 值。请考虑添加 "required" 修饰符或将该 字段 声明为可为 null。 [C:\Users\Administrator\RiderProjects\AdvancedTimeIsland\AdvancedTimeIsland.csproj::TargetFramework=net10.0]
C:\Users\Administrator\RiderProjects\AdvancedTimeIsland\Views\Main\ShengXiaoSettingsControl.cs(41,12): warning CS8618: 在退出构造函数时，不可为 null 的 字段 "_valueFontWeightComboBox" 必须包含非 null 值。请考虑添加 "required" 修饰符或将该 字段 声明为可为 null。 [C:\Users\Administrator\RiderProjects\AdvancedTimeIsland\AdvancedTimeIsland.csproj::TargetFramework=net10.0]
C:\Users\Administrator\RiderProjects\AdvancedTimeIsland\Views\Main\ShengXiaoSettingsControl.cs(41,12): warning CS8618: 在退出构造函数时，不可为 null 的 字段 "_labelTitleTextBlock" 必须包含非 null 值。请考虑添加 "required" 修饰符或将该 字段 声明为可为 null。 [C:\Users\Administrator\RiderProjects\AdvancedTimeIsland\AdvancedTimeIsland.csproj::TargetFramework=net10.0]
C:\Users\Administrator\RiderProjects\AdvancedTimeIsland\Views\Main\ShengXiaoSettingsControl.cs(41,12): warning CS8618: 在退出构造函数时，不可为 null 的 字段 "_labelColorLabelTextBlock" 必须包含非 null 值。请考虑添加 "required" 修饰符或将该 字段 声明为可为 null。 [C:\Users\Administrator\RiderProjects\AdvancedTimeIsland\AdvancedTimeIsland.csproj::TargetFramework=net10.0]
C:\Users\Administrator\RiderProjects\AdvancedTimeIsland\Views\Main\ShengXiaoSettingsControl.cs(41,12): warning CS8618: 在退出构造函数时，不可为 null 的 字段 "_labelFontSizeLabelTextBlock" 必须包含非 null 值。请考虑添加 "required" 修饰符或将该 字段 声明为可为 null。 [C:\Users\Administrator\RiderProjects\AdvancedTimeIsland\AdvancedTimeIsland.csproj::TargetFramework=net10.0]
C:\Users\Administrator\RiderProjects\AdvancedTimeIsland\Views\Main\ShengXiaoSettingsControl.cs(41,12): warning CS8618: 在退出构造函数时，不可为 null 的 字段 "_valueTitleTextBlock" 必须包含非 null 值。请考虑添加 "required" 修饰符或将该 字段 声明为可为 null。 [C:\Users\Administrator\RiderProjects\AdvancedTimeIsland\AdvancedTimeIsland.csproj::TargetFramework=net10.0]
C:\Users\Administrator\RiderProjects\AdvancedTimeIsland\Views\Main\ShengXiaoSettingsControl.cs(41,12): warning CS8618: 在退出构造函数时，不可为 null 的 字段 "_valueColorLabelTextBlock" 必须包含非 null 值。请考虑添加 "required" 修饰符或将该 字段 声明为可为 null。 [C:\Users\Administrator\RiderProjects\AdvancedTimeIsland\AdvancedTimeIsland.csproj::TargetFramework=net10.0]
C:\Users\Administrator\RiderProjects\AdvancedTimeIsland\Views\Main\ShengXiaoSettingsControl.cs(41,12): warning CS8618: 在退出构造函数时，不可为 null 的 字段 "_valueFontSizeLabelTextBlock" 必须包含非 null 值。请考虑添加 "required" 修饰符或将该 字段 声明为可为 null。 [C:\Users\Administrator\RiderProjects\AdvancedTimeIsland\AdvancedTimeIsland.csproj::TargetFramework=net10.0]
C:\Users\Administrator\RiderProjects\AdvancedTimeIsland\Views\Main\SunriseSunsetSettingsControl.cs(553,9): warning CS8602: 解引用可能出现空引用。 [C:\Users\Administrator\RiderProjects\AdvancedTimeIsland\AdvancedTimeIsland.csproj::TargetFramework=net10.0]
C:\Users\Administrator\RiderProjects\AdvancedTimeIsland\Views\Main\SunriseSunsetSettingsControl.cs(554,9): warning CS8602: 解引用可能出现空引用。 [C:\Users\Administrator\RiderProjects\AdvancedTimeIsland\AdvancedTimeIsland.csproj::TargetFramework=net10.0]
C:\Users\Administrator\RiderProjects\AdvancedTimeIsland\Views\Main\SunriseSunsetSettingsControl.cs(555,9): warning CS8602: 解引用可能出现空引用。 [C:\Users\Administrator\RiderProjects\AdvancedTimeIsland\AdvancedTimeIsland.csproj::TargetFramework=net10.0]
C:\Users\Administrator\RiderProjects\AdvancedTimeIsland\Views\Main\SunriseSunsetSettingsControl.cs(556,9): warning CS8602: 解引用可能出现空引用。 [C:\Users\Administrator\RiderProjects\AdvancedTimeIsland\AdvancedTimeIsland.csproj::TargetFramework=net10.0]
C:\Users\Administrator\RiderProjects\AdvancedTimeIsland\Views\Main\SunriseSunsetSettingsControl.cs(557,9): warning CS8602: 解引用可能出现空引用。 [C:\Users\Administrator\RiderProjects\AdvancedTimeIsland\AdvancedTimeIsland.csproj::TargetFramework=net10.0]
C:\Users\Administrator\RiderProjects\AdvancedTimeIsland\Views\Main\SunriseSunsetSettingsControl.cs(558,9): warning CS8602: 解引用可能出现空引用。 [C:\Users\Administrator\RiderProjects\AdvancedTimeIsland\AdvancedTimeIsland.csproj::TargetFramework=net10.0]
C:\Users\Administrator\RiderProjects\AdvancedTimeIsland\Views\Main\SunriseSunsetSettingsControl.cs(559,9): warning CS8602: 解引用可能出现空引用。 [C:\Users\Administrator\RiderProjects\AdvancedTimeIsland\AdvancedTimeIsland.csproj::TargetFramework=net10.0]
C:\Users\Administrator\RiderProjects\AdvancedTimeIsland\Views\Main\SunriseSunsetSettingsControl.cs(560,9): warning CS8602: 解引用可能出现空引用。 [C:\Users\Administrator\RiderProjects\AdvancedTimeIsland\AdvancedTimeIsland.csproj::TargetFramework=net10.0]
C:\Users\Administrator\RiderProjects\AdvancedTimeIsland\Views\Main\SunriseSunsetControl.cs(33,12): warning CS8618: 在退出构造函数时，不可为 null 的 字段 "vm" 必须包含非 null 值。请考虑添加 "required" 修饰符或将该 字段 声明为可为 null。 [C:\Users\Administrator\RiderProjects\AdvancedTimeIsland\AdvancedTimeIsland.csproj::TargetFramework=net10.0]
C:\Users\Administrator\RiderProjects\AdvancedTimeIsland\Views\Main\SunriseSunsetControl.cs(33,12): warning CS8618: 在退出构造函数时，不可为 null 的 字段 "_sunriseLabel" 必须包含非 null 值。请考虑添加 "required" 修饰符或将该 字段 声明为可为 null。 [C:\Users\Administrator\RiderProjects\AdvancedTimeIsland\AdvancedTimeIsland.csproj::TargetFramework=net10.0]
C:\Users\Administrator\RiderProjects\AdvancedTimeIsland\Views\Main\SunriseSunsetControl.cs(33,12): warning CS8618: 在退出构造函数时，不可为 null 的 字段 "_sunriseTime" 必须包含非 null 值。请考虑添加 "required" 修饰符或将该 字段 声明为可为 null。 [C:\Users\Administrator\RiderProjects\AdvancedTimeIsland\AdvancedTimeIsland.csproj::TargetFramework=net10.0]
C:\Users\Administrator\RiderProjects\AdvancedTimeIsland\Views\Main\SunriseSunsetControl.cs(33,12): warning CS8618: 在退出构造函数时，不可为 null 的 字段 "_sunsetLabel" 必须包含非 null 值。请考虑添加 "required" 修饰符或将该 字段 声明为可为 null。 [C:\Users\Administrator\RiderProjects\AdvancedTimeIsland\AdvancedTimeIsland.csproj::TargetFramework=net10.0]
C:\Users\Administrator\RiderProjects\AdvancedTimeIsland\Views\Main\SunriseSunsetControl.cs(33,12): warning CS8618: 在退出构造函数时，不可为 null 的 字段 "_sunsetTime" 必须包含非 null 值。请考虑添加 "required" 修饰符或将该 字段 声明为可为 null。 [C:\Users\Administrator\RiderProjects\AdvancedTimeIsland\AdvancedTimeIsland.csproj::TargetFramework=net10.0]
C:\Users\Administrator\RiderProjects\AdvancedTimeIsland\Views\Main\SunriseSunsetControl.cs(33,12): warning CS8618: 在退出构造函数时，不可为 null 的 字段 "rootBorder" 必须包含非 null 值。请考虑添加 "required" 修饰符或将该 字段 声明为可为 null。 [C:\Users\Administrator\RiderProjects\AdvancedTimeIsland\AdvancedTimeIsland.csproj::TargetFramework=net10.0]
C:\Users\Administrator\RiderProjects\AdvancedTimeIsland\Automation\Triggers\LocalSolarHourlyTimeTriggerSettingsControl.cs(321,39): warning CS8604: “int LocalSolarHourlyTimeTriggerSettingsControl.ParseMinute(string text)”中的形参“text”可能传入 null 引用实参。 [C:\Users\Administrator\RiderProjects\AdvancedTimeIsland\AdvancedTimeIsland.csproj::TargetFramework=net10.0]
C:\Users\Administrator\RiderProjects\AdvancedTimeIsland\Automation\Triggers\LocalSolarHourlyTimeTriggerSettingsControl.cs(322,39): warning CS8604: “int LocalSolarHourlyTimeTriggerSettingsControl.ParseSecond(string text)”中的形参“text”可能传入 null 引用实参。 [C:\Users\Administrator\RiderProjects\AdvancedTimeIsland\AdvancedTimeIsland.csproj::TargetFramework=net10.0]
C:\Users\Administrator\RiderProjects\AdvancedTimeIsland\Views\Settings\TimeCalculatorPage.cs(683,9): warning CS8602: 解引用可能出现空引用。 [C:\Users\Administrator\RiderProjects\AdvancedTimeIsland\AdvancedTimeIsland.csproj::TargetFramework=net10.0]
C:\Users\Administrator\RiderProjects\AdvancedTimeIsland\Views\Settings\TimeCalculatorPage.cs(756,9): warning CS8602: 解引用可能出现空引用。 [C:\Users\Administrator\RiderProjects\AdvancedTimeIsland\AdvancedTimeIsland.csproj::TargetFramework=net10.0]
C:\Users\Administrator\RiderProjects\AdvancedTimeIsland\Views\Main\SunriseSunsetSettingsControl.cs(661,48): warning CS8604: “bool LongitudeConverter.TryParseDecimal(string input, out double result)”中的形参“input”可能传入 null 引用实参。 [C:\Users\Administrator\RiderProjects\AdvancedTimeIsland\AdvancedTimeIsland.csproj::TargetFramework=net10.0]
C:\Users\Administrator\RiderProjects\AdvancedTimeIsland\Views\Main\SunriseSunsetSettingsControl.cs(701,47): warning CS8604: “bool LatitudeConverter.TryParseDecimal(string input, out double result)”中的形参“input”可能传入 null 引用实参。 [C:\Users\Administrator\RiderProjects\AdvancedTimeIsland\AdvancedTimeIsland.csproj::TargetFramework=net10.0]
C:\Users\Administrator\RiderProjects\AdvancedTimeIsland\Views\Settings\hanfu_page_template.cs(1112,17): warning CS8602: 解引用可能出现空引用。 [C:\Users\Administrator\RiderProjects\AdvancedTimeIsland\AdvancedTimeIsland.csproj::TargetFramework=net10.0]
C:\Users\Administrator\RiderProjects\AdvancedTimeIsland\Views\Main\LunarCountdownControl.cs(302,37): warning CS8603: 可能返回 null 引用。 [C:\Users\Administrator\RiderProjects\AdvancedTimeIsland\AdvancedTimeIsland.csproj::TargetFramework=net10.0]
C:\Users\Administrator\RiderProjects\AdvancedTimeIsland\Views\Settings\hanfu_page_template.cs(1150,21): warning CS8602: 解引用可能出现空引用。 [C:\Users\Administrator\RiderProjects\AdvancedTimeIsland\AdvancedTimeIsland.csproj::TargetFramework=net10.0]
C:\Users\Administrator\RiderProjects\AdvancedTimeIsland\Views\Settings\hanfu_page_template.cs(1173,35): warning CS8670: 对象或集合初始值设定项会隐式解引用可能为 null 的成员“TextBlock.Inlines”。 [C:\Users\Administrator\RiderProjects\AdvancedTimeIsland\AdvancedTimeIsland.csproj::TargetFramework=net10.0]
C:\Users\Administrator\RiderProjects\AdvancedTimeIsland\Views\Settings\hanfu_page_template.cs(1208,17): warning CS8602: 解引用可能出现空引用。 [C:\Users\Administrator\RiderProjects\AdvancedTimeIsland\AdvancedTimeIsland.csproj::TargetFramework=net10.0]
C:\Users\Administrator\RiderProjects\AdvancedTimeIsland\Views\Settings\hanfu_page_template.cs(1214,21): warning CS8602: 解引用可能出现空引用。 [C:\Users\Administrator\RiderProjects\AdvancedTimeIsland\AdvancedTimeIsland.csproj::TargetFramework=net10.0]
C:\Users\Administrator\RiderProjects\AdvancedTimeIsland\Views\Settings\hanfu_page_template.cs(1219,13): warning CS8602: 解引用可能出现空引用。 [C:\Users\Administrator\RiderProjects\AdvancedTimeIsland\AdvancedTimeIsland.csproj::TargetFramework=net10.0]
C:\Users\Administrator\RiderProjects\AdvancedTimeIsland\Views\Main\LunarCountdownSettingsControl.cs(142,44): warning CS0618: “TextBox.Watermark”已过时:“Use PlaceholderText instead.” [C:\Users\Administrator\RiderProjects\AdvancedTimeIsland\AdvancedTimeIsland.csproj::TargetFramework=net10.0]
C:\Users\Administrator\RiderProjects\AdvancedTimeIsland\Views\Main\LocalSolarTimeSettingsControl.cs(414,48): warning CS8604: “bool LongitudeConverter.TryParseDecimal(string input, out double result)”中的形参“input”可能传入 null 引用实参。 [C:\Users\Administrator\RiderProjects\AdvancedTimeIsland\AdvancedTimeIsland.csproj::TargetFramework=net10.0]
C:\Users\Administrator\RiderProjects\AdvancedTimeIsland\Views\Main\PeriodicCountdownControl.cs(302,37): warning CS8603: 可能返回 null 引用。 [C:\Users\Administrator\RiderProjects\AdvancedTimeIsland\AdvancedTimeIsland.csproj::TargetFramework=net10.0]
C:\Users\Administrator\RiderProjects\AdvancedTimeIsland\Views\Main\NextFestivalCountdownSettingsControl.cs(376,9): warning CS8602: 解引用可能出现空引用。 [C:\Users\Administrator\RiderProjects\AdvancedTimeIsland\AdvancedTimeIsland.csproj::TargetFramework=net10.0]
C:\Users\Administrator\RiderProjects\AdvancedTimeIsland\Views\Main\NextFestivalCountdownSettingsControl.cs(377,9): warning CS8602: 解引用可能出现空引用。 [C:\Users\Administrator\RiderProjects\AdvancedTimeIsland\AdvancedTimeIsland.csproj::TargetFramework=net10.0]
C:\Users\Administrator\RiderProjects\AdvancedTimeIsland\Views\Main\NextFestivalCountdownSettingsControl.cs(378,9): warning CS8602: 解引用可能出现空引用。 [C:\Users\Administrator\RiderProjects\AdvancedTimeIsland\AdvancedTimeIsland.csproj::TargetFramework=net10.0]
C:\Users\Administrator\RiderProjects\AdvancedTimeIsland\Views\Main\NextFestivalCountdownSettingsControl.cs(379,9): warning CS8602: 解引用可能出现空引用。 [C:\Users\Administrator\RiderProjects\AdvancedTimeIsland\AdvancedTimeIsland.csproj::TargetFramework=net10.0]
C:\Users\Administrator\RiderProjects\AdvancedTimeIsland\Views\Main\NextFestivalCountdownSettingsControl.cs(380,9): warning CS8602: 解引用可能出现空引用。 [C:\Users\Administrator\RiderProjects\AdvancedTimeIsland\AdvancedTimeIsland.csproj::TargetFramework=net10.0]
C:\Users\Administrator\RiderProjects\AdvancedTimeIsland\Views\Main\NextFestivalCountdownSettingsControl.cs(381,9): warning CS8602: 解引用可能出现空引用。 [C:\Users\Administrator\RiderProjects\AdvancedTimeIsland\AdvancedTimeIsland.csproj::TargetFramework=net10.0]
C:\Users\Administrator\RiderProjects\AdvancedTimeIsland\Views\Main\NextFestivalCountdownSettingsControl.cs(382,9): warning CS8602: 解引用可能出现空引用。 [C:\Users\Administrator\RiderProjects\AdvancedTimeIsland\AdvancedTimeIsland.csproj::TargetFramework=net10.0]
C:\Users\Administrator\RiderProjects\AdvancedTimeIsland\Views\Main\NextFestivalCountdownSettingsControl.cs(383,9): warning CS8602: 解引用可能出现空引用。 [C:\Users\Administrator\RiderProjects\AdvancedTimeIsland\AdvancedTimeIsland.csproj::TargetFramework=net10.0]
C:\Users\Administrator\RiderProjects\AdvancedTimeIsland\Views\Main\PeriodicCountdownSettingsControl.cs(126,44): warning CS0618: “TextBox.Watermark”已过时:“Use PlaceholderText instead.” [C:\Users\Administrator\RiderProjects\AdvancedTimeIsland\AdvancedTimeIsland.csproj::TargetFramework=net10.0]
C:\Users\Administrator\RiderProjects\AdvancedTimeIsland\Views\Main\PeriodicCountdownSettingsControl.cs(346,33): warning CS0618: “TextBox.Watermark”已过时:“Use PlaceholderText instead.” [C:\Users\Administrator\RiderProjects\AdvancedTimeIsland\AdvancedTimeIsland.csproj::TargetFramework=net10.0]
C:\Users\Administrator\RiderProjects\AdvancedTimeIsland\Views\Settings\PluginSettingsPage.cs(1596,93): warning CS8604: “Task<object> FluentAvaloniaCompatibilityHelper.ShowContentDialogAsync(object dialog, TopLevel topLevel)”中的形参“topLevel”可能传入 null 引用实参。 [C:\Users\Administrator\RiderProjects\AdvancedTimeIsland\AdvancedTimeIsland.csproj::TargetFramework=net10.0]
C:\Users\Administrator\RiderProjects\AdvancedTimeIsland\Views\Main\PeriodicCountdownSettingsControl.cs(366,45): warning CS0618: “TextBox.Watermark”已过时:“Use PlaceholderText instead.” [C:\Users\Administrator\RiderProjects\AdvancedTimeIsland\AdvancedTimeIsland.csproj::TargetFramework=net10.0]
C:\Users\Administrator\RiderProjects\AdvancedTimeIsland\Views\Settings\PluginSettingsPage.cs(1668,74): warning CS8604: “Task<object> FluentAvaloniaCompatibilityHelper.ShowContentDialogAsync(object dialog, TopLevel topLevel)”中的形参“topLevel”可能传入 null 引用实参。 [C:\Users\Administrator\RiderProjects\AdvancedTimeIsland\AdvancedTimeIsland.csproj::TargetFramework=net10.0]
C:\Users\Administrator\RiderProjects\AdvancedTimeIsland\Views\Main\CountdownSettingsControl.cs(1341,53): warning CS0618: “TextBox.Watermark”已过时:“Use PlaceholderText instead.” [C:\Users\Administrator\RiderProjects\AdvancedTimeIsland\AdvancedTimeIsland.csproj::TargetFramework=net10.0]
C:\Users\Administrator\RiderProjects\AdvancedTimeIsland\Views\Main\CountdownSettingsControl.cs(1455,80): warning CS8604: “Task<object> FluentAvaloniaCompatibilityHelper.ShowContentDialogAsync(object dialog, TopLevel topLevel)”中的形参“topLevel”可能传入 null 引用实参。 [C:\Users\Administrator\RiderProjects\AdvancedTimeIsland\AdvancedTimeIsland.csproj::TargetFramework=net10.0]
C:\Users\Administrator\RiderProjects\AdvancedTimeIsland\Views\Settings\hanfu_page_template.cs(1413,55): warning CS8604: “Control? HanfuPageTemplate.CreateImageControl(string url)”中的形参“url”可能传入 null 引用实参。 [C:\Users\Administrator\RiderProjects\AdvancedTimeIsland\AdvancedTimeIsland.csproj::TargetFramework=net10.0]
C:\Users\Administrator\RiderProjects\AdvancedTimeIsland\Views\Settings\hanfu_page_template.cs(1429,45): warning CS8604: “string HanfuPageTemplate.NormalizeRouteUrl(string url)”中的形参“url”可能传入 null 引用实参。 [C:\Users\Administrator\RiderProjects\AdvancedTimeIsland\AdvancedTimeIsland.csproj::TargetFramework=net10.0]
C:\Users\Administrator\RiderProjects\AdvancedTimeIsland\Views\Settings\hanfu_page_template.cs(1430,54): warning CS8604: “Span HanfuPageTemplate.CreateHyperlink(string url, string displayText, TextBlock? parentTextBlock = null)”中的形参“displayText”可能传入 null 引用实参。 [C:\Users\Administrator\RiderProjects\AdvancedTimeIsland\AdvancedTimeIsland.csproj::TargetFramework=net10.0]
C:\Users\Administrator\RiderProjects\AdvancedTimeIsland\Views\Settings\hanfu_page_template.cs(1598,13): warning CS4014: 由于此调用不会等待，因此在此调用完成之前将会继续执行当前方法。请考虑将 "await" 运算符应用于调用结果。 [C:\Users\Administrator\RiderProjects\AdvancedTimeIsland\AdvancedTimeIsland.csproj::TargetFramework=net10.0]
C:\Users\Administrator\RiderProjects\AdvancedTimeIsland\Views\Settings\hanfu_page_template.cs(1602,32): warning CS8600: 将 null 文本或可能的 null 值转换为不可为 null 类型。 [C:\Users\Administrator\RiderProjects\AdvancedTimeIsland\AdvancedTimeIsland.csproj::TargetFramework=net10.0]
C:\Users\Administrator\RiderProjects\AdvancedTimeIsland\Views\Main\PeriodicCountdownSettingsControl.cs(577,9): warning CS8602: 解引用可能出现空引用。 [C:\Users\Administrator\RiderProjects\AdvancedTimeIsland\AdvancedTimeIsland.csproj::TargetFramework=net10.0]
C:\Users\Administrator\RiderProjects\AdvancedTimeIsland\Views\Main\PeriodicCountdownSettingsControl.cs(578,9): warning CS8602: 解引用可能出现空引用。 [C:\Users\Administrator\RiderProjects\AdvancedTimeIsland\AdvancedTimeIsland.csproj::TargetFramework=net10.0]
C:\Users\Administrator\RiderProjects\AdvancedTimeIsland\Views\Main\PeriodicCountdownSettingsControl.cs(579,9): warning CS8602: 解引用可能出现空引用。 [C:\Users\Administrator\RiderProjects\AdvancedTimeIsland\AdvancedTimeIsland.csproj::TargetFramework=net10.0]
C:\Users\Administrator\RiderProjects\AdvancedTimeIsland\Views\Main\PeriodicCountdownSettingsControl.cs(580,9): warning CS8602: 解引用可能出现空引用。 [C:\Users\Administrator\RiderProjects\AdvancedTimeIsland\AdvancedTimeIsland.csproj::TargetFramework=net10.0]
C:\Users\Administrator\RiderProjects\AdvancedTimeIsland\Views\Main\PeriodicCountdownSettingsControl.cs(581,9): warning CS8602: 解引用可能出现空引用。 [C:\Users\Administrator\RiderProjects\AdvancedTimeIsland\AdvancedTimeIsland.csproj::TargetFramework=net10.0]
C:\Users\Administrator\RiderProjects\AdvancedTimeIsland\Views\Main\PeriodicCountdownSettingsControl.cs(582,9): warning CS8602: 解引用可能出现空引用。 [C:\Users\Administrator\RiderProjects\AdvancedTimeIsland\AdvancedTimeIsland.csproj::TargetFramework=net10.0]
C:\Users\Administrator\RiderProjects\AdvancedTimeIsland\Views\Main\PeriodicCountdownSettingsControl.cs(583,9): warning CS8602: 解引用可能出现空引用。 [C:\Users\Administrator\RiderProjects\AdvancedTimeIsland\AdvancedTimeIsland.csproj::TargetFramework=net10.0]
C:\Users\Administrator\RiderProjects\AdvancedTimeIsland\Views\Main\PeriodicCountdownSettingsControl.cs(584,9): warning CS8602: 解引用可能出现空引用。 [C:\Users\Administrator\RiderProjects\AdvancedTimeIsland\AdvancedTimeIsland.csproj::TargetFramework=net10.0]
C:\Users\Administrator\RiderProjects\AdvancedTimeIsland\Views\Main\PeriodicCountdownSettingsControl.cs(585,9): warning CS8602: 解引用可能出现空引用。 [C:\Users\Administrator\RiderProjects\AdvancedTimeIsland\AdvancedTimeIsland.csproj::TargetFramework=net10.0]
C:\Users\Administrator\RiderProjects\AdvancedTimeIsland\Views\Main\PeriodicCountdownSettingsControl.cs(586,9): warning CS8602: 解引用可能出现空引用。 [C:\Users\Administrator\RiderProjects\AdvancedTimeIsland\AdvancedTimeIsland.csproj::TargetFramework=net10.0]
C:\Users\Administrator\RiderProjects\AdvancedTimeIsland\Views\Main\PeriodicCountdownSettingsControl.cs(595,9): warning CS8602: 解引用可能出现空引用。 [C:\Users\Administrator\RiderProjects\AdvancedTimeIsland\AdvancedTimeIsland.csproj::TargetFramework=net10.0]
C:\Users\Administrator\RiderProjects\AdvancedTimeIsland\Views\Main\PeriodicCountdownSettingsControl.cs(596,9): warning CS8602: 解引用可能出现空引用。 [C:\Users\Administrator\RiderProjects\AdvancedTimeIsland\AdvancedTimeIsland.csproj::TargetFramework=net10.0]
C:\Users\Administrator\RiderProjects\AdvancedTimeIsland\Views\Main\LunarCountdownSettingsControl.cs(473,60): warning CS0618: “TextBox.Watermark”已过时:“Use PlaceholderText instead.” [C:\Users\Administrator\RiderProjects\AdvancedTimeIsland\AdvancedTimeIsland.csproj::TargetFramework=net10.0]
C:\Users\Administrator\RiderProjects\AdvancedTimeIsland\Views\Settings\hanfu_page_template.cs(1828,54): warning CS8604: “InlineUIContainer? HanfuPageTemplate.CreateInlineImage(string url)”中的形参“url”可能传入 null 引用实参。 [C:\Users\Administrator\RiderProjects\AdvancedTimeIsland\AdvancedTimeIsland.csproj::TargetFramework=net10.0]
C:\Users\Administrator\RiderProjects\AdvancedTimeIsland\Views\Settings\hanfu_page_template.cs(1848,45): warning CS8604: “string HanfuPageTemplate.NormalizeRouteUrl(string url)”中的形参“url”可能传入 null 引用实参。 [C:\Users\Administrator\RiderProjects\AdvancedTimeIsland\AdvancedTimeIsland.csproj::TargetFramework=net10.0]
C:\Users\Administrator\RiderProjects\AdvancedTimeIsland\Views\Settings\hanfu_page_template.cs(1849,54): warning CS8604: “Span HanfuPageTemplate.CreateHyperlink(string url, string displayText, TextBlock? parentTextBlock = null)”中的形参“displayText”可能传入 null 引用实参。 [C:\Users\Administrator\RiderProjects\AdvancedTimeIsland\AdvancedTimeIsland.csproj::TargetFramework=net10.0]
C:\Users\Administrator\RiderProjects\AdvancedTimeIsland\Views\Main\LunarCountdownSettingsControl.cs(634,13): warning CS8602: 解引用可能出现空引用。 [C:\Users\Administrator\RiderProjects\AdvancedTimeIsland\AdvancedTimeIsland.csproj::TargetFramework=net10.0]
C:\Users\Administrator\RiderProjects\AdvancedTimeIsland\Views\Main\LunarCountdownSettingsControl.cs(635,13): warning CS8602: 解引用可能出现空引用。 [C:\Users\Administrator\RiderProjects\AdvancedTimeIsland\AdvancedTimeIsland.csproj::TargetFramework=net10.0]
C:\Users\Administrator\RiderProjects\AdvancedTimeIsland\Views\Main\LunarCountdownSettingsControl.cs(636,13): warning CS8602: 解引用可能出现空引用。 [C:\Users\Administrator\RiderProjects\AdvancedTimeIsland\AdvancedTimeIsland.csproj::TargetFramework=net10.0]
C:\Users\Administrator\RiderProjects\AdvancedTimeIsland\Views\Main\LunarCountdownSettingsControl.cs(637,13): warning CS8602: 解引用可能出现空引用。 [C:\Users\Administrator\RiderProjects\AdvancedTimeIsland\AdvancedTimeIsland.csproj::TargetFramework=net10.0]
C:\Users\Administrator\RiderProjects\AdvancedTimeIsland\Views\Main\LunarCountdownSettingsControl.cs(638,13): warning CS8602: 解引用可能出现空引用。 [C:\Users\Administrator\RiderProjects\AdvancedTimeIsland\AdvancedTimeIsland.csproj::TargetFramework=net10.0]
C:\Users\Administrator\RiderProjects\AdvancedTimeIsland\Views\Main\LunarCountdownSettingsControl.cs(639,13): warning CS8602: 解引用可能出现空引用。 [C:\Users\Administrator\RiderProjects\AdvancedTimeIsland\AdvancedTimeIsland.csproj::TargetFramework=net10.0]
C:\Users\Administrator\RiderProjects\AdvancedTimeIsland\Views\Main\LunarCountdownSettingsControl.cs(768,33): warning CS0618: “TextBox.Watermark”已过时:“Use PlaceholderText instead.” [C:\Users\Administrator\RiderProjects\AdvancedTimeIsland\AdvancedTimeIsland.csproj::TargetFramework=net10.0]
C:\Users\Administrator\RiderProjects\AdvancedTimeIsland\Views\Settings\hanfu_page_template.cs(2523,29): warning CS8602: 解引用可能出现空引用。 [C:\Users\Administrator\RiderProjects\AdvancedTimeIsland\AdvancedTimeIsland.csproj::TargetFramework=net10.0]
C:\Users\Administrator\RiderProjects\AdvancedTimeIsland\Views\Settings\hanfu_page_template.cs(2525,29): warning CS8602: 解引用可能出现空引用。 [C:\Users\Administrator\RiderProjects\AdvancedTimeIsland\AdvancedTimeIsland.csproj::TargetFramework=net10.0]
C:\Users\Administrator\RiderProjects\AdvancedTimeIsland\Views\Settings\hanfu_page_template.cs(2542,21): warning CS8602: 解引用可能出现空引用。 [C:\Users\Administrator\RiderProjects\AdvancedTimeIsland\AdvancedTimeIsland.csproj::TargetFramework=net10.0]
C:\Users\Administrator\RiderProjects\AdvancedTimeIsland\Views\Settings\hanfu_page_template.cs(2570,13): warning CS8602: 解引用可能出现空引用。 [C:\Users\Administrator\RiderProjects\AdvancedTimeIsland\AdvancedTimeIsland.csproj::TargetFramework=net10.0]
C:\Users\Administrator\RiderProjects\AdvancedTimeIsland\Views\Main\PeriodicCountdownSettingsControl.cs(1116,78): warning CS8604: “Task<object> FluentAvaloniaCompatibilityHelper.ShowContentDialogAsync(object dialog, TopLevel topLevel)”中的形参“topLevel”可能传入 null 引用实参。 [C:\Users\Administrator\RiderProjects\AdvancedTimeIsland\AdvancedTimeIsland.csproj::TargetFramework=net10.0]
C:\Users\Administrator\RiderProjects\AdvancedTimeIsland\Views\Settings\hanfu_page_template.cs(2830,39): warning CS8629: 可为 null 的值类型可为 null。 [C:\Users\Administrator\RiderProjects\AdvancedTimeIsland\AdvancedTimeIsland.csproj::TargetFramework=net10.0]
C:\Users\Administrator\RiderProjects\AdvancedTimeIsland\Views\Settings\hanfu_page_template.cs(2841,40): warning CS8629: 可为 null 的值类型可为 null。 [C:\Users\Administrator\RiderProjects\AdvancedTimeIsland\AdvancedTimeIsland.csproj::TargetFramework=net10.0]
C:\Users\Administrator\RiderProjects\AdvancedTimeIsland\Views\Main\LunarCountdownSettingsControl.cs(1070,9): warning CS8602: 解引用可能出现空引用。 [C:\Users\Administrator\RiderProjects\AdvancedTimeIsland\AdvancedTimeIsland.csproj::TargetFramework=net10.0]
C:\Users\Administrator\RiderProjects\AdvancedTimeIsland\Views\Main\LunarCountdownSettingsControl.cs(1071,9): warning CS8602: 解引用可能出现空引用。 [C:\Users\Administrator\RiderProjects\AdvancedTimeIsland\AdvancedTimeIsland.csproj::TargetFramework=net10.0]
C:\Users\Administrator\RiderProjects\AdvancedTimeIsland\Views\Main\LunarCountdownSettingsControl.cs(1072,9): warning CS8602: 解引用可能出现空引用。 [C:\Users\Administrator\RiderProjects\AdvancedTimeIsland\AdvancedTimeIsland.csproj::TargetFramework=net10.0]
C:\Users\Administrator\RiderProjects\AdvancedTimeIsland\Views\Main\LunarCountdownSettingsControl.cs(1073,9): warning CS8602: 解引用可能出现空引用。 [C:\Users\Administrator\RiderProjects\AdvancedTimeIsland\AdvancedTimeIsland.csproj::TargetFramework=net10.0]
C:\Users\Administrator\RiderProjects\AdvancedTimeIsland\Views\Main\LunarCountdownSettingsControl.cs(1074,9): warning CS8602: 解引用可能出现空引用。 [C:\Users\Administrator\RiderProjects\AdvancedTimeIsland\AdvancedTimeIsland.csproj::TargetFramework=net10.0]
C:\Users\Administrator\RiderProjects\AdvancedTimeIsland\Views\Main\LunarCountdownSettingsControl.cs(1075,9): warning CS8602: 解引用可能出现空引用。 [C:\Users\Administrator\RiderProjects\AdvancedTimeIsland\AdvancedTimeIsland.csproj::TargetFramework=net10.0]
C:\Users\Administrator\RiderProjects\AdvancedTimeIsland\Views\Main\LunarCountdownSettingsControl.cs(1076,9): warning CS8602: 解引用可能出现空引用。 [C:\Users\Administrator\RiderProjects\AdvancedTimeIsland\AdvancedTimeIsland.csproj::TargetFramework=net10.0]
C:\Users\Administrator\RiderProjects\AdvancedTimeIsland\Views\Main\LunarCountdownSettingsControl.cs(1077,9): warning CS8602: 解引用可能出现空引用。 [C:\Users\Administrator\RiderProjects\AdvancedTimeIsland\AdvancedTimeIsland.csproj::TargetFramework=net10.0]
C:\Users\Administrator\RiderProjects\AdvancedTimeIsland\Views\Main\LunarCountdownSettingsControl.cs(1078,9): warning CS8602: 解引用可能出现空引用。 [C:\Users\Administrator\RiderProjects\AdvancedTimeIsland\AdvancedTimeIsland.csproj::TargetFramework=net10.0]
C:\Users\Administrator\RiderProjects\AdvancedTimeIsland\Views\Main\LunarCountdownSettingsControl.cs(1079,9): warning CS8602: 解引用可能出现空引用。 [C:\Users\Administrator\RiderProjects\AdvancedTimeIsland\AdvancedTimeIsland.csproj::TargetFramework=net10.0]
C:\Users\Administrator\RiderProjects\AdvancedTimeIsland\Views\Main\LunarCountdownSettingsControl.cs(1088,9): warning CS8602: 解引用可能出现空引用。 [C:\Users\Administrator\RiderProjects\AdvancedTimeIsland\AdvancedTimeIsland.csproj::TargetFramework=net10.0]
C:\Users\Administrator\RiderProjects\AdvancedTimeIsland\Views\Main\LunarCountdownSettingsControl.cs(1089,9): warning CS8602: 解引用可能出现空引用。 [C:\Users\Administrator\RiderProjects\AdvancedTimeIsland\AdvancedTimeIsland.csproj::TargetFramework=net10.0]
C:\Users\Administrator\RiderProjects\AdvancedTimeIsland\Views\Main\LunarCountdownSettingsControl.cs(1145,9): warning CS8602: 解引用可能出现空引用。 [C:\Users\Administrator\RiderProjects\AdvancedTimeIsland\AdvancedTimeIsland.csproj::TargetFramework=net10.0]
C:\Users\Administrator\RiderProjects\AdvancedTimeIsland\Views\Main\LunarCountdownSettingsControl.cs(1146,9): warning CS8602: 解引用可能出现空引用。 [C:\Users\Administrator\RiderProjects\AdvancedTimeIsland\AdvancedTimeIsland.csproj::TargetFramework=net10.0]
C:\Users\Administrator\RiderProjects\AdvancedTimeIsland\Views\Main\LunarCountdownSettingsControl.cs(1147,9): warning CS8602: 解引用可能出现空引用。 [C:\Users\Administrator\RiderProjects\AdvancedTimeIsland\AdvancedTimeIsland.csproj::TargetFramework=net10.0]
C:\Users\Administrator\RiderProjects\AdvancedTimeIsland\Views\Main\LunarCountdownSettingsControl.cs(1148,9): warning CS8602: 解引用可能出现空引用。 [C:\Users\Administrator\RiderProjects\AdvancedTimeIsland\AdvancedTimeIsland.csproj::TargetFramework=net10.0]
C:\Users\Administrator\RiderProjects\AdvancedTimeIsland\Views\Main\LunarCountdownSettingsControl.cs(1149,9): warning CS8602: 解引用可能出现空引用。 [C:\Users\Administrator\RiderProjects\AdvancedTimeIsland\AdvancedTimeIsland.csproj::TargetFramework=net10.0]
C:\Users\Administrator\RiderProjects\AdvancedTimeIsland\Views\Main\LunarCountdownSettingsControl.cs(1150,9): warning CS8602: 解引用可能出现空引用。 [C:\Users\Administrator\RiderProjects\AdvancedTimeIsland\AdvancedTimeIsland.csproj::TargetFramework=net10.0]
C:\Users\Administrator\RiderProjects\AdvancedTimeIsland\Views\Main\LunarCountdownSettingsControl.cs(1151,9): warning CS8602: 解引用可能出现空引用。 [C:\Users\Administrator\RiderProjects\AdvancedTimeIsland\AdvancedTimeIsland.csproj::TargetFramework=net10.0]
C:\Users\Administrator\RiderProjects\AdvancedTimeIsland\Views\Main\LunarCountdownSettingsControl.cs(1152,9): warning CS8602: 解引用可能出现空引用。 [C:\Users\Administrator\RiderProjects\AdvancedTimeIsland\AdvancedTimeIsland.csproj::TargetFramework=net10.0]
C:\Users\Administrator\RiderProjects\AdvancedTimeIsland\Views\Main\LunarCountdownSettingsControl.cs(1153,9): warning CS8602: 解引用可能出现空引用。 [C:\Users\Administrator\RiderProjects\AdvancedTimeIsland\AdvancedTimeIsland.csproj::TargetFramework=net10.0]
C:\Users\Administrator\RiderProjects\AdvancedTimeIsland\Views\Main\LunarCountdownSettingsControl.cs(1154,9): warning CS8602: 解引用可能出现空引用。 [C:\Users\Administrator\RiderProjects\AdvancedTimeIsland\AdvancedTimeIsland.csproj::TargetFramework=net10.0]
C:\Users\Administrator\RiderProjects\AdvancedTimeIsland\Views\Settings\hanfu_page_template.cs(2937,32): warning CS8600: 将 null 文本或可能的 null 值转换为不可为 null 类型。 [C:\Users\Administrator\RiderProjects\AdvancedTimeIsland\AdvancedTimeIsland.csproj::TargetFramework=net10.0]
C:\Users\Administrator\RiderProjects\AdvancedTimeIsland\Views\Settings\hanfu_page_template.cs(3053,28): warning CS8600: 将 null 文本或可能的 null 值转换为不可为 null 类型。 [C:\Users\Administrator\RiderProjects\AdvancedTimeIsland\AdvancedTimeIsland.csproj::TargetFramework=net10.0]
C:\Users\Administrator\RiderProjects\AdvancedTimeIsland\Views\Main\LunarCountdownSettingsControl.cs(1698,58): warning CS0618: “TextBox.Watermark”已过时:“Use PlaceholderText instead.” [C:\Users\Administrator\RiderProjects\AdvancedTimeIsland\AdvancedTimeIsland.csproj::TargetFramework=net10.0]
C:\Users\Administrator\RiderProjects\AdvancedTimeIsland\Views\Main\LunarCountdownSettingsControl.cs(1932,78): warning CS8604: “Task<object> FluentAvaloniaCompatibilityHelper.ShowContentDialogAsync(object dialog, TopLevel topLevel)”中的形参“topLevel”可能传入 null 引用实参。 [C:\Users\Administrator\RiderProjects\AdvancedTimeIsland\AdvancedTimeIsland.csproj::TargetFramework=net10.0]
C:\Users\Administrator\RiderProjects\AdvancedTimeIsland\Views\Settings\AboutPage.cs(57,30): warning CS0649: 从未对字段“AboutPage._infoRowLabelTextBlocks”赋值，字段将一直保持其默认值 null [C:\Users\Administrator\RiderProjects\AdvancedTimeIsland\AdvancedTimeIsland.csproj::TargetFramework=net10.0]
C:\Users\Administrator\RiderProjects\AdvancedTimeIsland\Views\Settings\AboutPage.cs(58,30): warning CS0649: 从未对字段“AboutPage._infoRowValueTextBlocks”赋值，字段将一直保持其默认值 null [C:\Users\Administrator\RiderProjects\AdvancedTimeIsland\AdvancedTimeIsland.csproj::TargetFramework=net10.0]
C:\Users\Administrator\RiderProjects\AdvancedTimeIsland\Views\Settings\GlossaryPage.cs(22,27): warning CS0649: 从未对字段“GlossaryPage._separatorBorders”赋值，字段将一直保持其默认值 null [C:\Users\Administrator\RiderProjects\AdvancedTimeIsland\AdvancedTimeIsland.csproj::TargetFramework=net10.0]
C:\Users\Administrator\RiderProjects\AdvancedTimeIsland\Views\Main\AdvancedDateControl.cs(29,18): warning CS0414: 字段“AdvancedDateControl._isDisposed”已被赋值，但从未使用过它的值 [C:\Users\Administrator\RiderProjects\AdvancedTimeIsland\AdvancedTimeIsland.csproj::TargetFramework=net10.0]
C:\Users\Administrator\RiderProjects\AdvancedTimeIsland\Views\Main\SunriseSunsetControl.cs(31,18): warning CS0414: 字段“SunriseSunsetControl._isDisposed”已被赋值，但从未使用过它的值 [C:\Users\Administrator\RiderProjects\AdvancedTimeIsland\AdvancedTimeIsland.csproj::TargetFramework=net10.0]
C:\Users\Administrator\RiderProjects\AdvancedTimeIsland\Helpers\CrossPluginHelper.cs(71,32): warning CA1416: 可在所有平台上访问此调用站点。"EventWaitHandle.OpenExisting(string)" 仅在 'windows' 上受支持。 (https://learn.microsoft.com/dotnet/fundamentals/code-analysis/quality-rules/ca1416) [C:\Users\Administrator\RiderProjects\AdvancedTimeIsland\AdvancedTimeIsland.csproj::TargetFramework=net10.0]
C:\Program Files\dotnet\sdk\10.0.400\Sdks\Microsoft.NET.Sdk\targets\Microsoft.PackageDependencyResolution.targets(266,5): error NETSDK1005: 资产文件“C:\Users\Administrator\RiderProjects\AdvancedTimeIsland\obj\project.assets.json”没有“net8.0”的目标。确保已运行还原，且“net8.0”已包含在项目的 TargetFrameworks 中。 [C:\Users\Administrator\RiderProjects\AdvancedTimeIsland\AdvancedTimeIsland.csproj::TargetFramework=net8.0]
    979 个警告
    1 个错误

已用时间 00:00:08.72
